iter,timesteps,wall_s,sps,ep_mean_score,ep_max_score,ep_mean_return,policy_loss,value_loss,entropy,lr
1,32768,0.34,97414,0.0000,0,5.7303,0.024214,0.862678,0.049524,3.000000e-04
2,65536,0.67,97241,0.0108,1,24.3006,0.042396,0.765485,0.048089,2.933333e-04
3,98304,1.01,96920,0.0064,1,29.2252,0.000780,0.858916,0.044594,2.866667e-04
4,131072,1.40,93680,0.0132,1,30.1044,-0.015254,0.888640,0.039825,2.800000e-04
5,163840,1.74,94113,0.0208,1,31.4744,-0.005326,0.940236,0.043361,2.733333e-04
6,196608,2.09,93994,0.0223,1,32.2922,0.014890,0.865271,0.031820,2.666667e-04
7,229376,2.43,94416,0.0263,1,33.3363,-0.011897,1.028452,0.040149,2.600000e-04
8,262144,2.77,94807,0.0393,1,34.0830,0.001560,1.031125,0.044498,2.533333e-04
9,294912,3.11,94904,0.0528,1,34.9809,0.016568,1.003718,0.041762,2.466667e-04
10,327680,3.45,94994,0.0668,2,35.5356,-0.030454,1.145978,0.031449,2.400000e-04
11,360448,3.80,94843,0.0804,2,36.0587,0.015315,1.060020,0.035751,2.333333e-04
12,393216,4.13,95100,0.0943,2,36.6168,-0.012611,1.386042,0.030285,2.266667e-04
13,425984,4.47,95216,0.1300,2,37.5837,0.037132,1.271492,0.042369,2.200000e-04
14,458752,4.81,95329,0.1427,2,37.8909,0.014128,1.220723,0.037206,2.133333e-04
15,491520,5.15,95466,0.1609,2,38.3664,0.002367,1.594052,0.030322,2.066667e-04
16,524288,5.50,95320,0.1811,3,38.9441,-0.017891,1.492500,0.029446,2.000000e-04
17,557056,5.84,95370,0.2020,4,40.4988,0.012367,1.344808,0.030845,1.933333e-04
18,589824,6.17,95532,0.2180,4,41.1084,-0.018364,1.376862,0.040548,1.866667e-04
19,622592,6.52,95559,0.2410,4,41.8161,-0.008614,1.390893,0.034300,1.800000e-04
20,655360,6.85,95608,0.2640,4,42.7378,-0.019878,1.223732,0.028011,1.733333e-04
21,688128,7.27,94622,0.2830,4,43.2719,0.035204,1.058443,0.023984,1.666667e-04
22,720896,7.61,94722,0.2960,4,43.7209,0.017838,1.106997,0.029901,1.600000e-04
23,753664,7.95,94819,0.3140,4,44.1814,0.006113,1.211378,0.031680,1.533333e-04
24,786432,8.29,94911,0.3290,4,44.7390,-0.018002,1.283153,0.029922,1.466667e-04
25,819200,8.62,94992,0.3400,4,44.8362,0.020322,1.368847,0.031094,1.400000e-04
26,851968,8.97,94930,0.3590,4,45.4070,0.049021,1.078184,0.031191,1.333333e-04
27,884736,9.32,94966,0.3690,4,45.6911,-0.011044,1.638407,0.029539,1.266667e-04
28,917504,9.66,95005,0.3950,5,46.3787,0.045267,1.544653,0.032546,1.200000e-04
29,950272,9.99,95075,0.3920,5,46.3846,0.034426,1.235976,0.026180,1.133333e-04
30,983040,10.34,95105,0.3910,5,46.4768,-0.040285,1.574435,0.031778,1.066667e-04
31,1015808,10.77,94356,0.4060,5,46.9567,0.013129,1.689459,0.031323,1.000000e-04
32,1048576,11.11,94379,0.4060,5,47.0016,0.022431,1.272777,0.032935,9.333333e-05
33,1081344,11.45,94422,0.4210,5,47.2587,-0.018829,1.814309,0.035318,8.666667e-05
34,1114112,11.79,94479,0.4270,5,47.4458,0.037911,1.245262,0.030894,8.000000e-05
35,1146880,12.13,94534,0.4370,5,47.5688,-0.017950,1.816672,0.027888,7.333333e-05
36,1179648,12.56,93909,0.4470,5,47.7140,-0.027370,1.863516,0.026002,6.666667e-05
37,1212416,12.90,93983,0.4660,5,48.0783,0.011858,1.717760,0.025021,6.000000e-05
38,1245184,13.24,94049,0.4900,5,48.6500,0.030190,2.399106,0.025033,5.333333e-05
39,1277952,13.58,94106,0.5160,5,49.1738,-0.010702,1.757636,0.026814,4.666667e-05
40,1310720,13.92,94165,0.5470,5,49.7208,-0.019144,2.309150,0.026047,4.000000e-05
41,1343488,14.40,93286,0.5680,5,49.8435,0.007795,2.470536,0.030818,3.333333e-05
42,1376256,14.74,93377,0.6100,5,50.6943,-0.052375,3.162217,0.027894,2.666667e-05
43,1409024,15.08,93447,0.6330,5,51.1661,-0.016476,1.922616,0.031136,2.000000e-05
44,1441792,15.42,93513,0.6510,6,51.4597,-0.004706,2.429905,0.027913,1.333333e-05
45,1474560,15.76,93580,0.6640,6,51.7094,-0.033899,2.251138,0.030172,6.666667e-06
1,32768,0.33,99054,0.0000,0,4.0295,0.030310,0.908044,0.043814,3.000000e-04
2,65536,0.66,99738,0.0476,1,24.7916,0.070137,0.859710,0.041329,2.980263e-04
3,98304,0.98,99950,0.0503,1,29.7337,-0.032359,0.964909,0.045847,2.960526e-04
4,131072,1.31,99809,0.0500,1,30.9753,-0.013448,0.918764,0.043299,2.940789e-04
5,163840,1.64,99921,0.0517,1,32.9478,-0.052382,0.977935,0.042749,2.921053e-04
6,196608,1.97,99976,0.0575,1,33.3647,0.001025,0.978359,0.040046,2.901316e-04
7,229376,2.31,99508,0.0735,1,34.1891,0.016923,0.972554,0.047984,2.881579e-04
8,262144,2.63,99651,0.0784,1,34.4476,0.024245,0.994930,0.035237,2.861842e-04
9,294912,2.96,99646,0.1058,1,35.2802,-0.025165,1.295455,0.043458,2.842105e-04
10,327680,3.28,99767,0.1272,2,36.0056,0.023605,1.110224,0.027425,2.822368e-04
11,360448,3.63,99376,0.1386,2,36.3606,-0.003652,1.132962,0.037600,2.802632e-04
12,393216,3.95,99461,0.1583,2,37.0087,-0.052875,1.430979,0.033929,2.782895e-04
13,425984,4.28,99471,0.1778,2,37.7422,0.019502,1.541937,0.034717,2.763158e-04
14,458752,4.61,99494,0.2038,4,38.3170,0.057701,1.367936,0.040495,2.743421e-04
15,491520,4.94,99580,0.2383,4,39.1858,0.007561,2.393197,0.036911,2.723684e-04
16,524288,5.26,99602,0.2787,5,40.1745,-0.006904,2.589170,0.028964,2.703947e-04
17,557056,5.59,99669,0.3290,6,41.4831,0.004069,2.391012,0.038340,2.684211e-04
18,589824,5.92,99667,0.3990,8,43.6619,0.005670,2.324282,0.034926,2.664474e-04
19,622592,6.24,99718,0.4640,8,45.2377,0.029441,2.660731,0.035168,2.644737e-04
20,655360,6.57,99715,0.5130,8,46.3522,-0.013036,2.522955,0.036870,2.625000e-04
21,688128,6.91,99578,0.5920,8,48.2887,0.100762,2.100576,0.033361,2.605263e-04
22,720896,7.24,99580,0.6690,13,49.9066,0.015446,2.998884,0.030410,2.585526e-04
23,753664,7.57,99615,0.7320,13,51.0731,0.083336,2.460561,0.039437,2.565789e-04
24,786432,7.90,99608,0.7670,13,51.9555,-0.009207,3.992379,0.035909,2.546053e-04
25,819200,8.22,99647,0.8630,13,53.9441,-0.031780,4.426566,0.041876,2.526316e-04
26,851968,8.55,99648,1.0160,15,57.0728,0.005098,3.051861,0.031849,2.506579e-04
27,884736,8.88,99684,1.0810,15,58.4702,0.026311,3.580642,0.025164,2.486842e-04
28,917504,9.20,99682,1.1850,21,60.7560,0.048167,3.408295,0.029033,2.467105e-04
29,950272,9.53,99699,1.2940,21,63.0666,0.000170,3.770150,0.031223,2.447368e-04
30,983040,9.86,99685,1.4080,21,65.3454,0.022916,4.380858,0.039377,2.427632e-04
31,1015808,10.28,98809,1.5030,21,67.1209,-0.016067,4.540393,0.031619,2.407895e-04
32,1048576,10.61,98861,1.6430,21,69.9334,0.033072,4.222768,0.022301,2.388158e-04
33,1081344,10.94,98875,1.7280,21,71.4267,0.003239,3.848747,0.025460,2.368421e-04
34,1114112,11.26,98901,1.7900,21,72.7495,0.003478,4.614538,0.030335,2.348684e-04
35,1146880,11.59,98950,1.9330,29,75.5167,0.019583,4.804131,0.022012,2.328947e-04
36,1179648,11.92,98988,2.0310,29,77.3743,-0.043631,5.601909,0.040171,2.309211e-04
37,1212416,12.25,99000,2.2240,31,81.1383,-0.035449,5.468522,0.030891,2.289474e-04
38,1245184,12.57,99040,2.3290,31,83.2574,-0.012399,4.459277,0.027985,2.269737e-04
39,1277952,12.90,99073,2.3940,31,84.2925,-0.045228,5.271359,0.021349,2.250000e-04
40,1310720,13.23,99084,2.5300,31,86.7860,-0.007145,4.858706,0.035131,2.230263e-04
41,1343488,13.64,98465,2.6240,31,88.5149,-0.010070,4.926965,0.026109,2.210526e-04
42,1376256,13.97,98481,2.7610,31,91.2874,-0.032192,4.854630,0.030423,2.190789e-04
43,1409024,14.30,98515,2.9260,31,94.5593,-0.008023,4.856891,0.024018,2.171053e-04
44,1441792,14.63,98549,3.0180,31,96.5035,0.028082,4.825896,0.025902,2.151316e-04
45,1474560,14.96,98564,3.1580,31,99.2050,0.038890,4.433294,0.029029,2.131579e-04
46,1507328,15.29,98608,3.2900,31,101.8712,-0.001491,4.863329,0.028098,2.111842e-04
47,1540096,15.61,98646,3.3530,31,103.1313,0.028039,5.049050,0.028518,2.092105e-04
48,1572864,15.94,98682,3.5130,51,106.3869,-0.008853,5.091370,0.025421,2.072368e-04
49,1605632,16.27,98695,3.6980,51,110.2128,-0.065031,5.422461,0.026911,2.052632e-04
50,1638400,16.59,98732,3.8080,51,112.4618,0.016718,4.312055,0.027651,2.032895e-04
51,1671168,16.93,98695,3.8570,51,113.3422,0.056627,4.829943,0.030265,2.013158e-04
52,1703936,17.26,98713,3.9220,51,114.7495,0.005034,4.567814,0.024269,1.993421e-04
53,1736704,17.59,98746,4.0280,51,117.0020,0.051650,4.538367,0.031518,1.973684e-04
54,1769472,17.91,98777,4.1170,51,118.8475,-0.019705,4.744502,0.026478,1.953947e-04
55,1802240,18.24,98788,4.2370,51,121.2031,0.029295,3.719309,0.023011,1.934211e-04
56,1835008,18.57,98819,4.3120,51,122.9020,-0.009852,4.315319,0.027720,1.914474e-04
57,1867776,18.90,98826,4.3620,51,123.9371,-0.023351,5.073240,0.028151,1.894737e-04
58,1900544,19.23,98836,4.4850,51,126.5716,-0.008463,4.396987,0.027148,1.875000e-04
59,1933312,19.56,98864,4.5370,51,127.5244,-0.058527,4.460475,0.022957,1.855263e-04
60,1966080,19.88,98875,4.5710,51,128.2885,0.053157,3.446751,0.026611,1.835526e-04
61,1998848,20.22,98836,4.5710,51,128.5696,-0.019221,4.409695,0.031729,1.815789e-04
62,2031616,20.55,98847,4.5640,51,128.5864,0.021797,3.857732,0.021093,1.796053e-04
63,2064384,20.88,98869,4.6190,51,129.8969,-0.016842,3.915752,0.025173,1.776316e-04
64,2097152,21.21,98894,4.6290,51,130.1989,-0.030246,4.275956,0.029464,1.756579e-04
65,2129920,21.54,98902,4.5760,51,129.3150,0.040612,3.567069,0.024931,1.736842e-04
66,2162688,21.86,98923,4.4680,51,127.1344,0.007341,4.550454,0.038112,1.717105e-04
67,2195456,22.19,98931,4.4350,51,126.7205,-0.044182,4.094336,0.024320,1.697368e-04
68,2228224,22.52,98941,4.3820,51,125.9159,0.003465,3.944677,0.022827,1.677632e-04
69,2260992,22.85,98949,4.2750,51,123.8737,0.050681,3.505506,0.023558,1.657895e-04
70,2293760,23.18,98961,4.1000,51,120.3965,-0.026234,4.426969,0.026563,1.638158e-04
71,2326528,23.52,98927,4.0060,51,118.6216,-0.003897,3.992904,0.024103,1.618421e-04
72,2359296,23.85,98936,3.8510,51,115.6135,0.024901,2.995843,0.020980,1.598684e-04
73,2392064,24.18,98941,3.6910,51,112.1927,0.063163,4.093699,0.023617,1.578947e-04
74,2424832,24.50,98959,3.4870,50,108.0971,0.021083,3.385757,0.025569,1.559211e-04
75,2457600,24.83,98972,3.2740,50,103.7172,0.004853,4.271008,0.026108,1.539474e-04
76,2490368,25.16,98990,3.1680,50,101.5027,0.025518,3.592124,0.021311,1.519737e-04
77,2523136,25.49,99002,2.9860,50,97.8031,0.056896,3.359231,0.023726,1.500000e-04
78,2555904,25.81,99014,2.7230,50,92.5240,-0.013142,3.491232,0.025109,1.480263e-04
79,2588672,26.14,99028,2.5530,50,89.0396,-0.033580,3.203283,0.029108,1.460526e-04
80,2621440,26.47,99039,2.3130,21,83.9700,0.033761,4.449075,0.034027,1.440789e-04
81,2654208,26.81,98998,2.1810,19,81.4394,0.030817,3.386687,0.028330,1.421053e-04
82,2686976,27.14,99017,2.0330,19,78.2602,0.007568,3.918085,0.017780,1.401316e-04
83,2719744,27.47,99022,1.9060,18,75.6438,0.013853,3.180939,0.027045,1.381579e-04
84,2752512,27.79,99037,1.8200,18,74.0719,0.068570,4.256140,0.029682,1.361842e-04
85,2785280,28.12,99046,1.7160,18,72.0429,-0.030430,2.973012,0.025238,1.342105e-04
86,2818048,28.45,99060,1.5900,16,69.7070,0.029149,4.470968,0.026219,1.322368e-04
87,2850816,28.78,99072,1.5720,16,69.4039,-0.019845,4.245973,0.027692,1.302632e-04
88,2883584,29.11,99075,1.5150,16,68.0964,-0.024678,5.139350,0.032065,1.282895e-04
89,2916352,29.43,99088,1.4760,16,67.4186,-0.030714,4.329634,0.024221,1.263158e-04
90,2949120,29.76,99103,1.3910,16,65.6219,-0.029885,5.070700,0.028610,1.243421e-04
91,2981888,30.10,99077,1.3500,15,64.6723,0.079974,4.739917,0.025012,1.223684e-04
92,3014656,30.43,99084,1.3430,15,64.6326,0.005742,3.760578,0.029128,1.203947e-04
93,3047424,30.75,99099,1.3050,15,63.6889,-0.016571,3.595729,0.036034,1.184211e-04
94,3080192,31.08,99114,1.2930,15,63.5433,-0.047509,4.269742,0.027033,1.164474e-04
95,3112960,31.41,99119,1.2700,15,63.0209,-0.014092,4.331293,0.028639,1.144737e-04
96,3145728,31.73,99125,1.3130,15,63.7297,0.002140,4.410846,0.028424,1.125000e-04
97,3178496,32.06,99127,1.3350,15,64.1824,-0.003191,4.803295,0.033451,1.105263e-04
98,3211264,32.39,99141,1.3730,15,64.8803,-0.008577,4.750741,0.029813,1.085526e-04
99,3244032,32.72,99143,1.3560,15,64.6085,-0.039693,5.721347,0.023990,1.065789e-04
100,3276800,33.05,99155,1.4100,15,65.5137,0.026492,5.275816,0.033990,1.046053e-04
101,3309568,33.39,99123,1.4210,15,65.6977,-0.042087,3.863429,0.025894,1.026316e-04
102,3342336,33.72,99132,1.4520,10,66.2986,-0.022938,4.633100,0.026276,1.006579e-04
103,3375104,34.04,99137,1.4870,10,66.9606,-0.043925,5.244238,0.027923,9.868421e-05
104,3407872,34.37,99150,1.5280,10,67.5655,-0.029945,4.000730,0.030489,9.671053e-05
105,3440640,34.70,99153,1.5810,10,68.4155,-0.046781,4.110177,0.024467,9.473684e-05
106,3473408,35.03,99168,1.6260,10,69.1573,-0.020301,4.644836,0.033954,9.276316e-05
107,3506176,35.35,99170,1.6440,10,69.5699,-0.027002,5.509231,0.031597,9.078947e-05
108,3538944,35.68,99173,1.6920,11,70.6157,-0.013461,4.948513,0.037920,8.881579e-05
109,3571712,36.01,99184,1.7200,13,71.2221,-0.030148,5.410991,0.035152,8.684211e-05
110,3604480,36.34,99186,1.7850,13,72.3251,-0.019561,5.995035,0.030040,8.486842e-05
111,3637248,36.68,99163,1.8410,15,73.5251,0.002729,4.393444,0.028675,8.289474e-05
112,3670016,37.01,99165,1.8990,15,74.7683,0.000665,5.429739,0.033750,8.092105e-05
113,3702784,37.34,99166,1.9810,17,76.4004,0.069456,5.460779,0.035012,7.894737e-05
114,3735552,37.67,99177,2.0560,17,77.9500,0.052057,4.571004,0.031987,7.697368e-05
115,3768320,38.00,99178,2.0800,17,78.3163,-0.009141,5.199254,0.033567,7.500000e-05
116,3801088,38.32,99180,2.1430,17,79.5808,-0.046545,5.324488,0.033757,7.302632e-05
117,3833856,38.65,99189,2.2280,17,81.2334,0.031399,5.439307,0.037048,7.105263e-05
118,3866624,38.98,99187,2.3100,17,82.8584,0.013505,5.386213,0.030152,6.907895e-05
119,3899392,39.31,99193,2.4210,18,85.0078,-0.000517,6.579107,0.026677,6.710526e-05
120,3932160,39.64,99190,2.5130,20,86.9021,0.045135,7.552548,0.033060,6.513158e-05
121,3964928,39.98,99165,2.6150,20,88.9303,0.024357,5.893572,0.031239,6.315789e-05
122,3997696,40.31,99164,2.6720,20,90.1234,-0.003162,5.472901,0.029557,6.118421e-05
123,4030464,40.64,99170,2.7840,20,92.4412,0.031445,5.983200,0.030350,5.921053e-05
124,4063232,40.97,99175,2.8610,20,94.1019,-0.048302,5.126221,0.038026,5.723684e-05
125,4096000,41.30,99173,2.9040,20,95.0064,-0.019773,5.088777,0.031073,5.526316e-05
126,4128768,41.63,99179,2.9590,20,95.9913,-0.007631,5.322871,0.031313,5.328947e-05
127,4161536,41.96,99177,3.0260,20,97.4333,-0.027453,5.664303,0.043027,5.131579e-05
128,4194304,42.29,99182,3.1310,20,99.5807,-0.054324,5.839488,0.035939,4.934211e-05
129,4227072,42.62,99179,3.2510,26,102.0481,-0.011902,5.414199,0.029980,4.736842e-05
130,4259840,42.95,99179,3.2790,26,102.6086,-0.017801,6.359506,0.030856,4.539474e-05
131,4292608,43.29,99155,3.3240,26,103.4309,-0.014998,7.934956,0.030403,4.342105e-05
132,4325376,43.62,99160,3.4260,26,105.5168,0.012504,5.557337,0.029241,4.144737e-05
133,4358144,43.95,99163,3.4620,26,106.2140,0.012642,5.183212,0.026922,3.947368e-05
134,4390912,44.28,99171,3.6020,26,109.0803,0.036941,6.436224,0.032253,3.750000e-05
135,4423680,44.60,99180,3.7040,26,111.0213,-0.013095,5.767516,0.027349,3.552632e-05
136,4456448,44.93,99184,3.7600,26,112.0675,0.006201,5.552539,0.037625,3.355263e-05
137,4489216,45.26,99193,3.8460,26,113.8174,-0.024838,6.372787,0.028010,3.157895e-05
138,4521984,45.59,99194,3.8640,26,114.2807,-0.042410,4.713081,0.032194,2.960526e-05
139,4554752,45.92,99197,3.9460,26,115.8761,0.002299,5.074495,0.031737,2.763158e-05
140,4587520,46.24,99206,3.9530,26,116.0106,-0.024008,7.264455,0.030323,2.565789e-05
141,4620288,46.58,99182,4.0410,26,117.8824,0.009305,5.366653,0.029834,2.368421e-05
142,4653056,46.91,99190,4.0660,26,118.2117,0.064815,5.865369,0.036104,2.171053e-05
143,4685824,47.24,99192,4.1260,26,119.4302,-0.001893,5.660288,0.027013,1.973684e-05
144,4718592,47.57,99199,4.1670,26,120.3776,0.032586,6.587167,0.034586,1.776316e-05
145,4751360,47.90,99202,4.2150,26,121.3927,-0.005622,6.757910,0.032035,1.578947e-05
146,4784128,48.22,99206,4.2490,26,121.9979,0.049710,8.302324,0.027699,1.381579e-05
147,4816896,48.55,99215,4.3110,26,123.3453,0.033230,7.596197,0.027586,1.184211e-05
148,4849664,48.88,99219,4.3240,26,123.6209,-0.010089,5.776545,0.033728,9.868421e-06
149,4882432,49.20,99227,4.3190,26,123.4621,0.000904,6.086238,0.031822,7.894737e-06
150,4915200,49.53,99230,4.3000,26,122.9852,-0.016721,6.336831,0.040888,5.921053e-06
151,4947968,49.88,99206,4.3040,26,123.0925,0.048593,8.089333,0.030117,3.947368e-06
152,4980736,50.20,99216,4.3450,26,123.8521,-0.015707,7.208542,0.027628,1.973684e-06
1,32768,0.36,89999,0.0000,0,4.1868,-0.029528,1.343985,0.046513,3.000000e-04
2,65536,0.70,93357,0.0000,0,4.1868,-0.021485,2.563701,0.030687,2.993435e-04
3,98304,1.03,95044,0.1818,2,9.7888,-0.034428,10.295118,0.025152,2.986871e-04
4,131072,1.37,95766,0.1818,2,9.7888,0.031194,8.003386,0.026178,2.980306e-04
5,163840,1.71,95977,0.1818,2,9.7888,-0.005061,8.709296,0.027913,2.973742e-04
6,196608,2.05,96044,0.7500,7,24.3632,0.053724,7.100279,0.027963,2.967177e-04
7,229376,2.39,96015,0.7500,7,24.3632,-0.032371,8.575064,0.028711,2.960613e-04
8,262144,2.72,96241,0.7500,7,24.3632,-0.036873,7.020174,0.026972,2.954048e-04
9,294912,3.06,96322,0.7500,7,24.3632,0.037504,6.124528,0.032930,2.947484e-04
10,327680,3.40,96453,3.0000,17,75.1796,0.021111,5.752354,0.037024,2.940919e-04
11,360448,3.93,91640,4.0000,18,97.5780,-0.042164,6.506406,0.031089,2.934354e-04
12,393216,4.26,92200,5.1250,22,122.4267,0.021164,5.282425,0.028275,2.927790e-04
13,425984,4.60,92608,5.8333,23,137.5680,-0.011433,6.092125,0.028034,2.921225e-04
14,458752,4.93,93146,7.8500,27,182.1098,0.023913,5.271174,0.029858,2.914661e-04
15,491520,5.26,93464,11.1250,28,253.0334,-0.032402,5.341333,0.032559,2.908096e-04
16,524288,5.59,93726,14.3226,30,323.6056,-0.019076,5.940594,0.035857,2.901532e-04
17,557056,5.93,93996,14.8529,31,335.3530,0.004953,4.761128,0.028078,2.894967e-04
18,589824,6.26,94249,15.9444,35,358.8283,0.001682,5.706706,0.034432,2.888403e-04
19,622592,6.59,94425,16.7111,36,374.3540,0.013451,5.125467,0.040837,2.881838e-04
20,655360,6.93,94614,14.6935,38,328.7189,-0.009294,7.342337,0.028703,2.875274e-04
21,688128,7.39,93122,14.7794,41,330.2633,-0.048330,6.110246,0.032427,2.868709e-04
22,720896,7.72,93349,14.3288,41,320.1168,-0.038687,6.212626,0.027530,2.862144e-04
23,753664,8.06,93518,14.7403,45,328.7490,-0.016387,6.395452,0.048228,2.855580e-04
24,786432,8.40,93620,14.8000,47,330.2651,-0.003254,5.316118,0.038958,2.849015e-04
25,819200,8.74,93778,12.9495,47,289.4012,0.047905,8.674084,0.054050,2.842451e-04
26,851968,9.15,93105,11.8158,52,263.9477,0.015888,9.415900,0.046288,2.835886e-04
27,884736,9.49,93213,9.6906,52,216.4054,0.033161,9.794655,0.050952,2.829322e-04
28,917504,9.82,93431,8.4187,52,188.0343,-0.020827,8.541978,0.048551,2.822757e-04
29,950272,10.15,93625,7.1862,52,160.6191,0.024671,10.718265,0.056245,2.816193e-04
30,983040,10.48,93831,6.2636,52,139.8802,-0.007161,9.813669,0.053361,2.809628e-04
31,1015808,10.82,93893,5.6586,52,126.4690,0.012964,9.797211,0.058847,2.803063e-04
32,1048576,11.15,94053,5.2323,65,116.5493,0.006735,13.808458,0.072457,2.796499e-04
33,1081344,11.48,94191,4.6154,65,102.6686,0.024981,12.167727,0.078501,2.789934e-04
34,1114112,11.81,94354,4.6381,67,102.7752,-0.028332,16.022320,0.086016,2.783370e-04
35,1146880,12.14,94504,4.0632,69,89.9124,-0.025295,13.825703,0.115971,2.776805e-04
36,1179648,12.46,94651,3.5042,69,77.3781,-0.014852,16.069546,0.116381,2.770241e-04
37,1212416,12.79,94789,3.1165,74,68.6204,0.006064,19.070358,0.117195,2.763676e-04
38,1245184,13.12,94925,2.9000,76,63.6917,0.055090,21.162586,0.144956,2.757112e-04
39,1277952,13.45,95025,2.9425,78,64.3322,-0.004964,22.670214,0.139801,2.750547e-04
40,1310720,13.78,95144,2.0040,80,43.2359,-0.035975,22.382889,0.140130,2.743982e-04
41,1343488,14.12,95158,1.6490,84,35.0532,0.026217,20.189199,0.142399,2.737418e-04
42,1376256,14.45,95257,1.4580,84,30.7548,0.022585,18.517540,0.136783,2.730853e-04
43,1409024,14.78,95360,1.1170,84,23.3599,0.033306,19.815086,0.126711,2.724289e-04
44,1441792,15.11,95441,0.9490,84,19.6010,-0.002962,16.354122,0.131681,2.717724e-04
45,1474560,15.44,95527,0.9510,84,19.6526,-0.000717,14.758429,0.114082,2.711160e-04
46,1507328,15.76,95617,0.8800,84,18.1582,-0.008307,11.823374,0.095966,2.704595e-04
47,1540096,16.09,95693,0.9740,96,20.1716,-0.035310,9.093820,0.086465,2.698031e-04
48,1572864,16.42,95778,0.9740,96,20.1957,-0.046614,7.453806,0.060162,2.691466e-04
49,1605632,16.75,95862,0.8990,96,18.5988,-0.012627,6.262257,0.073023,2.684902e-04
50,1638400,17.08,95930,0.8390,96,17.3194,-0.029830,6.632601,0.048962,2.678337e-04
51,1671168,17.52,95399,0.8500,96,17.5761,0.007340,5.487495,0.043023,2.671772e-04
52,1703936,17.84,95493,1.1090,106,23.2769,0.023568,8.885672,0.040943,2.665208e-04
53,1736704,18.17,95587,1.1230,106,23.6089,-0.004719,4.138124,0.043246,2.658643e-04
54,1769472,18.49,95674,1.2340,110,26.0174,-0.010991,4.843370,0.044023,2.652079e-04
55,1802240,18.82,95757,1.2850,110,27.1540,0.015654,3.795390,0.055580,2.645514e-04
56,1835008,19.15,95826,1.3990,110,29.6489,-0.002108,4.354163,0.046415,2.638950e-04
57,1867776,19.48,95890,1.5050,110,31.9320,0.033616,4.210208,0.051427,2.632385e-04
58,1900544,19.81,95958,1.6230,118,34.4703,-0.022978,4.120136,0.038861,2.625821e-04
59,1933312,20.13,96020,1.7430,120,37.0434,-0.008592,4.078592,0.054435,2.619256e-04
60,1966080,20.46,96081,1.8960,122,40.3659,0.019836,4.678220,0.042153,2.612691e-04
61,1998848,20.91,95572,1.8960,122,40.3716,0.005935,4.051269,0.048004,2.606127e-04
62,2031616,21.24,95641,1.8960,122,40.3716,0.000430,3.923474,0.042465,2.599562e-04
63,2064384,21.57,95704,2.0440,130,43.5751,0.015874,4.250902,0.045822,2.592998e-04
64,2097152,21.90,95766,2.2350,132,47.6894,-0.046898,4.038622,0.047622,2.586433e-04
65,2129920,22.23,95824,2.3820,133,50.8726,-0.018886,3.911755,0.034953,2.579869e-04
66,2162688,22.55,95886,2.5760,133,55.1465,0.041449,6.315342,0.044178,2.573304e-04
67,2195456,22.88,95940,2.6760,133,57.3450,0.066105,6.679910,0.051070,2.566740e-04
68,2228224,23.21,95990,2.7660,133,59.3427,-0.033885,3.682341,0.040246,2.560175e-04
69,2260992,23.54,96042,2.9080,142,62.3839,-0.046565,4.218494,0.046081,2.553611e-04
70,2293760,23.87,96095,2.9900,142,64.2062,0.016099,6.162724,0.052977,2.547046e-04
71,2326528,24.35,95540,3.0000,142,64.4400,-0.014288,3.819034,0.054358,2.540481e-04
72,2359296,24.68,95592,3.0170,142,64.8398,-0.025435,4.158772,0.050808,2.533917e-04
73,2392064,25.01,95655,3.0170,142,64.8398,-0.028230,3.831841,0.033225,2.527352e-04
74,2424832,25.33,95719,3.1450,142,67.6077,-0.024759,4.652401,0.046355,2.520788e-04
75,2457600,25.66,95779,3.1450,142,67.6077,0.019679,3.431982,0.046081,2.514223e-04
76,2490368,25.98,95850,3.2030,142,68.8658,-0.008769,3.451209,0.048928,2.507659e-04
77,2523136,26.31,95897,3.2030,142,68.8658,-0.012256,3.404726,0.048551,2.501094e-04
78,2555904,26.64,95957,3.3300,142,71.6846,-0.042483,4.682112,0.061275,2.494530e-04
79,2588672,26.97,96000,12.6700,163,272.1918,-0.072047,25.076492,0.042161,2.487965e-04
80,2621440,27.29,96052,12.6940,163,272.7589,0.021016,2.354090,0.040561,2.481400e-04
81,2654208,27.83,95359,12.8580,163,276.3512,0.011511,4.668496,0.047321,2.474836e-04
82,2686976,28.16,95411,12.8580,163,276.3512,-0.038951,3.389473,0.054825,2.468271e-04
83,2719744,28.49,95473,12.9120,163,277.6336,0.054997,7.991424,0.049458,2.461707e-04
84,2752512,28.82,95521,12.9120,163,277.6336,0.003737,2.979927,0.043234,2.455142e-04
85,2785280,29.14,95582,12.9280,163,278.0353,-0.008395,5.571107,0.050200,2.448578e-04
86,2818048,29.46,95644,12.9810,163,279.1967,-0.003243,3.172891,0.046712,2.442013e-04
87,2850816,29.79,95689,12.9870,163,279.3544,0.001561,2.767212,0.058126,2.435449e-04
88,2883584,30.12,95745,13.3620,163,287.4744,-0.023890,4.289924,0.056062,2.428884e-04
89,2916352,30.45,95786,13.4830,163,290.1445,-0.000151,5.158817,0.051325,2.422319e-04
90,2949120,30.77,95828,13.5800,163,292.3018,-0.036266,5.299992,0.044331,2.415755e-04
91,2981888,31.35,95124,13.7680,163,296.3937,0.019856,4.065675,0.046069,2.409190e-04
92,3014656,31.67,95187,13.8510,163,298.2172,-0.048211,2.895764,0.046003,2.402626e-04
93,3047424,32.00,95246,13.9990,163,301.4437,-0.008148,4.673011,0.059880,2.396061e-04
94,3080192,32.32,95288,14.1910,163,305.5967,0.048656,5.448199,0.052081,2.389497e-04
95,3112960,32.65,95344,14.7910,163,318.4899,-0.031477,3.389550,0.051470,2.382932e-04
96,3145728,32.97,95400,14.8110,163,318.9710,0.033739,3.921915,0.051463,2.376368e-04
97,3178496,33.30,95455,15.0120,163,323.3485,-0.036166,2.933896,0.053789,2.369803e-04
98,3211264,33.63,95497,15.4010,163,331.7375,-0.008961,3.767712,0.052651,2.363239e-04
99,3244032,33.96,95537,15.6380,163,336.8804,0.052952,5.930567,0.052943,2.356674e-04
100,3276800,34.28,95589,16.1870,163,348.6757,0.083298,7.955278,0.042776,2.350109e-04
101,3309568,34.82,95059,16.3490,163,352.1498,-0.011653,3.532019,0.047073,2.343545e-04
102,3342336,35.14,95114,16.5110,163,355.6164,0.015575,2.387423,0.056260,2.336980e-04
103,3375104,35.47,95158,16.5110,163,355.6164,-0.064087,2.683070,0.052057,2.330416e-04
104,3407872,35.79,95215,16.5610,163,356.6967,0.001953,2.422244,0.044388,2.323851e-04
105,3440640,36.12,95259,16.6130,163,357.8224,0.014421,3.651695,0.066149,2.317287e-04
106,3473408,36.44,95312,16.7490,163,360.7624,0.027717,4.361930,0.069606,2.310722e-04
107,3506176,36.77,95360,16.7680,163,361.1892,-0.022481,4.076896,0.064060,2.304158e-04
108,3538944,37.09,95408,16.8650,163,363.3115,-0.004212,2.713060,0.066366,2.297593e-04
109,3571712,37.42,95456,16.9950,163,366.1262,-0.006299,4.274160,0.062213,2.291028e-04
110,3604480,37.75,95494,17.2670,163,371.9883,0.006147,2.966200,0.056393,2.284464e-04
111,3637248,38.31,94938,17.5930,163,378.9874,0.003753,2.859938,0.059196,2.277899e-04
112,3670016,38.64,94988,17.8830,163,385.2569,0.063865,10.710707,0.043212,2.271335e-04
113,3702784,38.96,95039,17.8910,163,385.4546,-0.015369,3.210158,0.055033,2.264770e-04
114,3735552,39.28,95090,17.8910,163,385.4546,0.034297,2.018416,0.060965,2.258206e-04
115,3768320,39.61,95129,18.1630,163,391.3345,-0.028120,3.169537,0.059242,2.251641e-04
116,3801088,39.94,95178,18.5210,163,399.0266,0.006505,4.881928,0.060238,2.245077e-04
117,3833856,40.27,95213,18.8880,163,407.0062,-0.014437,3.167928,0.059300,2.238512e-04
118,3866624,40.59,95251,19.0160,163,409.8022,0.018848,5.629640,0.067887,2.231947e-04
119,3899392,40.92,95299,19.0160,163,409.8022,-0.010362,1.987507,0.045896,2.225383e-04
120,3932160,41.25,95335,19.1560,163,412.8719,-0.029865,2.196189,0.053290,2.218818e-04
121,3964928,41.78,94903,19.1910,163,413.6719,-0.022684,3.330872,0.047892,2.212254e-04
122,3997696,42.10,94949,19.1910,163,413.6719,0.033487,1.814957,0.050269,2.205689e-04
123,4030464,42.43,94986,19.3870,163,417.9273,-0.023711,2.567107,0.063240,2.199125e-04
124,4063232,42.76,95023,19.7140,163,424.9993,0.015651,5.078898,0.058166,2.192560e-04
125,4096000,43.09,95061,20.2140,163,435.7197,-0.032643,2.763688,0.045011,2.185996e-04
126,4128768,43.41,95105,20.2910,163,437.4102,0.011567,3.779883,0.051909,2.179431e-04
127,4161536,43.74,95148,20.9280,163,451.0860,-0.049877,4.424025,0.062293,2.172867e-04
128,4194304,44.06,95190,21.4470,163,462.2029,-0.022340,3.280533,0.055281,2.166302e-04
129,4227072,44.39,95232,21.6290,163,466.0715,-0.005719,1.697709,0.046725,2.159737e-04
130,4259840,44.71,95267,21.9610,163,473.1753,-0.007343,4.873454,0.044650,2.153173e-04
131,4292608,45.38,94587,22.2920,163,480.3298,-0.000850,6.023398,0.049718,2.146608e-04
132,4325376,45.71,94621,22.4660,163,484.0790,-0.042270,1.888286,0.052598,2.140044e-04
133,4358144,46.04,94657,22.8060,163,491.4138,0.037552,8.137839,0.055916,2.133479e-04
134,4390912,46.37,94692,22.9680,163,494.9446,-0.017348,3.751640,0.042998,2.126915e-04
135,4423680,46.69,94736,22.9690,163,494.9952,-0.019510,1.660640,0.050032,2.120350e-04
136,4456448,47.02,94770,23.2720,163,501.5670,0.052594,9.505007,0.055736,2.113786e-04
137,4489216,47.35,94804,23.5310,163,507.2049,-0.020934,4.459327,0.058890,2.107221e-04
138,4521984,47.68,94844,23.8960,163,515.0616,0.041983,7.488949,0.040660,2.100656e-04
139,4554752,48.00,94884,24.1330,163,520.1549,0.004728,3.993431,0.038627,2.094092e-04
140,4587520,48.33,94916,24.3450,163,524.7675,0.008802,4.281561,0.051745,2.087527e-04
141,4620288,48.95,94379,24.3950,163,525.8518,0.009570,1.770104,0.043085,2.080963e-04
142,4653056,49.28,94422,24.7570,163,533.6834,-0.015300,3.305440,0.054473,2.074398e-04
143,4685824,49.61,94456,25.1070,163,541.2665,-0.018845,8.506637,0.040824,2.067834e-04
144,4718592,49.94,94493,25.5950,163,551.6867,0.028517,7.440100,0.049149,2.061269e-04
145,4751360,50.26,94537,26.0880,163,562.1838,0.005148,3.347300,0.048420,2.054705e-04
146,4784128,50.59,94569,26.2520,163,565.7262,-0.033677,1.716369,0.044215,2.048140e-04
147,4816896,50.92,94604,26.3560,163,568.0108,-0.029825,4.886381,0.042895,2.041575e-04
148,4849664,51.24,94637,26.8280,163,578.1182,0.010338,6.601796,0.046961,2.035011e-04
149,4882432,51.57,94677,26.8680,163,578.9820,0.049312,3.153637,0.045506,2.028446e-04
150,4915200,51.90,94709,27.1480,163,584.9475,0.019439,3.915057,0.044830,2.021882e-04
151,4947968,52.51,94229,27.5180,163,592.9849,-0.044278,3.125325,0.049160,2.015317e-04
152,4980736,52.84,94264,28.0160,163,603.6858,0.057394,13.074932,0.043212,2.008753e-04
153,5013504,53.16,94305,28.1440,163,606.4602,0.090626,11.082428,0.038436,2.002188e-04
154,5046272,53.49,94340,28.5990,163,616.2436,-0.012941,5.042949,0.051120,1.995624e-04
155,5079040,53.82,94372,28.6210,163,616.7397,-0.015962,1.519160,0.040571,1.989059e-04
156,5111808,54.14,94410,28.7370,163,619.3198,-0.008747,6.729003,0.053624,1.982495e-04
157,5144576,54.47,94447,30.9370,163,666.3546,0.025657,25.013138,0.055163,1.975930e-04
158,5177344,54.79,94486,31.4070,163,676.4958,-0.006110,7.999610,0.049592,1.969365e-04
159,5210112,55.12,94517,31.8510,163,686.1199,-0.046654,6.899181,0.052280,1.962801e-04
160,5242880,55.45,94556,32.0650,163,690.8471,-0.017249,4.664435,0.044643,1.956236e-04
161,5275648,56.10,94040,32.1900,163,693.6404,0.003727,11.038092,0.057760,1.949672e-04
162,5308416,56.43,94074,32.4710,163,699.8401,-0.030602,6.089374,0.044400,1.943107e-04
163,5341184,56.76,94108,32.7770,163,706.4899,0.010909,7.745560,0.047524,1.936543e-04
164,5373952,57.08,94140,33.1130,163,713.7788,-0.033747,5.572529,0.049610,1.929978e-04
165,5406720,57.41,94178,33.5270,163,722.7356,-0.020499,4.042400,0.037502,1.923414e-04
166,5439488,57.73,94215,33.8770,163,730.2734,0.016069,6.414863,0.037525,1.916849e-04
167,5472256,58.06,94249,34.2340,163,738.0048,-0.068429,2.740293,0.043835,1.910284e-04
168,5505024,58.39,94282,34.4750,163,743.2474,0.016255,6.340545,0.035410,1.903720e-04
169,5537792,58.71,94318,34.7700,163,749.6512,0.028565,11.645191,0.033497,1.897155e-04
170,5570560,59.04,94347,34.9980,163,754.6436,-0.014661,7.840814,0.038738,1.890591e-04
171,5603328,59.87,93596,35.3610,163,762.4060,-0.019100,3.661556,0.038830,1.884026e-04
172,5636096,60.20,93628,35.8930,163,773.9150,0.063606,18.945166,0.037001,1.877462e-04
173,5668864,60.52,93667,35.9510,163,775.3806,-0.027337,6.977291,0.051107,1.870897e-04
174,5701632,60.85,93698,36.3700,163,784.4629,-0.043546,4.997972,0.042784,1.864333e-04
175,5734400,61.18,93728,37.1870,163,802.0506,0.010059,11.861560,0.042625,1.857768e-04
176,5767168,61.51,93758,37.4390,163,807.5372,-0.010927,7.384912,0.042632,1.851204e-04
177,5799936,61.84,93794,37.7850,163,815.1720,0.012704,12.406128,0.043667,1.844639e-04
178,5832704,62.17,93823,38.3630,163,827.7294,-0.033661,9.500806,0.040066,1.838074e-04
179,5865472,62.49,93859,38.8890,163,839.1219,-0.014558,11.974059,0.043979,1.831510e-04
180,5898240,62.82,93890,39.1900,163,845.7010,-0.014274,10.640926,0.045739,1.824945e-04
181,5931008,63.46,93454,39.5780,163,854.1292,-0.040697,5.698355,0.044079,1.818381e-04
182,5963776,63.79,93491,39.9130,163,861.5805,-0.011615,8.400632,0.048620,1.811816e-04
183,5996544,64.12,93521,40.2540,163,869.1310,0.006095,13.891547,0.042316,1.805252e-04
184,6029312,64.45,93551,40.4730,163,873.9490,-0.040207,3.816278,0.046511,1.798687e-04
185,6062080,64.78,93582,40.7300,163,879.7365,0.021369,14.684813,0.054365,1.792123e-04
186,6094848,65.11,93612,41.0110,163,885.9337,-0.024293,10.061052,0.040033,1.785558e-04
187,6127616,65.44,93644,41.1110,163,888.2712,-0.023190,10.184319,0.051988,1.778993e-04
188,6160384,65.76,93677,41.4400,163,895.5044,0.069501,20.528568,0.047048,1.772429e-04
189,6193152,66.09,93711,41.6670,163,900.5817,0.007033,10.808436,0.043035,1.765864e-04
190,6225920,66.42,93738,41.8290,163,904.3421,-0.008675,14.070004,0.043528,1.759300e-04
191,6258688,67.14,93220,42.1430,163,911.3234,-0.002135,20.488277,0.046993,1.752735e-04
192,6291456,67.47,93250,42.3960,163,917.1515,-0.021115,12.304164,0.031572,1.746171e-04
193,6324224,67.80,93284,42.7640,163,925.2825,-0.010666,11.300817,0.028726,1.739606e-04
194,6356992,68.12,93314,43.0750,163,932.1849,-0.033572,8.720488,0.032147,1.733042e-04
195,6389760,68.45,93345,43.2490,163,936.1337,0.053382,17.855221,0.043630,1.726477e-04
196,6422528,68.78,93378,43.6310,163,944.4865,-0.005039,13.249070,0.035363,1.719912e-04
197,6455296,69.11,93407,44.0600,163,953.8619,-0.011042,11.297822,0.034623,1.713348e-04
198,6488064,69.44,93437,44.1310,163,955.5026,0.003927,5.005589,0.045734,1.706783e-04
199,6520832,69.77,93468,44.3270,163,959.9873,-0.014761,14.367348,0.038586,1.700219e-04
200,6553600,70.10,93495,44.6350,163,966.9802,-0.035487,11.765930,0.047303,1.693654e-04
201,6586368,71.05,92704,44.8560,163,972.0824,-0.027055,13.000439,0.038152,1.687090e-04
202,6619136,71.38,92736,45.0850,163,977.3497,-0.002792,15.897470,0.041683,1.680525e-04
203,6651904,71.70,92768,45.2220,163,980.5044,-0.044855,8.767245,0.041984,1.673961e-04
204,6684672,72.04,92796,45.5070,163,987.1166,-0.017708,17.143824,0.038473,1.667396e-04
205,6717440,72.37,92825,45.7650,163,993.0240,0.017808,16.776590,0.036532,1.660832e-04
206,6750208,72.69,92856,46.3410,163,1005.6188,-0.010242,20.605843,0.038775,1.654267e-04
207,6782976,73.02,92889,46.5500,163,1010.3189,0.025975,15.174498,0.031358,1.647702e-04
208,6815744,73.35,92921,46.9250,163,1018.7755,-0.038301,18.596066,0.035710,1.641138e-04
209,6848512,73.68,92953,47.2990,163,1027.2427,0.046431,32.432621,0.036720,1.634573e-04
210,6881280,74.00,92984,47.2990,163,1027.4793,0.003915,27.193577,0.060400,1.628009e-04
211,6914048,74.95,92252,46.7260,163,1015.4817,-0.049415,9.149094,0.035174,1.621444e-04
212,6946816,75.28,92285,46.0190,163,1000.4983,0.031785,24.768600,0.034962,1.614880e-04
213,6979584,75.60,92320,44.0900,163,959.3997,0.001618,24.106033,0.036001,1.608315e-04
214,7012352,75.93,92354,40.9750,163,893.0398,-0.039039,20.618479,0.046799,1.601751e-04
215,7045120,76.26,92385,38.1110,163,831.9982,-0.004218,18.540895,0.036314,1.595186e-04
216,7077888,76.59,92417,37.1370,163,811.5724,-0.019228,27.680061,0.036758,1.588621e-04
217,7110656,76.91,92452,36.5330,163,798.7759,0.043891,40.034573,0.045424,1.582057e-04
218,7143424,77.24,92484,35.4020,163,774.8991,-0.013428,26.131329,0.039772,1.575492e-04
219,7176192,77.56,92519,33.7540,163,739.9776,-0.027887,20.732025,0.035942,1.568928e-04
220,7208960,77.89,92550,33.0390,163,725.3513,-0.003883,29.993069,0.037255,1.562363e-04
221,7241728,78.55,92192,32.1380,163,706.4040,0.031538,33.320938,0.030587,1.555799e-04
222,7274496,78.88,92226,30.7310,163,676.6728,0.012350,30.890642,0.035261,1.549234e-04
223,7307264,79.21,92257,28.8900,163,637.8364,-0.003310,29.072626,0.037737,1.542670e-04
224,7340032,79.53,92288,27.4780,163,608.0236,-0.037759,18.182936,0.037391,1.536105e-04
225,7372800,79.86,92321,26.2020,163,581.1005,-0.035403,18.389065,0.028218,1.529540e-04
226,7405568,80.19,92354,24.3090,163,541.2646,0.093679,52.958618,0.042675,1.522976e-04
227,7438336,80.51,92385,22.8290,163,510.0217,0.015200,29.830120,0.032228,1.516411e-04
228,7471104,80.84,92415,20.7890,162,467.0130,-0.018808,25.509344,0.032536,1.509847e-04
229,7503872,81.17,92446,19.8350,162,447.0048,-0.023767,38.206566,0.037689,1.503282e-04
230,7536640,81.50,92476,18.7990,162,425.2301,0.035324,36.304173,0.038914,1.496718e-04
231,7569408,82.20,92082,17.5870,162,399.7660,-0.041564,20.749123,0.040236,1.490153e-04
232,7602176,82.53,92114,16.5240,162,377.3733,0.029704,34.472942,0.035421,1.483589e-04
233,7634944,82.85,92148,15.2230,162,349.8311,-0.019647,41.536583,0.048221,1.477024e-04
234,7667712,83.18,92180,14.2930,162,330.2938,0.014645,37.545506,0.051049,1.470460e-04
235,7700480,83.51,92214,13.6560,162,316.9457,0.036676,40.806160,0.033309,1.463895e-04
236,7733248,83.83,92244,13.0830,162,304.9036,-0.013065,29.883053,0.033277,1.457330e-04
237,7766016,84.16,92275,12.7660,162,298.3084,-0.057184,14.462135,0.034092,1.450766e-04
238,7798784,84.49,92305,12.3630,162,289.8118,0.025916,43.203514,0.032764,1.444201e-04
239,7831552,84.82,92334,12.0660,162,283.6536,-0.020566,25.693544,0.039644,1.437637e-04
240,7864320,85.14,92364,11.5800,150,273.5222,0.054795,53.726002,0.048949,1.431072e-04
241,7897088,85.70,92152,10.8890,131,259.0673,-0.070788,18.418575,0.036005,1.424508e-04
242,7929856,86.02,92182,10.4010,131,248.9209,0.037379,51.231270,0.030196,1.417943e-04
243,7962624,86.35,92209,10.0780,131,242.0968,-0.023872,22.523485,0.033008,1.411379e-04
244,7995392,86.69,92230,9.7950,131,236.1490,0.003170,37.340050,0.041823,1.404814e-04
245,8028160,87.07,92200,9.3780,120,227.4899,-0.068926,12.154535,0.036504,1.398249e-04
246,8060928,87.41,92224,8.6270,120,211.8069,0.026417,44.293221,0.034835,1.391685e-04
247,8093696,87.75,92235,8.3060,120,205.1512,0.031602,41.016857,0.036025,1.385120e-04
248,8126464,88.08,92260,7.9330,120,197.4267,0.002552,34.069633,0.034366,1.378556e-04
249,8159232,88.41,92285,7.7580,120,193.8019,-0.015153,27.696487,0.040307,1.371991e-04
250,8192000,88.80,92256,7.5150,120,188.7417,-0.026985,28.629066,0.038299,1.365427e-04
251,8224768,90.05,91333,7.3540,120,185.4966,0.012418,44.464561,0.041926,1.358862e-04
252,8257536,90.44,91300,7.0980,71,180.1047,-0.015156,34.864674,0.027804,1.352298e-04
253,8290304,90.83,91271,7.0550,71,179.2693,-0.041386,12.247706,0.033369,1.345733e-04
254,8323072,91.22,91244,6.8600,68,175.2203,-0.043094,23.440355,0.027854,1.339168e-04
255,8355840,91.60,91216,6.8470,68,174.9704,-0.013972,27.238811,0.046391,1.332604e-04
256,8388608,91.99,91190,6.7370,61,172.6467,-0.038895,36.341900,0.033604,1.326039e-04
257,8421376,92.35,91191,6.6130,61,170.1521,-0.023192,33.915333,0.041900,1.319475e-04
258,8454144,92.68,91222,6.5200,61,168.1937,0.014178,41.569168,0.036143,1.312910e-04
259,8486912,93.00,91253,6.3710,61,165.1565,-0.049777,31.538723,0.041842,1.306346e-04
260,8519680,93.33,91287,6.2660,61,162.9542,-0.001814,39.876923,0.038699,1.299781e-04
261,8552448,93.93,91054,6.2870,43,163.3196,-0.021429,20.409262,0.030369,1.293217e-04
262,8585216,94.25,91085,6.2090,43,161.4702,-0.000429,44.438454,0.029837,1.286652e-04
263,8617984,94.58,91116,6.1650,43,160.5425,0.013430,25.837219,0.036232,1.280088e-04
264,8650752,94.91,91145,6.0150,43,157.2588,0.023857,44.846180,0.033214,1.273523e-04
265,8683520,95.24,91176,5.9360,43,155.5070,0.028466,51.377396,0.036306,1.266958e-04
266,8716288,95.57,91204,5.8810,43,154.2253,-0.047477,25.575466,0.034282,1.260394e-04
267,8749056,95.90,91233,5.8590,43,153.7998,-0.003839,21.611553,0.035053,1.253829e-04
268,8781824,96.23,91261,5.7730,43,151.9317,0.041587,44.719215,0.032687,1.247265e-04
269,8814592,96.55,91291,5.7050,43,150.4175,-0.043679,30.692257,0.029433,1.240700e-04
270,8847360,96.89,91317,5.6730,43,149.7176,0.031130,38.226837,0.033598,1.234136e-04
271,8880128,97.61,90972,5.5930,43,148.0859,-0.033364,30.047701,0.034724,1.227571e-04
272,8912896,97.94,91000,5.5550,43,147.3055,-0.073955,37.158104,0.050822,1.221007e-04
273,8945664,98.27,91028,5.5400,43,146.9030,0.004643,31.695675,0.034104,1.214442e-04
274,8978432,98.60,91056,5.5640,62,147.3775,-0.014939,30.606907,0.040687,1.207877e-04
275,9011200,98.93,91084,5.4980,62,145.7802,0.013747,62.635166,0.035707,1.201313e-04
276,9043968,99.26,91112,5.4890,62,145.4847,0.009065,42.951660,0.031193,1.194748e-04
277,9076736,99.59,91140,5.4770,62,145.1621,-0.018579,23.691412,0.024132,1.188184e-04
278,9109504,99.92,91168,5.4790,62,145.1023,-0.005621,25.427746,0.033219,1.181619e-04
279,9142272,100.25,91196,5.4640,62,144.7061,-0.041445,25.905281,0.026156,1.175055e-04
280,9175040,100.58,91225,5.4830,62,145.0968,-0.006636,28.608170,0.034424,1.168490e-04
281,9207808,101.34,90861,5.5080,62,145.6950,0.043114,45.244339,0.036265,1.161926e-04
282,9240576,101.66,90892,5.5360,62,146.1735,0.008364,35.573143,0.032890,1.155361e-04
283,9273344,102.30,90645,5.5880,62,147.1768,-0.028838,21.358078,0.028802,1.148796e-04
284,9306112,102.63,90676,5.5840,62,147.0697,0.028705,48.131691,0.036882,1.142232e-04
285,9338880,102.96,90705,5.5510,62,146.4563,0.002365,30.913010,0.032275,1.135667e-04
286,9371648,103.29,90732,5.5310,62,146.0235,0.024844,41.512573,0.039441,1.129103e-04
287,9404416,103.61,90763,5.5760,62,146.9391,0.016015,38.011627,0.029254,1.122538e-04
288,9437184,103.94,90791,5.5830,62,147.0513,-0.019667,30.753405,0.034363,1.115974e-04
289,9469952,104.27,90821,5.5740,62,146.9151,-0.031409,18.172295,0.041607,1.109409e-04
290,9502720,104.60,90850,5.5230,62,145.8341,-0.037240,28.821762,0.041319,1.102845e-04
291,9535488,105.28,90573,5.5870,62,147.1016,-0.050845,26.585497,0.030586,1.096280e-04
292,9568256,105.61,90601,5.5730,62,146.7361,-0.002735,27.920179,0.029790,1.089716e-04
293,9601024,105.94,90630,5.5680,62,146.7026,0.050781,43.259853,0.036154,1.083151e-04
294,9633792,106.26,90658,5.6140,62,147.7033,0.030416,39.497574,0.025259,1.076586e-04
295,9666560,106.59,90687,5.6510,62,148.5597,-0.019658,27.191612,0.032563,1.070022e-04
296,9699328,106.92,90713,5.6270,62,148.1667,-0.019858,27.829758,0.038469,1.063457e-04
297,9732096,107.25,90742,5.6370,62,148.3946,0.027608,44.886475,0.034344,1.056893e-04
298,9764864,107.58,90771,5.7270,62,150.4108,-0.001143,37.270828,0.029756,1.050328e-04
299,9797632,107.91,90796,5.7230,62,150.3926,-0.006939,29.519457,0.027046,1.043764e-04
300,9830400,108.23,90825,5.8270,62,152.7360,0.009546,35.710686,0.029575,1.037199e-04
301,9863168,108.99,90494,5.8560,62,153.5061,0.002925,23.037277,0.030873,1.030635e-04
302,9895936,109.32,90520,5.8660,62,153.8262,0.009572,34.044106,0.031296,1.024070e-04
303,9928704,109.65,90547,5.9430,62,155.5916,0.030103,39.503036,0.034541,1.017505e-04
304,9961472,109.98,90575,5.9890,62,156.6659,0.015742,28.257250,0.029920,1.010941e-04
305,9994240,110.31,90600,6.0360,62,157.6870,-0.044502,18.797115,0.033969,1.004376e-04
306,10027008,110.64,90626,6.0190,62,157.3874,0.005449,25.790882,0.037387,9.978118e-05
307,10059776,110.97,90653,6.0790,62,158.6554,0.026833,34.016380,0.038800,9.912473e-05
308,10092544,111.30,90679,6.1520,62,160.2048,0.033769,34.597633,0.037349,9.846827e-05
309,10125312,111.63,90706,6.2410,62,162.0173,0.013722,53.720467,0.031432,9.781182e-05
310,10158080,111.96,90732,6.1910,45,160.9987,0.006409,30.397030,0.033094,9.715536e-05
311,10190848,112.66,90454,6.2390,53,162.2324,0.014973,44.462601,0.041125,9.649891e-05
312,10223616,112.99,90481,6.2590,53,162.6991,0.027677,38.216431,0.032737,9.584245e-05
313,10256384,113.32,90508,6.3100,53,163.9307,0.037798,45.018116,0.044044,9.518600e-05
314,10289152,113.65,90536,6.3010,53,163.8905,-0.016400,33.147896,0.031198,9.452954e-05
315,10321920,113.98,90562,6.3230,53,164.4739,-0.033731,27.598652,0.034117,9.387309e-05
316,10354688,114.30,90588,6.4010,53,166.0178,0.011869,42.470455,0.033659,9.321663e-05
317,10387456,114.63,90615,6.4140,53,166.2683,0.031362,57.688385,0.027266,9.256018e-05
318,10420224,114.96,90642,6.4520,53,167.1542,0.020484,34.447472,0.033376,9.190372e-05
319,10452992,115.29,90670,6.4170,53,166.4776,0.051460,44.491409,0.036720,9.124726e-05
320,10485760,115.61,90698,6.3990,53,166.0396,-0.015690,27.328716,0.028755,9.059081e-05
321,10518528,116.27,90470,6.4430,53,166.8153,0.023848,33.943840,0.030351,8.993435e-05
322,10551296,116.59,90497,6.4550,53,167.1215,-0.009412,19.166723,0.035601,8.927790e-05
323,10584064,116.92,90523,6.4660,53,167.2976,-0.028793,29.224941,0.032070,8.862144e-05
324,10616832,117.25,90550,6.4420,53,166.7943,-0.017985,21.422310,0.031279,8.796499e-05
325,10649600,117.57,90577,6.3990,53,165.8354,-0.017207,25.575869,0.030785,8.730853e-05
326,10682368,117.90,90603,6.5190,53,168.1949,0.011725,41.528477,0.035405,8.665208e-05
327,10715136,118.23,90628,6.4510,53,166.7061,-0.048805,19.621866,0.034833,8.599562e-05
328,10747904,118.56,90655,6.4590,53,166.8877,0.024195,37.202347,0.035185,8.533917e-05
329,10780672,118.88,90682,6.4580,53,166.9391,0.034877,27.720634,0.027678,8.468271e-05
330,10813440,119.21,90710,6.5190,53,168.2384,-0.019226,16.489847,0.035804,8.402626e-05
331,10846208,120.08,90327,6.5710,53,169.1593,-0.053129,24.668163,0.032017,8.336980e-05
332,10878976,120.40,90354,6.6260,53,170.2994,-0.027851,18.350491,0.044828,8.271335e-05
333,10911744,120.73,90382,6.6280,53,170.2452,0.063100,33.812061,0.036468,8.205689e-05
334,10944512,121.05,90410,6.6620,53,170.9874,-0.045489,31.583843,0.036540,8.140044e-05
335,10977280,121.38,90438,6.7840,53,173.4789,-0.034228,23.416142,0.037392,8.074398e-05
336,11010048,121.70,90466,6.8240,53,174.3004,0.001639,19.200134,0.034272,8.008753e-05
337,11042816,122.03,90494,6.8470,53,174.8051,0.005245,40.640312,0.034165,7.943107e-05
338,11075584,122.36,90519,6.8230,53,174.2165,-0.006159,32.025120,0.033118,7.877462e-05
339,11108352,122.68,90546,6.8760,53,175.3458,0.001379,27.318649,0.026597,7.811816e-05
340,11141120,123.01,90570,6.8560,53,174.8146,0.005899,27.760151,0.035438,7.746171e-05
341,11173888,124.19,89973,6.8720,53,175.1155,-0.014170,23.169266,0.036419,7.680525e-05
342,11206656,124.52,90000,6.9890,53,177.4896,-0.035898,31.815746,0.037746,7.614880e-05
343,11239424,124.84,90027,6.9960,53,177.5445,0.047756,38.524902,0.038234,7.549234e-05
344,11272192,125.17,90052,6.9830,53,177.2190,0.017498,31.331577,0.030782,7.483589e-05
345,11304960,125.50,90077,6.9090,53,175.6262,0.034566,47.982170,0.029362,7.417943e-05
346,11337728,125.83,90103,6.9310,53,176.1605,-0.002121,13.705019,0.037559,7.352298e-05
347,11370496,126.16,90128,6.8970,53,175.4608,0.011770,24.528790,0.039661,7.286652e-05
348,11403264,126.49,90153,6.8910,53,175.3893,-0.067438,27.576429,0.033999,7.221007e-05
349,11436032,126.82,90178,6.8750,45,175.1074,0.028470,31.222048,0.037544,7.155361e-05
350,11468800,127.14,90203,6.9750,45,177.1509,0.014744,31.708069,0.031941,7.089716e-05
351,11501568,127.99,89862,7.0190,45,178.0524,0.009769,21.044783,0.029023,7.024070e-05
352,11534336,128.32,89889,7.0760,45,179.1870,-0.046705,23.499622,0.057844,6.958425e-05
353,11567104,128.64,89916,7.1950,45,181.4727,0.037973,40.294693,0.039418,6.892779e-05
354,11599872,128.97,89943,7.2550,45,182.7244,-0.064254,16.621555,0.035886,6.827133e-05
355,11632640,129.29,89970,7.2470,45,182.7293,0.022797,34.359261,0.028523,6.761488e-05
356,11665408,129.62,89996,7.2140,45,182.0172,0.027411,31.710325,0.031040,6.695842e-05
357,11698176,129.95,90022,7.2610,45,182.9177,0.033203,48.994884,0.031910,6.630197e-05
358,11730944,130.27,90048,7.2830,45,183.3922,-0.025516,16.157282,0.041718,6.564551e-05
359,11763712,130.60,90074,7.2630,45,183.0932,0.017053,40.510792,0.046215,6.498906e-05
360,11796480,130.93,90100,7.2860,45,183.6131,-0.002339,30.423386,0.026221,6.433260e-05
361,11829248,131.67,89841,7.2860,45,183.6130,0.039291,37.161629,0.029337,6.367615e-05
362,11862016,131.99,89867,7.2840,45,183.5430,0.015811,26.437706,0.043166,6.301969e-05
363,11894784,132.32,89894,7.3100,45,184.1598,0.006845,35.137142,0.030329,6.236324e-05
364,11927552,132.65,89920,7.4120,45,186.3129,-0.021642,43.588043,0.034212,6.170678e-05
365,11960320,132.97,89947,7.3780,45,185.6542,-0.016952,26.740374,0.036854,6.105033e-05
366,11993088,133.30,89972,7.3760,45,185.6693,-0.001507,29.808575,0.034535,6.039387e-05
367,12025856,133.62,89999,7.4000,45,186.2933,-0.008594,28.056707,0.040119,5.973742e-05
368,12058624,133.95,90025,7.3960,45,186.1238,-0.024486,33.343773,0.033368,5.908096e-05
369,12091392,134.27,90051,7.3540,45,185.1437,-0.038398,20.491867,0.036828,5.842451e-05
370,12124160,134.60,90076,7.2880,45,183.8566,-0.021314,26.079073,0.043275,5.776805e-05
371,12156928,135.34,89824,7.3130,45,184.4087,0.017649,34.546738,0.028074,5.711160e-05
372,12189696,135.67,89849,7.2780,45,183.7142,-0.000413,46.682320,0.041015,5.645514e-05
373,12222464,136.01,89866,7.2770,45,183.6454,0.024772,29.163179,0.031988,5.579869e-05
374,12255232,136.34,89889,7.2270,45,182.6883,-0.054073,23.487236,0.030488,5.514223e-05
375,12288000,136.66,89914,7.2080,45,182.2457,-0.014204,37.101936,0.036521,5.448578e-05
376,12320768,136.99,89938,7.2070,45,182.1100,-0.003939,37.659122,0.031963,5.382932e-05
377,12353536,137.32,89963,7.2090,45,182.0670,0.024830,34.681580,0.042508,5.317287e-05
378,12386304,137.64,89987,7.2140,45,182.1337,0.005545,31.650896,0.034425,5.251641e-05
379,12419072,137.98,90006,7.2690,45,183.1973,0.006513,31.950245,0.034614,5.185996e-05
380,12451840,138.31,90030,7.2060,45,181.8920,0.027485,33.289654,0.031559,5.120350e-05
381,12484608,138.97,89835,7.1070,45,179.8249,-0.019396,19.440479,0.036496,5.054705e-05
382,12517376,139.30,89859,7.0740,45,179.0609,0.005326,25.877239,0.035015,4.989059e-05
383,12550144,139.63,89883,7.1400,45,180.4297,0.033175,42.489841,0.034709,4.923414e-05
384,12582912,139.95,89908,7.2110,45,181.8132,0.006956,36.486057,0.032303,4.857768e-05
385,12615680,140.28,89932,7.2940,44,183.4628,0.041828,31.322779,0.042622,4.792123e-05
386,12648448,140.61,89955,7.3050,44,183.5954,0.030324,39.126545,0.037889,4.726477e-05
387,12681216,140.93,89979,7.3280,44,183.9992,0.016918,33.475719,0.033825,4.660832e-05
388,12713984,141.26,90003,7.3040,44,183.3723,-0.031451,20.031822,0.025995,4.595186e-05
389,12746752,141.59,90026,7.2630,44,182.5680,-0.033624,19.080225,0.040894,4.529540e-05
390,12779520,141.92,90050,7.1440,44,180.0019,0.044494,52.397964,0.034586,4.463895e-05
391,12812288,142.67,89803,7.0590,44,178.2862,-0.005475,25.756996,0.034830,4.398249e-05
392,12845056,143.00,89827,7.0420,44,177.8642,-0.010342,29.629728,0.041907,4.332604e-05
393,12877824,143.32,89850,7.0700,44,178.4492,0.003278,46.944386,0.028470,4.266958e-05
394,12910592,143.65,89874,7.0510,44,177.9851,-0.014640,13.204133,0.032965,4.201313e-05
395,12943360,143.98,89899,7.1140,44,179.2324,-0.005790,34.147556,0.038583,4.135667e-05
396,12976128,144.30,89922,6.9820,44,176.3960,0.003839,38.923634,0.038655,4.070022e-05
397,13008896,144.63,89945,7.0310,44,177.3118,0.057893,41.835392,0.031695,4.004376e-05
398,13041664,144.96,89969,6.9640,44,175.9228,-0.016915,37.033333,0.044012,3.938731e-05
399,13074432,145.28,89992,7.0110,44,176.8711,0.019908,26.522572,0.038676,3.873085e-05
400,13107200,145.61,90017,7.0170,44,176.9694,0.005814,28.426680,0.038279,3.807440e-05
401,13139968,146.29,89820,6.9280,44,175.0560,-0.032318,30.704037,0.026275,3.741794e-05
402,13172736,146.62,89843,6.9090,44,174.6407,0.012841,37.600037,0.037118,3.676149e-05
403,13205504,146.94,89868,6.9550,44,175.5408,0.021675,46.800774,0.034118,3.610503e-05
404,13238272,147.27,89891,6.9520,44,175.3669,-0.026943,25.435102,0.034070,3.544858e-05
405,13271040,147.59,89915,6.9360,44,174.9939,-0.022158,26.307619,0.028882,3.479212e-05
406,13303808,147.92,89938,6.9620,44,175.4867,0.023072,35.966110,0.031504,3.413567e-05
407,13336576,148.25,89962,6.9690,44,175.7052,0.013637,36.143761,0.034638,3.347921e-05
408,13369344,148.57,89985,6.9690,44,175.6833,-0.013402,30.822067,0.040368,3.282276e-05
409,13402112,148.90,90008,6.8950,44,174.1680,0.013445,41.056805,0.031998,3.216630e-05
410,13434880,149.22,90032,6.9180,44,174.5537,-0.033455,27.383020,0.023961,3.150985e-05
411,13467648,150.07,89740,6.9980,44,176.1206,0.030379,33.094578,0.022448,3.085339e-05
412,13500416,150.40,89763,7.0010,44,176.1996,0.001363,25.412094,0.035775,3.019694e-05
413,13533184,150.73,89786,6.9890,44,175.8852,-0.039826,32.840454,0.034301,2.954048e-05
414,13565952,151.05,89810,6.9450,39,175.0140,0.029531,26.570820,0.022038,2.888403e-05
415,13598720,151.38,89833,6.8640,39,173.3999,0.066524,52.424919,0.029276,2.822757e-05
416,13631488,151.70,89856,6.9490,39,175.1833,-0.042053,18.319304,0.031347,2.757112e-05
417,13664256,152.03,89878,6.9840,39,175.9845,-0.036984,27.874962,0.035967,2.691466e-05
418,13697024,152.35,89902,6.9640,39,175.5583,0.039531,30.029121,0.024854,2.625821e-05
419,13729792,152.68,89925,7.0290,39,176.8282,0.003919,20.597511,0.028899,2.560175e-05
420,13762560,153.01,89948,7.0600,39,177.4545,-0.049447,23.349949,0.036827,2.494530e-05
421,13795328,153.81,89693,6.9980,39,176.1432,-0.021599,30.649086,0.039675,2.428884e-05
422,13828096,154.13,89717,6.9990,39,176.1816,0.034744,44.932373,0.032388,2.363239e-05
423,13860864,154.46,89737,6.9070,39,174.1685,-0.027671,36.066639,0.031610,2.297593e-05
424,13893632,154.79,89760,6.8700,39,173.4108,-0.014613,32.449272,0.036675,2.231947e-05
425,13926400,155.11,89782,6.8410,39,172.7559,0.035636,39.348015,0.029499,2.166302e-05
426,13959168,155.44,89804,6.8190,39,172.1901,0.026733,50.449768,0.030337,2.100656e-05
427,13991936,155.76,89827,6.7980,39,171.6073,0.040884,29.226332,0.032604,2.035011e-05
428,14024704,156.09,89849,6.7600,39,170.8370,-0.016398,26.519550,0.035662,1.969365e-05
429,14057472,156.42,89871,6.8490,41,172.6448,-0.003866,34.632446,0.036251,1.903720e-05
430,14090240,156.74,89894,6.8210,41,171.9824,0.000972,39.388538,0.034974,1.838074e-05
431,14123008,157.39,89731,6.8390,41,172.2871,0.018392,30.272808,0.028882,1.772429e-05
432,14155776,157.72,89753,6.8500,44,172.5080,0.005328,34.328667,0.043036,1.706783e-05
433,14188544,158.04,89775,6.8410,44,172.3366,-0.006895,30.185696,0.036584,1.641138e-05
434,14221312,158.37,89797,6.8440,44,172.3810,0.000909,29.649902,0.026684,1.575492e-05
435,14254080,158.70,89819,6.8840,44,173.1899,0.068046,61.775906,0.034322,1.509847e-05
436,14286848,159.02,89841,6.9040,44,173.6911,0.002617,20.352699,0.031225,1.444201e-05
437,14319616,159.35,89863,6.8540,44,172.6889,0.000778,39.685722,0.031824,1.378556e-05
438,14352384,159.67,89885,6.7980,44,171.4922,0.028024,35.959576,0.034840,1.312910e-05
439,14385152,160.00,89907,6.8000,44,171.5983,0.044654,48.235191,0.027887,1.247265e-05
440,14417920,160.33,89928,6.7830,44,171.2410,-0.031872,28.154675,0.033487,1.181619e-05
441,14450688,160.95,89783,6.7670,56,170.9932,0.039684,44.316162,0.036898,1.115974e-05
442,14483456,161.28,89805,6.7870,56,171.3576,0.009978,26.479521,0.032538,1.050328e-05
443,14516224,161.60,89827,6.8310,56,172.3169,-0.030326,20.693106,0.032324,9.846827e-06
444,14548992,161.93,89848,6.8740,56,173.2250,0.043016,46.187515,0.027638,9.190372e-06
445,14581760,162.25,89871,6.8150,56,171.9930,0.015027,35.126637,0.034615,8.533917e-06
446,14614528,162.58,89892,6.8180,56,172.0967,-0.004474,26.705860,0.029946,7.877462e-06
447,14647296,162.90,89915,6.8740,56,173.1709,0.016120,40.933861,0.026750,7.221007e-06
448,14680064,163.23,89937,6.8660,56,173.0639,-0.004583,27.359798,0.030487,6.564551e-06
449,14712832,163.55,89959,6.8440,56,172.6917,0.043132,39.725716,0.033001,5.908096e-06
450,14745600,163.88,89980,6.8830,56,173.3295,-0.026656,24.651112,0.030905,5.251641e-06
451,14778368,164.56,89804,6.7930,56,171.4734,0.004275,41.068787,0.037897,4.595186e-06
452,14811136,164.89,89826,6.8890,56,173.4601,-0.041824,18.152660,0.040020,3.938731e-06
453,14843904,165.21,89847,6.8970,56,173.6109,-0.024433,28.116306,0.035737,3.282276e-06
454,14876672,165.54,89867,6.8110,56,171.9344,0.042843,41.673531,0.034465,2.625821e-06
455,14909440,165.86,89889,6.7860,56,171.4257,0.010245,36.249336,0.032925,1.969365e-06
456,14942208,166.19,89910,6.8120,56,172.0489,-0.005067,30.469446,0.031095,1.312910e-06
457,14974976,166.51,89931,6.7810,69,171.4713,-0.034711,17.765629,0.032764,6.564551e-07
1,32768,0.34,96945,0.0000,0,3.1898,0.010717,8.190108,0.037680,3.000000e-04
2,65536,0.67,98310,0.0000,0,3.1898,-0.036951,2.802696,0.035619,2.993435e-04
3,98304,0.99,98865,0.1429,1,11.2500,0.038566,6.998746,0.023474,2.986871e-04
4,131072,1.32,99062,0.1429,1,11.2500,0.048019,3.913102,0.025033,2.980306e-04
5,163840,1.65,99129,0.1429,1,11.2500,0.012325,4.256289,0.026955,2.973742e-04
6,196608,1.98,99356,0.1429,1,11.2500,0.043010,4.544154,0.025856,2.967177e-04
7,229376,2.31,99459,0.1429,1,11.2500,-0.050633,4.533892,0.030040,2.960613e-04
8,262144,2.63,99583,1.6250,12,44.7627,0.015580,5.077327,0.025858,2.954048e-04
9,294912,2.96,99699,1.6250,12,44.7627,0.086711,2.937852,0.030338,2.947484e-04
10,327680,3.29,99713,1.6250,12,44.7627,0.045467,2.726743,0.023160,2.940919e-04
11,360448,3.90,92493,3.6667,20,89.8571,0.001521,2.948578,0.023647,2.934354e-04
12,393216,4.23,93032,6.3333,22,146.9503,0.000856,9.830344,0.034123,2.927790e-04
13,425984,4.56,93472,5.4286,22,126.5883,-0.027763,3.425608,0.032492,2.921225e-04
14,458752,4.89,93848,5.0667,22,118.4927,-0.019155,2.719818,0.030459,2.914661e-04
15,491520,5.22,94211,7.7059,28,175.8621,-0.013032,2.749598,0.025538,2.908096e-04
16,524288,5.55,94542,9.0000,31,203.9967,0.017655,2.867497,0.023172,2.901532e-04
17,557056,5.88,94810,10.2105,32,230.3557,0.047740,9.744354,0.038374,2.894967e-04
18,589824,6.20,95058,10.2105,32,230.3557,-0.013201,2.090791,0.023768,2.888403e-04
19,622592,6.53,95272,10.2105,32,230.3557,-0.024709,2.631286,0.020838,2.881838e-04
20,655360,6.86,95484,10.2105,32,230.3557,-0.012134,2.071259,0.036121,2.875274e-04
21,688128,7.49,91929,10.2105,32,230.3557,0.002675,1.872198,0.028874,2.868709e-04
22,720896,7.81,92274,10.2105,32,230.3557,0.024750,2.091462,0.033453,2.862144e-04
23,753664,8.14,92565,11.9000,44,266.5787,-0.017183,1.659568,0.033235,2.855580e-04
24,786432,8.47,92826,11.9000,44,266.5787,-0.029834,2.049151,0.028539,2.849015e-04
25,819200,8.80,93071,17.7917,49,393.5165,-0.036953,3.338944,0.034976,2.842451e-04
26,851968,9.13,93301,17.0800,49,377.9627,-0.008333,2.025898,0.037712,2.835886e-04
27,884736,9.46,93525,17.0800,49,377.9627,-0.043693,1.743743,0.036532,2.829322e-04
28,917504,9.79,93745,17.0800,49,377.9627,-0.031811,1.821902,0.029052,2.822757e-04
29,950272,10.11,93951,17.0800,49,377.9627,0.000387,1.672077,0.029139,2.816193e-04
30,983040,10.44,94146,17.0800,49,377.9627,0.034995,1.405639,0.026820,2.809628e-04
31,1015808,10.79,94182,18.0741,61,398.7573,-0.017853,3.620631,0.037172,2.803063e-04
32,1048576,11.11,94362,16.8276,61,371.4445,0.003611,3.983891,0.031597,2.796499e-04
33,1081344,11.44,94538,17.2812,65,380.5820,-0.047086,1.559948,0.029090,2.789934e-04
34,1114112,11.76,94700,15.8000,65,348.1413,0.058526,11.848691,0.027848,2.783370e-04
35,1146880,12.09,94854,14.9459,65,329.4347,-0.022190,1.918433,0.031917,2.776805e-04
36,1179648,12.42,95003,13.6098,65,300.6201,-0.033289,2.166828,0.035212,2.770241e-04
37,1212416,12.74,95144,12.1304,65,268.1302,-0.021292,8.072199,0.027646,2.763676e-04
38,1245184,13.07,95265,13.4151,77,294.6533,-0.011014,8.782166,0.033782,2.757112e-04
39,1277952,13.40,95386,11.6557,77,256.3001,-0.019878,8.507474,0.035442,2.750547e-04
40,1310720,13.73,95496,10.3043,77,226.8287,0.002767,10.505941,0.032513,2.743982e-04
41,1343488,14.07,95499,9.7901,82,215.2342,-0.022562,15.779006,0.028312,2.737418e-04
42,1376256,14.40,95605,9.1149,82,200.5701,0.012711,11.508546,0.034017,2.730853e-04
43,1409024,14.72,95708,8.5269,82,187.7208,-0.000190,10.048512,0.031464,2.724289e-04
44,1441792,15.05,95801,8.0918,82,178.2251,0.044986,9.198069,0.038453,2.717724e-04
45,1474560,15.38,95898,7.8515,82,173.0061,-0.024726,3.081152,0.034010,2.711160e-04
46,1507328,15.70,95986,8.3491,92,183.5519,-0.039144,4.795115,0.032936,2.704595e-04
47,1540096,16.03,96076,7.9018,92,173.7869,-0.068410,3.023695,0.032448,2.698031e-04
48,1572864,16.36,96156,7.5641,92,166.4534,0.028591,8.148980,0.036122,2.691466e-04
49,1605632,16.69,96231,7.1951,92,158.4108,-0.000415,7.662919,0.034268,2.684902e-04
50,1638400,17.01,96305,6.9685,92,153.5039,0.052470,11.018572,0.029112,2.678337e-04
51,1671168,17.36,96276,6.7557,92,148.9098,-0.039332,2.143947,0.028104,2.671772e-04
52,1703936,17.69,96344,6.5474,92,144.4610,-0.023818,1.858649,0.026487,2.665208e-04
53,1736704,18.01,96411,6.4071,92,141.4880,0.039982,6.798803,0.021246,2.658643e-04
54,1769472,18.34,96477,6.1862,92,136.7224,-0.010586,6.251401,0.037283,2.652079e-04
55,1802240,18.67,96541,6.7785,113,149.2863,0.001142,5.399088,0.031939,2.645514e-04
56,1835008,19.00,96598,6.6013,113,145.4362,-0.022830,1.972367,0.033518,2.638950e-04
57,1867776,19.32,96654,7.1847,118,157.7666,-0.023804,1.353179,0.029260,2.632385e-04
58,1900544,19.65,96708,7.8000,120,170.9061,0.024645,5.854461,0.029237,2.625821e-04
59,1933312,19.98,96759,7.7516,120,169.8612,0.008073,2.019734,0.032362,2.619256e-04
60,1966080,20.31,96808,8.2531,120,180.5478,-0.013936,0.857779,0.028474,2.612691e-04
61,1998848,20.91,95580,8.2531,120,180.5478,0.013329,0.848938,0.031982,2.606127e-04
62,2031616,21.24,95650,8.2531,120,180.5478,-0.024584,0.985714,0.030293,2.599562e-04
63,2064384,21.57,95720,8.2531,120,180.5478,-0.001503,0.880928,0.034634,2.592998e-04
64,2097152,21.90,95777,9.0123,132,196.7014,-0.034071,1.571101,0.038799,2.586433e-04
65,2129920,22.22,95838,8.9030,132,194.3591,0.018839,3.945233,0.033838,2.579869e-04
66,2162688,22.55,95903,8.9030,132,194.3591,-0.000903,0.898617,0.031958,2.573304e-04
67,2195456,22.88,95966,8.9030,132,194.3591,-0.001483,0.815838,0.028604,2.566740e-04
68,2228224,23.21,96020,8.9030,132,194.3591,-0.044159,0.872802,0.036527,2.560175e-04
69,2260992,23.53,96073,8.9030,132,194.3591,-0.040487,0.889946,0.036215,2.553611e-04
70,2293760,23.86,96128,9.7108,143,211.5595,0.027560,10.410424,0.039771,2.547046e-04
71,2326528,24.27,95849,9.7108,143,211.5595,-0.012259,0.771242,0.041608,2.540481e-04
72,2359296,24.60,95909,10.4762,148,227.8312,-0.025121,1.584160,0.036436,2.533917e-04
73,2392064,24.93,95959,10.4142,148,226.4925,-0.006223,0.871968,0.038422,2.527352e-04
74,2424832,25.26,96011,11.3509,152,246.5136,0.030439,9.236584,0.044718,2.520788e-04
75,2457600,25.58,96073,12.2514,155,265.7191,-0.066979,1.973431,0.042524,2.514223e-04
76,2490368,25.91,96132,12.6935,155,275.0703,0.001411,19.019096,0.052432,2.507659e-04
77,2523136,26.24,96170,11.6601,155,252.7999,0.003415,20.842104,0.059396,2.501094e-04
78,2555904,26.56,96226,10.5172,155,227.8144,0.037561,35.527481,0.067499,2.494530e-04
79,2588672,26.89,96277,26.6110,163,570.3012,-0.027464,560.932373,0.294726,2.487965e-04
80,2621440,27.21,96323,16.5940,163,354.6696,0.028183,460.142151,0.265910,2.481400e-04
81,2654208,27.73,95716,0.1410,141,2.4006,0.016636,398.482880,0.239241,2.474836e-04
82,2686976,28.06,95751,0.1410,141,2.7439,-0.035836,256.600128,0.167527,2.468271e-04
83,2719744,28.39,95801,0.0000,0,0.0382,0.000142,182.303558,0.116982,2.461707e-04
84,2752512,28.72,95849,0.0000,0,0.2403,-0.044784,67.402985,0.076686,2.455142e-04
85,2785280,29.04,95897,0.0000,0,0.3698,-0.060923,24.612320,0.051718,2.448578e-04
86,2818048,29.37,95949,0.0000,0,0.4273,0.023382,17.874952,0.050459,2.442013e-04
87,2850816,29.70,95997,0.0060,6,0.6224,-0.040309,2.637750,0.047074,2.435449e-04
88,2883584,30.02,96042,0.0130,7,0.7880,0.018177,2.091529,0.051206,2.428884e-04
89,2916352,30.35,96083,0.0270,10,1.1352,0.020163,7.400322,0.045250,2.422319e-04
90,2949120,30.68,96121,0.1900,163,4.6142,0.007388,12.754032,0.055668,2.415755e-04
91,2981888,31.02,96143,0.1900,163,4.6085,-0.034323,13.313182,0.049914,2.409190e-04
92,3014656,31.34,96182,0.3630,163,8.3277,-0.031788,14.453154,0.063570,2.402626e-04
93,3047424,31.67,96213,0.7100,163,15.7451,-0.045574,18.010498,0.069157,2.396061e-04
94,3080192,32.00,96246,0.7310,163,16.1701,-0.010693,35.473572,0.079967,2.389497e-04
95,3112960,32.33,96275,0.9840,163,21.5602,-0.017398,46.408287,0.083351,2.382932e-04
96,3145728,32.66,96307,1.0090,163,22.0243,-0.009843,52.823513,0.107701,2.376368e-04
97,3178496,32.99,96339,1.1140,163,24.1767,-0.006350,61.780735,0.115160,2.369803e-04
98,3211264,33.32,96375,1.2340,163,26.6867,-0.046177,58.619682,0.119656,2.363239e-04
99,3244032,33.65,96402,1.2340,163,26.5017,-0.030474,72.275131,0.117368,2.356674e-04
100,3276800,33.98,96437,1.3890,163,29.6659,0.053216,92.813454,0.148802,2.350109e-04
101,3309568,34.32,96441,1.6160,163,34.3668,-0.061128,78.730484,0.142134,2.343545e-04
102,3342336,34.64,96475,1.6930,163,35.7574,-0.013790,86.979607,0.166739,2.336980e-04
103,3375104,34.97,96505,2.1530,163,45.1360,0.008303,127.836830,0.180422,2.330416e-04
104,3407872,35.30,96536,1.5200,163,31.4616,-0.003657,135.158737,0.196336,2.323851e-04
105,3440640,35.63,96567,1.3470,163,27.7333,-0.024827,120.480957,0.203606,2.317287e-04
106,3473408,35.96,96598,1.4100,163,29.0692,0.036620,158.347366,0.210172,2.310722e-04
107,3506176,36.29,96620,1.0280,163,20.8278,-0.038046,121.526985,0.234439,2.304158e-04
108,3538944,36.62,96642,0.6410,163,12.4826,-0.054563,121.149017,0.226901,2.297593e-04
109,3571712,36.95,96669,0.3380,55,5.9569,0.035580,158.562027,0.252328,2.291028e-04
110,3604480,37.28,96697,0.4010,56,7.2777,0.013650,166.074234,0.253575,2.284464e-04
111,3637248,37.61,96709,0.4820,59,8.9908,-0.052719,153.121979,0.246534,2.277899e-04
112,3670016,37.94,96730,0.4860,59,9.0772,-0.025792,163.853912,0.270464,2.271335e-04
113,3702784,38.27,96756,0.5140,114,9.6444,-0.017336,166.904770,0.288253,2.264770e-04
114,3735552,38.60,96773,0.5910,114,11.3146,0.000079,181.505081,0.295364,2.258206e-04
115,3768320,38.93,96792,0.4170,114,7.5957,-0.003856,173.564865,0.324078,2.251641e-04
116,3801088,39.26,96818,0.3670,114,6.4888,-0.000916,180.208420,0.308022,2.245077e-04
117,3833856,39.59,96843,0.3250,67,5.6033,-0.030255,177.083435,0.306126,2.238512e-04
118,3866624,39.92,96866,0.3890,126,6.9588,-0.044295,171.766235,0.326744,2.231947e-04
119,3899392,40.25,96891,0.3890,126,6.9641,-0.031166,176.373703,0.319422,2.225383e-04
120,3932160,40.58,96905,0.3250,126,5.6109,0.034919,203.036133,0.325687,2.218818e-04
121,3964928,40.91,96910,0.2960,79,4.9797,-0.052037,177.556396,0.304723,2.212254e-04
122,3997696,41.24,96932,0.2960,79,5.0073,0.014860,196.416504,0.312326,2.205689e-04
123,4030464,41.57,96956,0.3950,85,7.1588,-0.045139,169.666656,0.294353,2.199125e-04
124,4063232,41.90,96971,0.2480,85,4.0445,0.031731,207.673798,0.331213,2.192560e-04
125,4096000,42.23,96987,0.3360,88,5.9431,0.022753,204.468048,0.317202,2.185996e-04
126,4128768,42.56,97010,0.3890,136,7.0937,0.022810,202.175629,0.308718,2.179431e-04
127,4161536,42.89,97031,0.6750,136,13.2372,-0.003631,203.712723,0.330407,2.172867e-04
128,4194304,43.22,97052,0.5870,136,11.4053,-0.011380,201.510254,0.316421,2.166302e-04
129,4227072,43.54,97073,0.6530,97,12.8326,-0.011771,204.632111,0.347239,2.159737e-04
130,4259840,43.88,97085,0.6360,157,12.4409,0.028882,226.005402,0.392071,2.153173e-04
131,4292608,44.22,97079,1.0300,157,20.8675,-0.042113,201.134460,0.369419,2.146608e-04
132,4325376,44.55,97096,0.7820,100,15.5789,-0.010287,224.974854,0.341676,2.140044e-04
133,4358144,44.90,97065,0.6970,105,13.7700,-0.011523,228.138214,0.331903,2.133479e-04
134,4390912,45.25,97037,0.6340,133,12.5176,0.047941,243.012299,0.346246,2.126915e-04
135,4423680,45.60,97015,0.6480,133,12.9466,0.017466,224.229752,0.345395,2.120350e-04
136,4456448,45.94,97001,0.3390,133,6.4641,0.023937,187.291611,0.269008,2.113786e-04
137,4489216,46.29,96989,0.2240,113,4.1752,0.011878,150.441254,0.204616,2.107221e-04
138,4521984,46.71,96814,0.1160,113,2.0336,-0.033577,89.696671,0.130122,2.100656e-04
139,4554752,47.05,96813,0.5620,115,11.7552,0.018484,77.810883,0.087224,2.094092e-04
140,4587520,47.38,96824,0.8080,123,17.0986,0.008041,36.549854,0.070630,2.087527e-04
141,4620288,47.97,96325,0.8260,123,17.6146,0.009080,16.052816,0.051889,2.080963e-04
142,4653056,48.31,96326,0.9580,123,20.5339,-0.006074,22.239540,0.054537,2.074398e-04
143,4685824,48.64,96341,1.0190,123,22.0378,0.044464,48.013329,0.048057,2.067834e-04
144,4718592,48.97,96355,1.2330,163,26.7549,-0.058193,14.841281,0.053996,2.061269e-04
145,4751360,49.32,96344,1.3810,163,30.0371,0.017277,20.296513,0.043591,2.054705e-04
146,4784128,49.65,96349,1.4540,163,31.7267,-0.009715,8.612797,0.034113,2.048140e-04
147,4816896,49.99,96352,1.7770,163,38.7618,0.009606,31.565239,0.043160,2.041575e-04
148,4849664,50.33,96359,1.7970,163,39.3142,-0.006766,15.898211,0.046833,2.035011e-04
149,4882432,50.67,96355,1.8340,163,40.1894,-0.012111,13.560468,0.044242,2.028446e-04
150,4915200,51.01,96361,2.0050,163,44.0056,0.012814,30.482264,0.038088,2.021882e-04
151,4947968,51.55,95985,2.0630,163,45.3650,-0.029280,12.480822,0.034160,2.015317e-04
152,4980736,51.89,95992,2.5630,163,56.1911,-0.034540,17.624390,0.043693,2.008753e-04
153,5013504,52.23,95991,3.0490,163,66.6269,0.023485,21.996592,0.047603,2.002188e-04
154,5046272,52.56,96013,3.1570,163,69.1274,0.001359,18.458977,0.049400,1.995624e-04
155,5079040,52.90,96010,3.5520,163,77.7853,-0.021026,35.338966,0.044320,1.989059e-04
156,5111808,53.24,96014,4.1400,163,90.4704,-0.000595,42.846176,0.053551,1.982495e-04
157,5144576,53.58,96018,4.3250,163,94.5718,0.019170,41.115921,0.049871,1.975930e-04
158,5177344,53.92,96024,4.4400,163,97.1013,-0.015798,10.565847,0.056470,1.969365e-04
159,5210112,54.26,96021,4.6580,163,101.8878,0.063670,32.330269,0.056014,1.962801e-04
160,5242880,54.59,96043,5.1810,163,113.2410,0.009403,39.787632,0.043948,1.956236e-04
161,5275648,55.16,95642,6.5350,163,142.2493,0.007082,54.935509,0.054209,1.949672e-04
162,5308416,55.49,95664,6.8720,163,149.6657,0.047358,50.823269,0.055676,1.943107e-04
163,5341184,55.82,95688,7.1230,163,155.1598,-0.033440,19.756916,0.059370,1.936543e-04
164,5373952,56.15,95714,7.5930,163,165.3337,-0.008902,30.396122,0.045471,1.929978e-04
165,5406720,56.47,95738,7.9650,163,173.5316,-0.012775,41.289536,0.046850,1.923414e-04
166,5439488,56.80,95758,8.0510,163,175.4837,-0.009242,20.761034,0.042982,1.916849e-04
167,5472256,57.13,95781,8.1380,163,177.3951,-0.030001,4.060845,0.047308,1.910284e-04
168,5505024,57.47,95788,8.3850,163,182.7514,-0.058048,4.728175,0.050840,1.903720e-04
169,5537792,57.81,95789,8.4610,163,184.4490,-0.014796,8.030594,0.042113,1.897155e-04
170,5570560,58.14,95804,8.6780,163,189.2466,0.029665,32.937321,0.044713,1.890591e-04
171,5603328,58.72,95427,8.8520,163,193.1265,-0.005783,31.171535,0.057153,1.884026e-04
172,5636096,59.05,95438,9.0460,163,197.3939,-0.006877,18.577028,0.045040,1.877462e-04
173,5668864,59.39,95452,9.4390,163,206.0609,0.000671,38.264332,0.031995,1.870897e-04
174,5701632,59.73,95450,9.7760,163,213.4531,-0.024713,29.244844,0.034117,1.864333e-04
175,5734400,60.06,95472,9.8710,163,215.5591,0.048133,25.083431,0.042340,1.857768e-04
176,5767168,60.39,95491,10.1050,163,220.6999,-0.009038,16.237823,0.040904,1.851204e-04
177,5799936,60.73,95501,10.2230,163,223.3691,0.000951,24.841946,0.044809,1.844639e-04
178,5832704,61.08,95492,10.3220,163,225.6024,-0.051775,6.920874,0.036784,1.838074e-04
179,5865472,61.41,95506,10.5810,163,231.2289,-0.028449,12.960110,0.044135,1.831510e-04
180,5898240,61.76,95509,10.9140,163,238.5681,0.027454,45.542377,0.041571,1.824945e-04
181,5931008,62.43,95000,11.2370,163,245.6029,0.027738,55.779995,0.054229,1.818381e-04
182,5963776,62.76,95028,11.5080,163,251.5243,0.001863,32.205696,0.050334,1.811816e-04
183,5996544,63.10,95037,11.6420,163,254.5234,-0.017258,14.095556,0.046508,1.805252e-04
184,6029312,63.44,95045,11.9480,163,261.2839,-0.012329,30.725723,0.031344,1.798687e-04
185,6062080,63.76,95069,12.1610,163,265.9758,-0.016723,25.759628,0.044899,1.792123e-04
186,6094848,64.09,95094,12.3860,163,270.9456,0.022682,39.583103,0.035890,1.785558e-04
187,6127616,64.42,95115,12.7840,163,279.6067,-0.006249,23.252466,0.038668,1.778993e-04
188,6160384,64.76,95125,12.9680,163,283.7421,-0.038272,17.616941,0.040786,1.772429e-04
189,6193152,65.10,95137,13.3210,163,291.5096,-0.004234,38.438652,0.033486,1.765864e-04
190,6225920,65.43,95149,13.4800,163,295.1606,-0.011248,34.435867,0.041685,1.759300e-04
191,6258688,66.15,94613,13.6500,163,298.8900,-0.002947,14.002460,0.048070,1.752735e-04
192,6291456,66.48,94634,13.9900,163,306.2667,0.014871,35.856674,0.042486,1.746171e-04
193,6324224,66.82,94651,14.2500,163,312.0152,-0.027998,28.143297,0.043962,1.739606e-04
194,6356992,67.14,94681,14.5700,163,319.0729,-0.036700,24.963017,0.038360,1.733042e-04
195,6389760,67.47,94703,15.1720,163,332.2391,0.013344,58.013592,0.043575,1.726477e-04
196,6422528,67.80,94729,15.5270,163,340.0629,-0.038371,23.266541,0.033951,1.719912e-04
197,6455296,68.13,94748,15.9140,163,348.4643,-0.043361,16.955368,0.038533,1.713348e-04
198,6488064,68.46,94765,16.0800,163,352.1442,-0.001685,21.629908,0.041287,1.706783e-04
199,6520832,68.81,94772,16.3910,163,359.0277,-0.038714,41.709087,0.033302,1.700219e-04
200,6553600,69.13,94794,16.6200,163,364.1474,-0.010039,32.398899,0.034542,1.693654e-04
201,6586368,69.95,94160,16.8580,163,369.3772,-0.000806,22.265930,0.040061,1.687090e-04
202,6619136,70.28,94179,17.1530,163,375.9432,0.054666,54.092400,0.033561,1.680525e-04
203,6651904,70.62,94198,17.5350,163,384.2766,-0.000439,29.899033,0.027465,1.673961e-04
204,6684672,70.96,94201,17.5290,163,384.4764,0.010539,37.453518,0.032206,1.667396e-04
205,6717440,71.30,94213,17.7110,163,388.5909,-0.032409,19.829500,0.030266,1.660832e-04
206,6750208,71.65,94216,17.9310,163,393.5390,-0.018749,40.680244,0.038105,1.654267e-04
207,6782976,71.98,94228,18.2380,163,400.3170,-0.010182,22.296482,0.032474,1.647702e-04
208,6815744,72.33,94236,18.4030,163,403.9964,-0.010111,20.813679,0.034371,1.641138e-04
209,6848512,72.67,94241,18.6380,163,409.2701,-0.036509,18.209661,0.033379,1.634573e-04
210,6881280,73.01,94257,18.9390,163,416.0758,0.000726,57.714027,0.043926,1.628009e-04
211,6914048,74.01,93426,18.9890,163,417.2824,0.003036,36.671013,0.045745,1.621444e-04
212,6946816,74.34,93443,19.3540,163,425.5177,-0.026089,82.517639,0.038177,1.614880e-04
213,6979584,74.68,93463,19.6160,163,431.3279,0.013330,55.870636,0.035326,1.608315e-04
214,7012352,75.01,93481,19.6950,163,433.1405,-0.006785,19.196667,0.032216,1.601751e-04
215,7045120,75.35,93494,19.7700,163,435.0549,-0.035910,41.045712,0.060307,1.595186e-04
216,7077888,75.69,93510,19.8470,163,436.9478,0.022212,79.694962,0.043177,1.588621e-04
217,7110656,76.08,93465,19.8260,163,436.6437,-0.002165,52.752502,0.047546,1.582057e-04
218,7143424,76.41,93488,19.9350,163,439.2909,-0.004478,41.224266,0.038735,1.575492e-04
219,7176192,76.75,93499,20.1960,163,445.0531,0.020869,68.307556,0.044734,1.568928e-04
220,7208960,77.09,93514,19.6810,163,434.3741,-0.010644,75.726959,0.036722,1.562363e-04
221,7241728,77.92,92942,19.3310,163,427.0885,0.051098,70.670784,0.041565,1.555799e-04
222,7274496,78.26,92957,19.1700,163,423.8980,-0.014527,68.545441,0.043885,1.549234e-04
223,7307264,78.59,92977,18.7810,163,416.0648,-0.009758,77.248260,0.034023,1.542670e-04
224,7340032,78.93,92999,18.6330,163,413.2266,-0.026085,59.883202,0.036049,1.536105e-04
225,7372800,79.26,93017,18.6810,163,414.4458,-0.056856,20.992987,0.040346,1.529540e-04
226,7405568,79.60,93039,17.9990,163,400.3573,-0.006990,72.428787,0.033681,1.522976e-04
227,7438336,79.93,93054,17.4410,163,389.0602,0.003080,97.631432,0.034357,1.516411e-04
228,7471104,80.27,93070,16.9770,127,379.7736,-0.034002,67.283798,0.028858,1.509847e-04
229,7503872,80.61,93088,16.9090,127,378.8213,0.033654,111.216103,0.031170,1.503282e-04
230,7536640,80.95,93104,16.9980,150,381.0155,-0.036209,51.377380,0.037294,1.496718e-04
231,7569408,81.63,92733,16.7800,150,376.7258,-0.017821,69.321426,0.036377,1.490153e-04
232,7602176,81.96,92753,16.6810,150,374.9685,-0.026922,64.304031,0.031340,1.483589e-04
233,7634944,82.30,92771,16.5540,150,372.6231,0.007662,79.621841,0.035025,1.477024e-04
234,7667712,82.63,92790,16.3110,150,367.6775,0.039609,72.430229,0.033618,1.470460e-04
235,7700480,82.97,92805,15.9740,150,360.8616,-0.021995,51.869633,0.040569,1.463895e-04
236,7733248,83.31,92825,15.7550,150,356.5308,0.006454,86.127457,0.033955,1.457330e-04
237,7766016,83.65,92843,15.8060,150,358.0683,0.041296,90.406235,0.040480,1.450766e-04
238,7798784,83.98,92861,15.4340,150,350.6310,0.013408,90.789986,0.028135,1.444201e-04
239,7831552,84.32,92877,15.0330,150,342.4037,0.015580,102.065704,0.046546,1.437637e-04
240,7864320,84.66,92894,14.7930,150,337.4152,-0.023258,49.372498,0.035581,1.431072e-04
241,7897088,85.52,92345,14.5240,150,331.9819,0.046932,113.259750,0.042765,1.424508e-04
242,7929856,85.85,92371,13.9980,150,321.0237,-0.002665,70.638504,0.043796,1.417943e-04
243,7962624,86.17,92401,13.7100,150,315.0256,0.006966,86.843643,0.041434,1.411379e-04
244,7995392,86.50,92429,13.2770,150,306.0846,0.000380,87.549713,0.040550,1.404814e-04
245,8028160,86.83,92453,12.7420,150,294.9623,-0.011470,69.174034,0.032293,1.398249e-04
246,8060928,87.16,92480,12.5250,150,290.5291,-0.028738,49.144363,0.044987,1.391685e-04
247,8093696,87.49,92506,11.9520,150,278.7016,-0.039527,47.435577,0.038297,1.385120e-04
248,8126464,87.82,92531,11.6910,150,273.5546,0.006563,96.611221,0.035526,1.378556e-04
249,8159232,88.15,92555,11.5790,150,271.2388,-0.012859,23.201851,0.036110,1.371991e-04
250,8192000,88.49,92580,11.1310,150,261.9477,-0.021509,69.462822,0.030806,1.365427e-04
251,8224768,89.10,92304,10.8600,150,256.1881,0.011754,46.525070,0.055561,1.358862e-04
252,8257536,89.44,92329,10.4510,150,247.6438,-0.002379,80.478935,0.036689,1.352298e-04
253,8290304,89.78,92341,10.2380,150,243.2706,0.046126,115.289093,0.039102,1.345733e-04
254,8323072,90.13,92340,9.9760,150,237.8529,-0.068567,45.716335,0.032984,1.339168e-04
255,8355840,90.46,92366,9.8640,150,235.5141,0.028615,67.264259,0.035348,1.332604e-04
256,8388608,90.80,92385,9.4280,150,226.5074,-0.050500,52.573364,0.043069,1.326039e-04
257,8421376,91.14,92404,9.2290,150,222.3744,-0.035378,47.537292,0.024357,1.319475e-04
258,8454144,91.47,92424,9.1210,150,220.1032,-0.040776,26.885481,0.041534,1.312910e-04
259,8486912,91.80,92446,8.8810,150,215.1074,-0.011946,72.016174,0.043619,1.306346e-04
260,8519680,92.13,92472,8.7110,150,211.5208,-0.021767,58.238148,0.045976,1.299781e-04
261,8552448,92.89,92074,8.6460,150,210.3264,0.064039,88.899452,0.036849,1.293217e-04
262,8585216,93.23,92088,8.6080,150,209.5858,-0.040516,48.597809,0.032543,1.286652e-04
263,8617984,93.56,92115,8.5650,150,208.6890,-0.020347,39.149414,0.028753,1.280088e-04
264,8650752,93.88,92144,8.4940,150,207.2500,0.030246,99.219696,0.040284,1.273523e-04
265,8683520,94.21,92172,8.4650,150,206.7999,0.011888,63.223362,0.037786,1.266958e-04
266,8716288,94.54,92201,8.2370,150,201.9651,0.008266,49.284405,0.050500,1.260394e-04
267,8749056,94.86,92229,8.1310,150,199.6348,0.008668,77.039795,0.058590,1.253829e-04
268,8781824,95.19,92253,8.1350,150,199.7539,-0.021511,44.089592,0.051723,1.247265e-04
269,8814592,95.53,92270,8.1290,150,199.5944,0.015903,77.947144,0.056034,1.240700e-04
270,8847360,95.86,92292,8.1420,150,199.8659,-0.023664,57.405464,0.027390,1.234136e-04
271,8880128,96.61,91916,8.1390,150,199.7244,0.002429,46.077858,0.031045,1.227571e-04
272,8912896,96.97,91917,8.0070,53,196.9769,-0.015132,67.723236,0.033459,1.221007e-04
273,8945664,97.30,91943,8.0290,53,197.4533,-0.009208,52.527607,0.038391,1.214442e-04
274,8978432,97.63,91968,8.0160,53,197.2976,-0.007931,55.314716,0.040386,1.207877e-04
275,9011200,97.95,91995,8.0560,53,198.1739,-0.002003,67.627014,0.030022,1.201313e-04
276,9043968,98.29,92017,8.0320,53,197.7304,-0.012618,40.942310,0.050060,1.194748e-04
277,9076736,98.61,92042,8.0690,53,198.5222,-0.004831,59.226875,0.036437,1.188184e-04
278,9109504,98.94,92068,8.1030,53,199.2266,0.057391,37.411324,0.037370,1.181619e-04
279,9142272,99.27,92093,8.1580,52,200.4602,-0.019686,60.239891,0.040319,1.175055e-04
280,9175040,99.60,92118,8.1460,52,200.1853,-0.045365,23.853233,0.045465,1.168490e-04
281,9207808,100.67,91462,8.0860,52,198.9434,0.076678,102.090858,0.050949,1.161926e-04
282,9240576,101.00,91487,8.2090,52,201.4704,0.015166,78.180984,0.050105,1.155361e-04
283,9273344,101.33,91513,8.3320,57,204.1974,0.009419,53.903847,0.031518,1.148796e-04
284,9306112,101.67,91536,8.4230,57,206.1031,-0.035212,51.588654,0.036041,1.142232e-04
285,9338880,102.00,91554,8.5810,57,209.2339,-0.026439,47.941254,0.044705,1.135667e-04
286,9371648,102.34,91575,8.7020,57,211.9159,0.042494,94.270699,0.040966,1.129103e-04
287,9404416,102.67,91602,8.7150,57,212.2553,0.005109,71.435402,0.027914,1.122538e-04
288,9437184,103.00,91621,8.6130,57,210.1937,-0.015971,50.845398,0.037393,1.115974e-04
289,9469952,103.34,91642,8.6310,57,210.7559,-0.063981,34.907070,0.050902,1.109409e-04
290,9502720,103.66,91669,8.7180,57,212.6386,-0.039132,41.235168,0.049008,1.102845e-04
291,9535488,104.80,90984,8.7450,57,213.2353,-0.034678,44.430264,0.054179,1.096280e-04
292,9568256,105.13,91013,8.7830,78,214.0224,0.050437,89.968704,0.037362,1.089716e-04
293,9601024,105.46,91040,8.7850,78,214.1576,0.007217,58.784657,0.038492,1.083151e-04
294,9633792,105.79,91069,8.7630,78,213.7103,-0.008816,56.259861,0.041819,1.076586e-04
295,9666560,106.13,91078,8.7890,78,214.2165,0.020424,75.832909,0.043642,1.070022e-04
296,9699328,106.46,91104,8.7930,78,214.3644,0.054198,60.556801,0.040031,1.063457e-04
297,9732096,106.79,91132,8.7740,78,214.0279,0.072733,103.401505,0.045670,1.056893e-04
298,9764864,107.12,91160,8.7670,78,213.8436,0.019076,42.765476,0.040702,1.050328e-04
299,9797632,107.47,91169,8.7270,78,212.9707,0.017811,67.257713,0.045230,1.043764e-04
300,9830400,107.80,91188,8.8430,78,215.4512,-0.022997,73.195816,0.029142,1.037199e-04
301,9863168,108.56,90856,8.8640,78,215.9240,-0.020010,33.817696,0.038077,1.030635e-04
302,9895936,108.89,90882,8.8910,78,216.5938,0.074582,105.566063,0.045760,1.024070e-04
303,9928704,109.21,90911,8.9230,78,217.2740,0.023010,46.820702,0.038380,1.017505e-04
304,9961472,109.54,90936,8.8920,78,216.6275,0.000615,66.451843,0.042043,1.010941e-04
305,9994240,109.87,90962,8.9460,78,217.9130,0.017305,68.508873,0.053913,1.004376e-04
306,10027008,110.20,90992,8.9920,78,219.0251,-0.011292,73.054901,0.042483,9.978118e-05
307,10059776,110.52,91018,9.0100,78,219.4667,-0.025061,27.348722,0.045653,9.912473e-05
308,10092544,110.85,91047,9.1230,78,221.8039,-0.001230,64.433945,0.043358,9.846827e-05
309,10125312,111.17,91075,9.1510,78,222.4648,0.056516,86.568298,0.039453,9.781182e-05
310,10158080,111.50,91103,9.1790,78,223.0487,-0.021435,74.006996,0.041081,9.715536e-05
311,10190848,112.13,90886,9.2030,78,223.5571,-0.014529,32.006676,0.039605,9.649891e-05
312,10223616,112.45,90915,9.2200,78,223.9344,-0.012560,69.510643,0.042515,9.584245e-05
313,10256384,112.78,90941,9.2670,78,225.0273,-0.034620,47.927147,0.045780,9.518600e-05
314,10289152,113.11,90968,9.2600,78,224.8674,0.008718,43.174145,0.052312,9.452954e-05
315,10321920,113.43,90996,9.2700,78,225.1387,0.044368,100.325569,0.053196,9.387309e-05
316,10354688,113.76,91025,9.3470,78,226.7942,0.016490,56.782539,0.046787,9.321663e-05
317,10387456,114.08,91053,9.2410,78,224.5830,-0.034016,54.416252,0.043587,9.256018e-05
318,10420224,114.42,91066,9.2130,78,223.9783,-0.037375,54.644444,0.051800,9.190372e-05
319,10452992,114.75,91092,9.1780,78,223.2839,-0.071349,21.870089,0.044762,9.124726e-05
320,10485760,115.08,91118,9.2190,78,224.0722,-0.000286,59.339687,0.046188,9.059081e-05
321,10518528,116.17,90546,9.1910,78,223.5349,0.034052,100.845657,0.044713,8.993435e-05
322,10551296,116.51,90563,9.2100,78,223.8624,-0.010177,33.382851,0.045555,8.927790e-05
323,10584064,116.83,90590,9.2240,78,224.1514,-0.065539,31.354639,0.049924,8.862144e-05
324,10616832,117.16,90616,9.2250,78,224.1392,-0.017531,58.410046,0.049645,8.796499e-05
325,10649600,117.49,90642,9.2150,78,223.8550,0.021319,77.712921,0.036275,8.730853e-05
326,10682368,117.82,90663,9.2080,78,223.7999,-0.027447,69.249550,0.041801,8.665208e-05
327,10715136,118.15,90688,9.1400,78,222.3071,0.016925,73.083687,0.036214,8.599562e-05
328,10747904,118.48,90715,8.9940,78,219.3559,-0.010104,43.854824,0.052302,8.533917e-05
329,10780672,118.81,90741,8.7880,78,215.1308,0.012946,113.386696,0.048719,8.468271e-05
330,10813440,119.13,90769,8.7400,78,214.0562,0.069205,63.849148,0.046071,8.402626e-05
331,10846208,119.81,90530,8.6700,78,212.6326,0.019709,45.163353,0.036801,8.336980e-05
332,10878976,120.13,90557,8.6570,78,212.2452,-0.002739,64.574402,0.050499,8.271335e-05
333,10911744,120.46,90585,8.5510,78,209.9168,0.012645,64.994598,0.040055,8.205689e-05
334,10944512,120.78,90612,8.6300,78,211.5154,-0.011822,40.630234,0.033670,8.140044e-05
335,10977280,121.11,90639,8.6280,78,211.4279,-0.005340,41.822296,0.052291,8.074398e-05
336,11010048,121.44,90665,8.6010,78,210.9016,0.034977,57.238602,0.053366,8.008753e-05
337,11042816,121.76,90692,8.5750,74,210.3644,0.035255,100.064209,0.051816,7.943107e-05
338,11075584,122.09,90720,8.5770,74,210.3890,-0.042625,51.822609,0.044038,7.877462e-05
339,11108352,122.41,90748,8.6170,74,211.3308,0.039737,88.502426,0.042792,7.811816e-05
340,11141120,122.74,90773,8.5940,74,210.8879,-0.015217,45.038250,0.042171,7.746171e-05
341,11173888,123.45,90512,8.6100,74,211.2461,-0.005256,43.434231,0.042867,7.680525e-05
342,11206656,123.78,90538,8.6190,74,211.3986,-0.014380,64.653435,0.037446,7.614880e-05
343,11239424,124.10,90564,8.5960,74,211.0467,0.008170,62.753613,0.049226,7.549234e-05
344,11272192,124.43,90589,8.6280,74,211.7483,0.024953,63.618134,0.040193,7.483589e-05
345,11304960,124.76,90615,8.7160,74,213.4906,-0.051361,44.207382,0.041484,7.417943e-05
346,11337728,125.09,90640,8.7200,74,213.5600,-0.007493,57.772293,0.046133,7.352298e-05
347,11370496,125.41,90665,8.6790,74,212.6877,-0.009871,45.266598,0.053848,7.286652e-05
348,11403264,125.74,90690,8.7120,74,213.3511,0.015578,65.942108,0.042268,7.221007e-05
349,11436032,126.07,90714,8.6810,74,212.6251,0.027056,51.599110,0.052256,7.155361e-05
350,11468800,126.39,90739,8.6720,74,212.3443,-0.007201,58.426525,0.063295,7.089716e-05
351,11501568,127.29,90355,8.6630,74,212.1671,-0.003056,44.354462,0.042180,7.024070e-05
352,11534336,127.62,90379,8.6130,74,211.1060,0.055585,120.733017,0.037020,6.958425e-05
353,11567104,127.95,90405,8.6120,74,211.0107,0.054155,83.521225,0.050093,6.892779e-05
354,11599872,128.27,90430,8.5770,60,210.2669,-0.006899,48.955715,0.048016,6.827133e-05
355,11632640,128.60,90455,8.6070,60,210.9236,-0.049377,36.659374,0.046185,6.761488e-05
356,11665408,128.93,90480,8.6960,60,212.7963,0.007913,79.613190,0.035088,6.695842e-05
357,11698176,129.25,90506,8.6860,60,212.5634,0.000522,59.154743,0.039822,6.630197e-05
358,11730944,129.58,90531,8.6910,60,212.6428,0.020735,53.362564,0.043555,6.564551e-05
359,11763712,129.91,90555,8.6930,60,212.7087,-0.073887,29.572596,0.054324,6.498906e-05
360,11796480,130.23,90580,8.6540,60,211.8333,0.021311,51.347374,0.037715,6.433260e-05
361,11829248,130.95,90336,8.6570,60,211.8861,-0.005439,51.500328,0.045976,6.367615e-05
362,11862016,131.27,90360,8.6580,60,211.8261,0.008204,49.739632,0.046537,6.301969e-05
363,11894784,131.60,90385,8.6670,60,211.9735,0.005535,47.749039,0.048261,6.236324e-05
364,11927552,131.93,90411,8.6850,60,212.3822,-0.014796,62.359230,0.053672,6.170678e-05
365,11960320,132.25,90435,8.7210,60,213.0276,0.035824,54.741081,0.046813,6.105033e-05
366,11993088,132.58,90461,8.6630,60,211.8473,0.051856,86.805099,0.045805,6.039387e-05
367,12025856,132.90,90486,8.7560,65,213.7670,-0.024764,36.071751,0.047908,5.973742e-05
368,12058624,133.23,90512,8.7370,65,213.3109,0.010467,60.009285,0.043791,5.908096e-05
369,12091392,133.55,90536,8.6600,65,211.7416,-0.052416,15.720497,0.047081,5.842451e-05
370,12124160,133.88,90560,8.6540,65,211.7213,0.038684,77.572952,0.053998,5.776805e-05
371,12156928,134.79,90190,8.6960,84,212.5751,-0.013181,47.887913,0.044735,5.711160e-05
372,12189696,135.12,90215,8.6860,84,212.4765,-0.012991,45.050076,0.048393,5.645514e-05
373,12222464,135.44,90240,8.6930,84,212.5881,0.007400,53.265621,0.050137,5.579869e-05
374,12255232,135.77,90265,8.6980,84,212.6806,0.046098,76.749573,0.056035,5.514223e-05
375,12288000,136.10,90288,8.7610,84,213.9712,0.023734,50.250748,0.046340,5.448578e-05
376,12320768,136.42,90312,8.8880,84,216.6763,-0.011866,60.346436,0.039044,5.382932e-05
377,12353536,136.75,90335,8.9800,84,218.5743,0.002474,65.738571,0.037695,5.317287e-05
378,12386304,137.08,90360,8.9880,84,218.7757,0.018830,66.103279,0.045892,5.251641e-05
379,12419072,137.40,90383,8.9790,84,218.5805,0.001166,51.334419,0.045348,5.185996e-05
380,12451840,137.73,90408,8.9380,84,217.7136,-0.054338,18.846661,0.032996,5.120350e-05
381,12484608,139.03,89799,9.0300,84,219.5436,-0.013359,54.524391,0.040966,5.054705e-05
382,12517376,139.37,89816,9.0430,84,219.8570,-0.023022,42.462486,0.043875,4.989059e-05
383,12550144,139.71,89828,9.0630,84,220.1494,-0.001086,50.916473,0.039921,4.923414e-05
384,12582912,140.21,89744,9.0370,84,219.6455,0.007024,51.780716,0.046077,4.857768e-05
385,12615680,140.54,89762,8.9750,84,218.3445,-0.001592,26.661119,0.043634,4.792123e-05
386,12648448,140.87,89784,9.0100,84,219.0137,-0.053279,26.315649,0.031159,4.726477e-05
387,12681216,141.21,89802,9.3100,102,225.2801,-0.072760,29.613335,0.039633,4.660832e-05
388,12713984,141.55,89822,9.3420,102,225.9581,0.008595,54.876427,0.044625,4.595186e-05
389,12746752,141.87,89845,9.3320,102,225.7412,-0.019070,48.428638,0.040697,4.529540e-05
390,12779520,142.20,89868,9.3430,102,225.9578,-0.030097,33.956017,0.044410,4.463895e-05
391,12812288,142.97,89613,9.2320,102,223.7231,0.013879,74.864151,0.048692,4.398249e-05
392,12845056,143.30,89636,9.2850,102,224.8563,-0.050275,32.076111,0.045795,4.332604e-05
393,12877824,143.63,89659,9.2780,102,224.7064,0.043043,54.455750,0.035824,4.266958e-05
394,12910592,143.96,89684,9.3550,102,226.3303,-0.018639,61.886620,0.042276,4.201313e-05
395,12943360,144.28,89708,9.3480,102,226.1468,-0.023765,41.952778,0.042756,4.135667e-05
396,12976128,144.61,89731,9.4240,102,227.8260,0.050361,71.132858,0.039188,4.070022e-05
397,13008896,144.94,89754,9.3630,102,226.5144,0.069746,94.319351,0.045240,4.004376e-05
398,13041664,145.27,89776,9.3680,102,226.6868,-0.006012,69.585014,0.043551,3.938731e-05
399,13074432,145.59,89800,9.4200,102,227.8288,0.035427,53.076294,0.039490,3.873085e-05
400,13107200,145.92,89823,9.4030,102,227.5640,0.026353,79.335327,0.039840,3.807440e-05
401,13139968,146.46,89716,9.3190,102,225.7649,0.025762,83.633865,0.040479,3.741794e-05
402,13172736,146.79,89739,9.3030,102,225.4658,-0.034393,19.728100,0.054394,3.676149e-05
403,13205504,147.11,89763,9.2700,102,224.7962,0.013743,50.560043,0.039121,3.610503e-05
404,13238272,147.44,89786,9.2380,102,224.1710,0.002105,63.070862,0.045575,3.544858e-05
405,13271040,147.77,89809,9.2200,102,223.8241,-0.037452,32.641136,0.032829,3.479212e-05
406,13303808,148.10,89832,9.2170,102,223.7754,-0.032596,52.074898,0.051169,3.413567e-05
407,13336576,148.42,89854,9.2640,102,224.8059,-0.011640,30.832773,0.044964,3.347921e-05
408,13369344,148.75,89877,9.3470,102,226.6282,0.016016,66.020790,0.037183,3.282276e-05
409,13402112,149.08,89900,9.3350,102,226.4491,0.011222,55.619267,0.047113,3.216630e-05
410,13434880,149.40,89922,9.3900,102,227.5950,-0.009581,36.382225,0.052536,3.150985e-05
411,13467648,150.07,89741,9.3660,102,227.0395,-0.001554,40.849838,0.039007,3.085339e-05
412,13500416,150.40,89764,9.3630,102,226.9960,-0.054931,22.805592,0.034201,3.019694e-05
413,13533184,150.73,89786,9.3570,102,226.7568,-0.020681,45.296684,0.047967,2.954048e-05
414,13565952,151.05,89808,9.3150,102,225.9583,-0.052942,24.473700,0.047324,2.888403e-05
415,13598720,151.38,89830,9.3370,102,226.4506,-0.029263,40.220173,0.046124,2.822757e-05
416,13631488,151.71,89853,9.3600,102,226.9069,0.044080,78.254494,0.047619,2.757112e-05
417,13664256,152.04,89875,9.3500,102,226.6989,0.019315,24.729206,0.052892,2.691466e-05
418,13697024,152.36,89897,9.2610,102,224.8739,0.031374,61.129368,0.046404,2.625821e-05
419,13729792,152.69,89918,9.3030,102,225.6565,0.007519,43.900909,0.041431,2.560175e-05
420,13762560,153.02,89940,9.4120,102,227.8925,0.011451,67.652290,0.045543,2.494530e-05
421,13795328,153.59,89821,9.5100,102,229.9377,-0.001105,45.229305,0.041526,2.428884e-05
422,13828096,153.91,89843,9.3950,102,227.4847,-0.004900,48.185665,0.037294,2.363239e-05
423,13860864,154.24,89864,9.3860,102,227.2715,0.079913,81.164360,0.043024,2.297593e-05
424,13893632,154.57,89886,9.3450,102,226.4924,-0.031892,27.595160,0.041363,2.231947e-05
425,13926400,154.90,89907,9.3670,102,226.9854,0.035128,48.974064,0.032431,2.166302e-05
426,13959168,155.23,89928,9.3990,102,227.6045,0.034995,63.375717,0.044494,2.100656e-05
427,13991936,155.55,89950,9.5210,102,230.2125,0.031263,75.082047,0.041660,2.035011e-05
428,14024704,155.88,89972,9.5310,102,230.4208,0.007604,39.948242,0.048375,1.969365e-05
429,14057472,156.21,89993,9.6010,111,231.8546,0.017239,59.480667,0.041151,1.903720e-05
430,14090240,156.53,90014,9.6260,111,232.3647,0.023614,43.669178,0.043827,1.838074e-05
431,14123008,157.17,89855,9.6330,111,232.5722,0.005619,26.750980,0.042389,1.772429e-05
432,14155776,157.50,89877,9.6950,111,233.8430,0.012657,42.725182,0.042703,1.706783e-05
433,14188544,157.83,89898,9.7400,111,234.7881,-0.017182,35.363651,0.038472,1.641138e-05
434,14221312,158.16,89919,9.7950,111,235.9823,-0.027510,42.466419,0.054969,1.575492e-05
435,14254080,158.48,89940,9.6060,111,232.0590,0.023581,50.679001,0.039093,1.509847e-05
436,14286848,158.81,89961,9.5540,111,231.0280,-0.003635,41.724869,0.041049,1.444201e-05
437,14319616,159.14,89982,9.6370,111,232.7511,-0.044085,23.279613,0.043136,1.378556e-05
438,14352384,159.47,90003,9.6700,111,233.4607,-0.013770,39.454048,0.046424,1.312910e-05
439,14385152,159.79,90024,9.6910,111,233.8051,0.006728,47.819466,0.045137,1.247265e-05
440,14417920,160.12,90045,9.7100,111,234.2044,0.043965,60.937801,0.048720,1.181619e-05
441,14450688,160.82,89856,9.7590,111,235.1818,-0.019080,28.601921,0.039025,1.115974e-05
442,14483456,161.15,89877,9.7760,111,235.5177,0.063429,63.217045,0.044995,1.050328e-05
443,14516224,161.47,89898,9.7780,111,235.4827,0.020968,32.111778,0.046908,9.846827e-06
444,14548992,161.80,89918,9.8810,111,237.6254,-0.024354,31.408329,0.036596,9.190372e-06
445,14581760,162.13,89938,9.9210,111,238.4836,-0.033305,29.568781,0.045039,8.533917e-06
446,14614528,162.46,89959,9.8750,111,237.4902,-0.014573,42.214600,0.043459,7.877462e-06
447,14647296,162.79,89979,9.9910,111,239.8672,-0.034926,31.507797,0.030836,7.221007e-06
448,14680064,163.11,89999,10.1040,111,242.2131,0.017012,33.835949,0.040830,6.564551e-06
449,14712832,163.44,90019,10.0800,111,241.7014,0.002600,38.699699,0.055628,5.908096e-06
450,14745600,163.77,90038,10.1150,111,242.4928,0.055889,71.712921,0.037662,5.251641e-06
451,14778368,164.68,89741,10.1970,111,244.2295,0.000030,67.044434,0.054396,4.595186e-06
452,14811136,165.00,89762,10.2040,111,244.3781,-0.026432,21.598166,0.045119,3.938731e-06
453,14843904,165.33,89782,10.3360,111,247.1165,0.032655,88.634361,0.041336,3.282276e-06
454,14876672,165.66,89802,10.3610,111,247.7033,-0.030948,39.299179,0.046648,2.625821e-06
455,14909440,165.99,89821,10.4480,111,249.4979,0.012838,47.567291,0.040841,1.969365e-06
456,14942208,166.32,89840,10.4400,111,249.3505,-0.029406,27.207962,0.041776,1.312910e-06
457,14974976,166.65,89859,10.4450,111,249.4283,0.028829,61.089439,0.043159,6.564551e-07
1,32768,0.34,96122,0.0000,0,0.0000,0.051427,0.278803,0.016065,3.000000e-04
2,65536,0.67,98231,0.5469,2,0.0000,-0.042167,1.185859,0.040935,2.999345e-04
3,98304,0.99,98929,2.8438,4,0.0000,0.028419,2.492378,0.042493,2.998689e-04
4,131072,1.32,99364,4.0000,4,114.4933,0.032069,3.326783,0.036553,2.998034e-04
5,163840,1.64,99623,4.0000,4,114.4933,-0.032451,1.658601,0.045198,2.997378e-04
6,196608,1.97,99824,4.0000,4,114.4933,0.024257,1.131675,0.048389,2.996723e-04
7,229376,2.30,99861,4.0000,4,114.4933,-0.034322,1.176508,0.041715,2.996067e-04
8,262144,2.62,99882,4.0000,4,114.4933,0.029659,1.103376,0.056522,2.995412e-04
9,294912,2.95,99949,4.0000,4,114.4933,-0.030674,1.166382,0.057391,2.994756e-04
10,327680,3.28,99956,4.0000,4,114.4933,0.038079,0.788404,0.046827,2.994101e-04
11,360448,4.70,76667,4.0000,4,114.4933,-0.078248,1.048262,0.047491,2.993445e-04
12,393216,5.03,78170,4.0000,4,114.4933,-0.026823,0.768542,0.060909,2.992790e-04
13,425984,5.36,79480,4.0000,4,114.4933,0.054202,0.710313,0.052748,2.992135e-04
14,458752,5.69,80653,9.6667,25,224.9644,0.010621,3.782953,0.075756,2.991479e-04
15,491520,6.02,81705,14.2500,28,324.4962,-0.019069,0.807006,0.076207,2.990824e-04
16,524288,6.34,82658,14.2500,28,324.4962,-0.036086,0.717257,0.058109,2.990168e-04
17,557056,6.67,83478,14.2500,28,324.4962,-0.011054,0.588740,0.053115,2.989513e-04
18,589824,7.00,84252,14.2500,28,324.4962,-0.004358,0.555522,0.062584,2.988857e-04
19,622592,7.33,84955,14.2500,28,324.4962,0.008358,0.475166,0.054487,2.988202e-04
20,655360,7.66,85611,19.2000,39,430.3118,-0.038915,0.539995,0.063809,2.987546e-04
21,688128,8.13,84653,16.0000,39,359.3141,0.026490,2.591781,0.066010,2.986891e-04
22,720896,8.46,85242,16.0000,39,359.3141,0.034714,0.471654,0.066262,2.986236e-04
23,753664,8.78,85794,16.0000,39,359.3141,0.002351,0.455445,0.073250,2.985580e-04
24,786432,9.11,86292,16.0000,39,359.3141,-0.015285,0.618161,0.070508,2.984925e-04
25,819200,9.44,86770,20.7143,49,460.2384,0.024918,6.100848,0.079655,2.984269e-04
26,851968,9.77,87212,24.5000,51,541.5293,-0.030366,0.375076,0.071191,2.983614e-04
27,884736,10.10,87620,21.7778,51,481.7948,-0.014874,1.127031,0.056646,2.982958e-04
28,917504,10.43,88001,21.7778,51,481.7948,0.028056,0.459896,0.075671,2.982303e-04
29,950272,10.75,88362,21.7778,51,481.7948,0.012059,0.378960,0.054600,2.981647e-04
30,983040,11.08,88701,21.7778,51,481.7948,0.051546,0.306034,0.057730,2.980992e-04
31,1015808,11.43,88886,21.7778,51,481.7948,0.019658,0.343730,0.063655,2.980336e-04
32,1048576,11.75,89204,21.7778,51,481.7948,0.015166,0.352695,0.071630,2.979681e-04
33,1081344,12.08,89500,21.7778,51,481.7948,-0.017522,0.284761,0.065735,2.979026e-04
34,1114112,12.41,89778,21.7778,51,481.7948,0.024604,0.297256,0.068954,2.978370e-04
35,1146880,12.74,90047,21.7778,51,481.7948,-0.005566,0.330928,0.064413,2.977715e-04
36,1179648,13.06,90303,21.7778,51,481.7948,-0.016335,0.306266,0.067660,2.977059e-04
37,1212416,13.39,90540,21.7778,51,481.7948,0.049648,0.278800,0.069646,2.976404e-04
38,1245184,13.72,90773,21.7778,51,481.7948,-0.061963,0.331483,0.061023,2.975748e-04
39,1277952,14.04,90991,27.5000,79,603.6069,0.005655,3.132030,0.069591,2.975093e-04
40,1310720,14.37,91200,18.3333,79,402.1204,-0.009555,7.406233,0.069746,2.974437e-04
41,1343488,14.71,91354,13.7500,79,301.3228,-0.051897,1.953688,0.070804,2.973782e-04
42,1376256,15.03,91547,11.4583,79,250.8761,0.041793,18.365185,0.068661,2.973127e-04
43,1409024,15.36,91728,11.3125,87,246.2603,-0.005931,14.697952,0.062588,2.972471e-04
44,1441792,15.69,91903,8.6190,87,187.3093,0.060274,36.401836,0.079878,2.971816e-04
45,1474560,16.02,92065,6.9615,87,151.0273,0.038328,24.805092,0.077821,2.971160e-04
46,1507328,16.34,92221,5.8387,87,126.4717,0.033439,26.599194,0.070660,2.970505e-04
47,1540096,16.67,92372,5.0278,87,108.7040,0.017799,22.450209,0.088836,2.969849e-04
48,1572864,17.00,92520,4.4691,87,96.5175,0.051995,21.297939,0.084493,2.969194e-04
49,1605632,17.33,92661,3.9780,87,85.7669,0.013131,18.120407,0.084571,2.968538e-04
50,1638400,17.66,92796,3.5842,87,77.1299,0.006497,17.196671,0.075453,2.967883e-04
51,1671168,17.99,92893,3.2321,87,69.4208,0.040615,19.353603,0.082394,2.967227e-04
52,1703936,18.32,93021,2.9917,87,64.1596,-0.021387,8.463322,0.080667,2.966572e-04
53,1736704,18.65,93140,2.7424,87,58.6829,-0.007080,17.814808,0.080432,2.965917e-04
54,1769472,18.97,93257,2.5315,87,54.0660,0.040328,20.811176,0.085100,2.965261e-04
55,1802240,19.30,93376,2.3660,87,50.4414,-0.012358,13.036415,0.068603,2.964606e-04
56,1835008,19.63,93495,2.2209,87,47.2597,0.053971,24.904797,0.076211,2.963950e-04
57,1867776,19.95,93607,2.0925,87,44.4510,0.010919,18.755484,0.083950,2.963295e-04
58,1900544,20.28,93719,1.9890,87,42.1867,0.076262,28.246710,0.089386,2.962639e-04
59,1933312,20.61,93826,1.8756,87,39.7017,0.009547,19.008368,0.079012,2.961984e-04
60,1966080,20.93,93929,1.7833,87,37.6807,-0.004838,14.483595,0.084683,2.961328e-04
61,1998848,21.26,94000,1.6995,87,35.8569,0.040839,22.101841,0.089206,2.960673e-04
62,2031616,21.59,94100,1.6161,87,34.0112,0.025548,19.386925,0.077258,2.960017e-04
63,2064384,21.92,94196,2.0630,129,43.5069,0.018812,21.549421,0.093109,2.959362e-04
64,2097152,22.24,94290,1.9407,129,40.8413,0.044354,30.185598,0.090653,2.958707e-04
65,2129920,22.57,94379,1.8390,129,38.6420,0.028427,23.100899,0.086357,2.958051e-04
66,2162688,22.89,94468,1.7350,129,36.3784,0.036996,24.863853,0.080397,2.957396e-04
67,2195456,23.22,94554,2.0828,138,43.7517,0.006490,26.838438,0.101126,2.956740e-04
68,2228224,23.54,94636,2.3558,139,49.5654,0.031619,40.278522,0.088204,2.956085e-04
69,2260992,23.87,94716,2.5634,142,53.9439,0.017754,36.862282,0.097525,2.955429e-04
70,2293760,24.20,94790,2.3636,142,49.6359,-0.028428,26.182568,0.098560,2.954774e-04
71,2326528,24.53,94837,2.1981,142,46.0688,0.002626,35.826317,0.095141,2.954118e-04
72,2359296,24.86,94913,2.3775,148,49.8784,0.047688,57.314560,0.103789,2.953463e-04
73,2392064,25.18,94985,2.2042,148,46.1467,-0.018074,34.273979,0.094690,2.952808e-04
74,2424832,25.51,95054,2.3205,151,48.6076,-0.022125,41.441174,0.111285,2.952152e-04
75,2457600,25.84,95122,2.4039,154,50.3502,-0.001985,56.746704,0.109011,2.951497e-04
76,2490368,26.16,95187,2.2271,154,46.5517,-0.005786,52.103516,0.103063,2.950841e-04
77,2523136,26.49,95251,2.0777,154,43.3307,-0.049611,37.346577,0.103292,2.950186e-04
78,2555904,26.82,95314,2.1648,161,45.1740,0.002727,51.292706,0.111866,2.949530e-04
79,2588672,27.14,95371,18.9180,163,402.7130,-0.074484,818.367981,0.592845,2.948875e-04
80,2621440,27.47,95426,0.0000,0,-1.3804,-0.023095,619.899353,0.647144,2.948219e-04
81,2654208,27.81,95455,0.0000,0,-1.3769,-0.003236,656.051514,0.616891,2.947564e-04
82,2686976,28.14,95497,0.1630,163,2.1247,0.008259,643.385376,0.644974,2.946908e-04
83,2719744,28.47,95545,0.1630,163,2.1396,0.021542,658.501709,0.630939,2.946253e-04
84,2752512,28.79,95595,0.1430,143,1.7175,-0.012974,626.062622,0.636247,2.945598e-04
85,2785280,29.12,95634,0.1430,143,1.7064,-0.043515,584.610352,0.663121,2.944942e-04
86,2818048,29.45,95677,0.0000,0,-1.3428,0.034131,661.642090,0.650042,2.944287e-04
87,2850816,29.78,95721,0.0000,0,-1.3542,0.015647,627.755554,0.644397,2.943631e-04
88,2883584,30.11,95763,0.0000,0,-1.3560,0.003249,601.749023,0.625461,2.942976e-04
89,2916352,30.44,95804,0.0000,0,-1.3332,0.019732,618.439819,0.621251,2.942320e-04
90,2949120,30.77,95846,0.0000,0,-1.3085,0.006404,596.974854,0.607357,2.941665e-04
91,2981888,31.11,95863,0.0000,0,-1.2663,-0.013532,566.410645,0.633191,2.941009e-04
92,3014656,31.43,95905,0.1630,163,2.2023,0.002579,580.165527,0.591791,2.940354e-04
93,3047424,31.76,95940,0.1630,163,2.1832,0.040165,607.387390,0.603788,2.939698e-04
94,3080192,32.09,95978,0.0000,0,-1.2884,-0.004556,579.406921,0.590340,2.939043e-04
95,3112960,32.42,96014,0.0000,0,-1.2770,0.019335,590.929077,0.566221,2.938388e-04
96,3145728,32.75,96053,0.0000,0,-1.2884,-0.039867,545.129578,0.562902,2.937732e-04
97,3178496,33.08,96089,0.0000,0,-1.2448,-0.008030,533.177246,0.559381,2.937077e-04
98,3211264,33.41,96126,0.0000,0,-1.2356,-0.006849,551.004028,0.569138,2.936421e-04
99,3244032,33.74,96160,0.1620,162,2.2281,-0.038437,509.778259,0.540759,2.935766e-04
100,3276800,34.06,96195,0.1620,162,2.2203,0.032930,582.147339,0.505580,2.935110e-04
101,3309568,34.40,96208,0.0000,0,-1.1613,0.012292,545.103210,0.436204,2.934455e-04
102,3342336,34.73,96241,0.0000,0,-1.0659,0.000036,511.853180,0.449685,2.933799e-04
103,3375104,35.06,96275,0.1620,162,2.4644,-0.054997,466.729492,0.399635,2.933144e-04
104,3407872,35.38,96309,0.1620,162,2.5686,0.057451,545.959167,0.358295,2.932489e-04
105,3440640,35.71,96340,0.1620,162,2.8048,0.026329,452.093353,0.313553,2.931833e-04
106,3473408,36.04,96371,0.1620,162,3.1331,-0.075264,335.962311,0.235382,2.931178e-04
107,3506176,36.37,96400,0.0000,0,0.1190,0.003610,326.537964,0.167865,2.930522e-04
108,3538944,36.70,96429,0.0020,2,0.7099,0.045406,326.304993,0.118560,2.929867e-04
109,3571712,37.03,96456,0.0080,3,1.3753,0.009442,201.440659,0.088001,2.929211e-04
110,3604480,37.36,96484,0.0280,8,2.5962,-0.007602,220.355194,0.081261,2.928556e-04
111,3637248,37.77,96308,0.0410,12,3.3474,-0.005838,173.290283,0.067415,2.927900e-04
112,3670016,38.10,96338,0.0600,12,4.1896,-0.014784,125.982452,0.078973,2.927245e-04
113,3702784,38.42,96369,0.0600,12,4.2827,0.027704,37.792374,0.065123,2.926589e-04
114,3735552,38.75,96401,0.0600,12,4.2827,0.042415,0.946105,0.060354,2.925934e-04
115,3768320,39.08,96431,0.0760,16,4.6410,-0.021842,0.728197,0.059948,2.925279e-04
116,3801088,39.41,96459,0.0760,16,4.6450,-0.022727,1.496755,0.070380,2.924623e-04
117,3833856,39.73,96489,0.0760,16,4.6357,0.027311,4.080880,0.074232,2.923968e-04
118,3866624,40.06,96518,0.0760,16,4.6287,0.042134,6.547984,0.072275,2.923312e-04
119,3899392,40.39,96547,0.0760,16,4.6168,0.043811,6.699640,0.077382,2.922657e-04
120,3932160,40.72,96574,0.0760,16,4.6014,0.017013,4.769691,0.077555,2.922001e-04
121,3964928,41.05,96586,0.0760,16,4.5982,0.018012,4.741096,0.078463,2.921346e-04
122,3997696,41.38,96613,0.0760,16,4.5770,-0.016928,2.473131,0.076282,2.920690e-04
123,4030464,41.71,96639,0.0760,16,4.5638,0.048177,5.377077,0.078840,2.920035e-04
124,4063232,42.03,96665,0.1110,35,5.3060,0.028782,7.863110,0.079261,2.919380e-04
125,4096000,42.36,96689,0.1110,35,5.2871,-0.006315,5.549899,0.077810,2.918724e-04
126,4128768,42.69,96714,0.1440,35,5.9870,0.008007,16.290348,0.086878,2.918069e-04
127,4161536,43.02,96737,0.1700,35,6.5049,0.040605,26.615520,0.097906,2.917413e-04
128,4194304,43.35,96760,0.1700,35,6.4651,-0.018631,9.260100,0.097736,2.916758e-04
129,4227072,43.68,96782,0.2040,35,7.1637,-0.027378,11.248993,0.088160,2.916102e-04
130,4259840,44.00,96804,0.2860,44,8.8870,-0.004520,20.565403,0.107467,2.915447e-04
131,4292608,44.34,96810,0.3310,47,9.7434,0.011219,29.544529,0.119424,2.914791e-04
132,4325376,44.67,96833,0.3310,47,9.6051,0.031230,29.407797,0.114130,2.914136e-04
133,4358144,45.00,96855,0.3310,47,9.4498,0.004106,22.262836,0.113859,2.913480e-04
134,4390912,45.33,96874,0.3800,49,10.3251,-0.006472,26.495325,0.116512,2.912825e-04
135,4423680,45.65,96894,0.3800,49,10.2108,-0.027356,20.330853,0.108708,2.912170e-04
136,4456448,45.98,96914,0.4280,49,11.1041,0.013840,34.227226,0.130374,2.911514e-04
137,4489216,46.31,96932,0.5400,61,13.3192,0.021346,39.949364,0.130865,2.910859e-04
138,4521984,46.64,96948,0.8160,67,18.8929,0.005789,51.889202,0.144054,2.910203e-04
139,4554752,46.97,96965,0.8670,67,19.4476,0.043601,57.398331,0.174526,2.909548e-04
140,4587520,47.30,96979,0.8510,67,18.5400,-0.006554,41.962631,0.166502,2.908892e-04
141,4620288,47.64,96973,0.9210,71,19.5877,0.008500,49.858994,0.165704,2.908237e-04
142,4653056,47.99,96961,0.8900,71,18.3577,-0.037622,40.354557,0.164748,2.907581e-04
143,4685824,48.32,96967,1.0080,71,20.3979,0.084865,67.495247,0.193479,2.906926e-04
144,4718592,48.66,96976,0.9450,71,18.9922,0.050977,72.826889,0.178518,2.906270e-04
145,4751360,48.99,96983,0.9630,81,19.3269,-0.038373,51.538071,0.185178,2.905615e-04
146,4784128,49.33,96990,0.9900,81,19.8902,0.003802,57.312222,0.193344,2.904960e-04
147,4816896,49.66,96998,0.8070,81,15.9482,-0.010569,60.485012,0.184616,2.904304e-04
148,4849664,49.99,97007,0.6460,81,12.4565,-0.082220,44.809883,0.179386,2.903649e-04
149,4882432,50.32,97025,0.5750,81,10.9215,0.046477,68.675011,0.211341,2.902993e-04
150,4915200,50.65,97035,0.6530,81,12.5965,0.004465,62.147148,0.209192,2.902338e-04
151,4947968,51.00,97024,0.5980,81,11.4355,-0.008640,60.808163,0.202260,2.901682e-04
152,4980736,51.33,97029,0.3860,79,6.8888,0.012897,65.553848,0.207022,2.901027e-04
153,5013504,51.67,97035,0.4800,94,8.8598,0.019597,77.163925,0.206845,2.900371e-04
154,5046272,52.00,97041,0.4130,94,7.3857,0.019074,66.845200,0.224931,2.899716e-04
155,5079040,52.33,97052,0.4240,94,7.6211,0.000503,59.925377,0.229177,2.899061e-04
156,5111808,52.66,97067,0.3460,94,5.9568,-0.049601,52.314415,0.223926,2.898405e-04
157,5144576,52.99,97080,0.4530,107,8.2252,0.029979,73.699265,0.215472,2.897750e-04
158,5177344,53.32,97093,0.5720,107,10.7373,0.002868,81.315704,0.234868,2.897094e-04
159,5210112,53.65,97107,0.5720,107,10.7715,-0.019547,66.319916,0.227755,2.896439e-04
160,5242880,53.98,97120,0.5840,107,11.0514,-0.018482,65.913330,0.237023,2.895783e-04
161,5275648,54.33,97111,0.6020,107,11.4321,0.015276,68.077652,0.240439,2.895128e-04
162,5308416,54.66,97125,0.6040,109,11.4733,0.031530,81.278740,0.257992,2.894472e-04
163,5341184,54.99,97137,0.9460,113,18.8204,-0.025872,89.218117,0.234574,2.893817e-04
164,5373952,55.32,97150,0.8520,113,16.8158,0.021707,79.360275,0.297742,2.893161e-04
165,5406720,55.65,97161,0.8750,121,17.2893,-0.028563,86.367699,0.270495,2.892506e-04
166,5439488,55.98,97174,0.8810,121,17.4342,0.017354,87.879562,0.290579,2.891851e-04
167,5472256,56.31,97186,0.6650,121,12.8352,0.000092,73.802963,0.303271,2.891195e-04
168,5505024,56.64,97198,0.4630,121,8.5046,-0.009260,85.142700,0.281630,2.890540e-04
169,5537792,56.97,97211,0.5790,122,10.9944,0.029145,86.156517,0.323857,2.889884e-04
170,5570560,57.30,97222,0.5970,129,11.3737,0.034237,92.798737,0.325585,2.889229e-04
171,5603328,57.63,97221,0.7340,129,14.2604,0.051065,100.457527,0.340471,2.888573e-04
172,5636096,57.96,97233,0.4990,129,9.2242,0.099149,98.720680,0.349939,2.887918e-04
173,5668864,58.30,97243,0.3770,129,6.6159,-0.021413,78.296112,0.310829,2.887262e-04
174,5701632,58.63,97255,0.1210,121,1.1515,-0.001573,85.497086,0.310894,2.886607e-04
175,5734400,58.96,97264,0.1320,132,1.3525,0.006643,83.488708,0.316720,2.885951e-04
176,5767168,59.29,97274,0.2730,141,4.3452,-0.016703,78.078133,0.317709,2.885296e-04
177,5799936,59.62,97283,0.4060,141,7.1948,-0.013553,76.749916,0.340187,2.884641e-04
178,5832704,59.95,97291,0.2740,141,4.4546,0.023329,80.382042,0.346816,2.883985e-04
179,5865472,60.28,97298,0.2740,141,4.4462,-0.068833,66.925591,0.310616,2.883330e-04
180,5898240,60.61,97307,0.1460,146,1.7111,-0.008868,78.170792,0.326170,2.882674e-04
181,5931008,60.95,97304,0.2980,152,4.9680,-0.024476,78.451118,0.317980,2.882019e-04
182,5963776,61.28,97313,0.2980,152,4.9744,0.025365,78.902328,0.324172,2.881363e-04
183,5996544,61.61,97322,0.9470,163,18.7779,-0.008676,90.950592,0.334361,2.880708e-04
184,6029312,61.95,97331,1.4460,163,29.3890,-0.022591,87.327042,0.367947,2.880052e-04
185,6062080,62.28,97338,2.2500,163,46.4588,0.015778,101.637619,0.410886,2.879397e-04
186,6094848,62.61,97347,2.4100,162,49.8611,0.041951,135.413391,0.417858,2.878742e-04
187,6127616,62.94,97356,2.2680,163,46.8530,0.089041,163.949936,0.449086,2.878086e-04
188,6160384,63.27,97364,2.2700,163,46.9177,-0.016201,133.489395,0.470136,2.877431e-04
189,6193152,63.60,97374,2.5920,163,53.8289,-0.014207,149.232330,0.520588,2.876775e-04
190,6225920,63.93,97383,3.7220,163,77.8666,-0.010987,177.694580,0.564508,2.876120e-04
191,6258688,64.27,97383,4.2110,163,88.1829,0.058738,241.098206,0.656208,2.875464e-04
192,6291456,64.60,97394,0.8110,163,15.8295,-0.001992,150.433868,0.675372,2.874809e-04
193,6324224,64.93,97405,0.0000,0,-1.3655,-0.005636,138.444565,0.663192,2.874153e-04
194,6356992,65.26,97416,0.0000,0,-1.3416,-0.068843,131.226791,0.664061,2.873498e-04
195,6389760,65.59,97427,0.0000,0,-1.3325,-0.049099,128.499680,0.686980,2.872842e-04
196,6422528,65.91,97437,0.0000,0,-1.3508,0.011248,141.054504,0.683249,2.872187e-04
197,6455296,66.24,97450,0.0000,0,-1.3550,-0.009660,129.704987,0.676594,2.871532e-04
198,6488064,66.57,97465,0.0000,0,-1.3687,0.006655,137.240891,0.686633,2.870876e-04
199,6520832,66.90,97478,0.0000,0,-1.3771,0.045684,139.073441,0.666391,2.870221e-04
200,6553600,67.22,97492,0.0000,0,-1.3650,-0.010731,128.640350,0.669097,2.869565e-04
201,6586368,67.56,97491,0.0000,0,-1.3194,-0.008610,124.099709,0.665318,2.868910e-04
202,6619136,67.89,97504,0.0000,0,-1.3571,0.033970,128.088364,0.678791,2.868254e-04
203,6651904,68.21,97514,0.0000,0,-1.3532,-0.027442,119.816978,0.685771,2.867599e-04
204,6684672,68.54,97524,0.0000,0,-1.3538,-0.033904,115.834663,0.684519,2.866943e-04
205,6717440,68.87,97534,0.0000,0,-1.3600,-0.006704,114.308968,0.686503,2.866288e-04
206,6750208,69.20,97543,0.0000,0,-1.3727,-0.019454,114.115189,0.692588,2.865633e-04
207,6782976,69.53,97551,0.0000,0,-1.4127,0.055013,124.229843,0.691340,2.864977e-04
208,6815744,69.86,97561,0.0000,0,-1.4139,-0.020197,111.176239,0.690944,2.864322e-04
209,6848512,70.19,97570,0.0000,0,-1.3524,0.012959,109.533409,0.676633,2.863666e-04
210,6881280,70.52,97579,0.0000,0,-1.3652,-0.036373,105.197586,0.645296,2.863011e-04
211,6914048,70.86,97579,0.0000,0,-1.3389,-0.006753,103.570450,0.606111,2.862355e-04
212,6946816,71.19,97587,0.0000,0,-1.2764,-0.031221,97.053780,0.642310,2.861700e-04
213,6979584,71.51,97597,0.0000,0,-1.3065,-0.001426,103.450348,0.614413,2.861044e-04
214,7012352,71.84,97606,0.0000,0,-1.2713,0.008442,96.880432,0.648940,2.860389e-04
215,7045120,72.17,97614,0.0000,0,-1.2833,0.007136,97.301712,0.668209,2.859733e-04
216,7077888,72.50,97623,0.0000,0,-1.3188,0.015864,100.339241,0.672462,2.859078e-04
217,7110656,72.83,97631,0.0000,0,-1.3647,0.002912,96.362595,0.685633,2.858423e-04
218,7143424,73.16,97640,0.0000,0,-1.3745,-0.070119,86.469650,0.683013,2.857767e-04
219,7176192,73.49,97648,0.0000,0,-1.3764,-0.001179,91.460411,0.684455,2.857112e-04
220,7208960,73.82,97656,0.0000,0,-1.3831,-0.030299,86.886070,0.688577,2.856456e-04
221,7241728,74.16,97655,0.0000,0,-1.3681,0.050585,94.581779,0.690003,2.855801e-04
222,7274496,74.48,97663,0.0000,0,-1.3762,-0.003029,86.123657,0.691057,2.855145e-04
223,7307264,74.81,97672,0.0000,0,-1.3753,0.012702,86.508278,0.685686,2.854490e-04
224,7340032,75.14,97680,0.0000,0,-1.4211,0.043408,89.396408,0.690591,2.853834e-04
225,7372800,75.47,97688,0.0000,0,-1.3847,0.005842,80.109535,0.689227,2.853179e-04
226,7405568,75.80,97696,0.0000,0,-1.3556,-0.006472,78.474457,0.685721,2.852523e-04
227,7438336,76.13,97704,0.0000,0,-1.3793,0.023079,79.274017,0.679796,2.851868e-04
228,7471104,76.46,97712,0.0000,0,-1.3951,-0.062661,70.690796,0.686727,2.851213e-04
229,7503872,76.79,97720,0.0000,0,-1.4155,0.012049,76.260406,0.688570,2.850557e-04
230,7536640,77.12,97729,0.0000,0,-1.4054,0.012565,74.654419,0.686828,2.849902e-04
231,7569408,77.45,97728,0.0000,0,-1.3648,-0.013788,69.711998,0.679380,2.849246e-04
232,7602176,77.78,97736,0.0000,0,-1.3629,-0.007710,69.343346,0.685230,2.848591e-04
233,7634944,78.11,97744,0.0000,0,-1.3624,0.010672,66.890518,0.656824,2.847935e-04
234,7667712,78.44,97752,0.0000,0,-1.3523,-0.046278,62.990860,0.620818,2.847280e-04
235,7700480,78.77,97759,0.0000,0,-1.2935,-0.053433,58.782593,0.651099,2.846624e-04
236,7733248,79.10,97766,0.0000,0,-1.2618,0.016270,64.447273,0.645800,2.845969e-04
237,7766016,79.43,97774,0.0000,0,-1.2598,-0.006975,58.914566,0.600523,2.845314e-04
238,7798784,79.76,97781,0.0000,0,-1.2188,0.002623,57.737358,0.529965,2.844658e-04
239,7831552,80.09,97789,0.0000,0,-1.0575,-0.021386,49.718994,0.517737,2.844003e-04
240,7864320,80.42,97795,0.0000,0,-0.9119,0.015638,50.159737,0.491727,2.843347e-04
241,7897088,80.77,97778,0.0000,0,-0.7551,0.014852,47.345299,0.412205,2.842692e-04
242,7929856,81.10,97783,0.0030,1,-0.4869,0.026626,72.807808,0.303714,2.842036e-04
243,7962624,81.43,97790,0.0170,8,0.1661,-0.005223,86.483566,0.244074,2.841381e-04
244,7995392,81.76,97796,0.0330,8,0.8462,-0.039339,59.215881,0.179204,2.840725e-04
245,8028160,82.09,97802,0.0780,8,2.1202,-0.021470,58.183174,0.124479,2.840070e-04
246,8060928,82.41,97809,0.0840,8,2.4978,-0.016338,23.257858,0.089607,2.839414e-04
247,8093696,82.74,97816,0.1240,9,3.6098,-0.030613,36.886276,0.068822,2.838759e-04
248,8126464,83.07,97824,0.1510,13,4.4036,0.008653,25.887737,0.075896,2.838104e-04
249,8159232,83.40,97830,0.2040,16,5.7248,-0.017504,38.304161,0.069287,2.837448e-04
250,8192000,83.73,97838,0.2660,16,7.2383,0.006099,25.789658,0.061927,2.836793e-04
251,8224768,84.12,97771,0.3400,19,9.0976,-0.024410,25.997368,0.079924,2.836137e-04
252,8257536,84.45,97779,0.3400,19,9.2171,0.035334,10.182895,0.084777,2.835482e-04
253,8290304,84.78,97787,0.3790,20,10.1615,-0.004057,10.552273,0.081323,2.834826e-04
254,8323072,85.11,97796,0.4020,20,10.7197,0.050432,27.672045,0.072436,2.834171e-04
255,8355840,85.44,97803,0.4050,20,10.8400,0.065463,19.510296,0.067516,2.833515e-04
256,8388608,85.76,97811,0.4050,20,10.8477,0.003878,1.896619,0.067305,2.832860e-04
257,8421376,86.09,97818,0.4440,24,11.7247,-0.027864,0.952138,0.058001,2.832205e-04
258,8454144,86.42,97827,0.4720,24,12.3653,0.011614,8.345522,0.061328,2.831549e-04
259,8486912,86.75,97837,0.4720,24,12.3642,0.005704,0.350669,0.065486,2.830894e-04
260,8519680,87.07,97845,0.4720,24,12.3680,-0.023291,0.282584,0.060220,2.830238e-04
261,8552448,87.48,97762,0.5110,39,13.2105,-0.026131,1.082953,0.075127,2.829583e-04
262,8585216,87.81,97771,0.5110,39,13.2105,0.028640,0.057844,0.061788,2.828927e-04
263,8617984,88.14,97780,0.5110,39,13.2105,0.030381,0.035394,0.050038,2.828272e-04
264,8650752,88.46,97788,0.5660,39,14.4212,0.022290,15.789827,0.052149,2.827616e-04
265,8683520,88.79,97796,0.6330,44,15.8571,-0.008134,5.022359,0.068811,2.826961e-04
266,8716288,89.12,97805,0.7570,48,18.5324,-0.025814,1.643954,0.066382,2.826305e-04
267,8749056,89.45,97814,0.7570,48,18.5324,0.012058,1.428321,0.060446,2.825650e-04
268,8781824,89.77,97822,0.7570,48,18.5324,-0.028510,0.025069,0.046664,2.824995e-04
269,8814592,90.10,97830,0.7570,48,18.5324,0.009993,0.030598,0.069031,2.824339e-04
270,8847360,90.43,97839,0.9250,59,22.1459,-0.020812,8.546157,0.058685,2.823684e-04
271,8880128,90.86,97732,0.9250,59,22.1459,0.035125,1.373839,0.060928,2.823028e-04
272,8912896,91.19,97741,0.9250,59,22.1459,-0.000371,0.025012,0.051827,2.822373e-04
273,8945664,91.52,97750,1.0340,63,24.5175,-0.040303,1.660603,0.060685,2.821717e-04
274,8978432,91.84,97758,1.1600,66,27.2093,0.003358,9.877405,0.046143,2.821062e-04
275,9011200,92.17,97766,1.2230,66,28.5623,-0.067844,3.726626,0.063134,2.820406e-04
276,9043968,92.50,97775,1.3770,66,31.8383,0.020660,19.047110,0.063572,2.819751e-04
277,9076736,92.82,97784,1.5210,76,34.8940,0.026776,14.232551,0.071033,2.819095e-04
278,9109504,93.15,97794,1.5920,76,36.3940,-0.025522,0.496055,0.056013,2.818440e-04
279,9142272,93.48,97801,1.7170,76,39.0596,-0.001907,7.629238,0.065948,2.817785e-04
280,9175040,93.81,97809,1.8770,83,42.4938,0.073631,28.599331,0.055318,2.817129e-04
281,9207808,94.21,97734,1.8770,83,42.4938,-0.011931,1.243880,0.057400,2.816474e-04
282,9240576,94.54,97742,1.9610,84,44.2965,-0.033183,0.035310,0.066353,2.815818e-04
283,9273344,94.87,97751,2.2030,84,49.4340,0.056743,22.561584,0.063281,2.815163e-04
284,9306112,95.19,97759,2.4320,84,54.3178,0.002384,13.020405,0.066916,2.814507e-04
285,9338880,95.52,97768,2.6350,92,58.6487,0.014630,13.542448,0.069745,2.813852e-04
286,9371648,95.85,97775,3.0820,92,68.2030,-0.018828,19.224955,0.060863,2.813196e-04
287,9404416,96.18,97783,3.4800,92,76.7645,-0.018995,22.894344,0.069787,2.812541e-04
288,9437184,96.50,97793,3.7520,93,82.5591,0.064740,29.044857,0.050956,2.811886e-04
289,9469952,96.83,97801,3.7520,93,82.5591,-0.006352,0.927080,0.060200,2.811230e-04
290,9502720,97.16,97808,3.8170,93,83.9658,0.005045,12.609873,0.067961,2.810575e-04
291,9535488,97.58,97721,3.8230,93,84.1119,0.043080,11.290799,0.065342,2.809919e-04
292,9568256,97.90,97730,3.9430,109,86.7276,0.020439,22.296286,0.065924,2.809264e-04
293,9601024,98.23,97739,4.4800,112,98.1743,0.003515,40.944691,0.069263,2.808608e-04
294,9633792,98.56,97747,4.6300,112,101.3869,0.009680,38.595203,0.064022,2.807953e-04
295,9666560,98.89,97755,5.0540,115,110.4258,0.062577,40.103264,0.062191,2.807297e-04
296,9699328,99.21,97762,5.0540,115,110.4258,-0.005361,0.988472,0.067445,2.806642e-04
297,9732096,99.54,97770,5.1270,115,111.9932,0.005288,2.407855,0.052890,2.805986e-04
298,9764864,99.87,97778,5.1380,115,112.2454,0.076375,11.966042,0.062561,2.805331e-04
299,9797632,100.19,97785,5.1650,115,112.8361,-0.012713,0.698839,0.049541,2.804676e-04
300,9830400,100.52,97794,5.3220,115,116.1763,-0.003098,7.066360,0.066189,2.804020e-04
301,9863168,100.97,97684,5.4930,121,119.8187,-0.027983,0.629857,0.065741,2.803365e-04
302,9895936,101.30,97691,5.6090,121,122.2905,-0.030781,1.482914,0.082362,2.802709e-04
303,9928704,101.62,97699,5.6090,121,122.2905,-0.035124,0.017490,0.065938,2.802054e-04
304,9961472,101.95,97707,5.6090,121,122.2905,-0.029793,0.021931,0.064692,2.801398e-04
305,9994240,102.28,97715,5.7820,130,125.9748,0.027910,8.883855,0.063174,2.800743e-04
306,10027008,102.61,97723,5.8030,130,126.4317,-0.013335,2.596468,0.065160,2.800087e-04
307,10059776,102.93,97730,6.0160,137,130.9645,-0.003162,6.024612,0.055598,2.799432e-04
308,10092544,103.26,97738,6.0770,137,132.2682,-0.012774,5.890889,0.059471,2.798776e-04
309,10125312,103.59,97747,6.3440,137,137.9173,0.022290,11.792879,0.073188,2.798121e-04
310,10158080,103.91,97754,6.6120,141,143.6140,-0.012752,5.225071,0.068880,2.797466e-04
311,10190848,104.33,97677,6.6320,141,144.0600,0.010592,6.799052,0.062381,2.796810e-04
312,10223616,104.66,97685,6.8770,151,149.2362,-0.003975,1.667726,0.054987,2.796155e-04
313,10256384,104.98,97694,6.9460,151,150.7151,-0.007710,1.691026,0.048662,2.795499e-04
314,10289152,105.31,97703,7.1400,153,154.8457,0.068962,25.016640,0.064477,2.794844e-04
315,10321920,105.64,97710,7.1750,153,155.6069,0.004749,9.978470,0.065125,2.794188e-04
316,10354688,105.96,97718,7.1750,153,155.6069,0.038047,0.015371,0.057944,2.793533e-04
317,10387456,106.29,97725,7.2490,153,157.1697,-0.003760,2.172269,0.062454,2.792877e-04
318,10420224,106.62,97731,7.9500,162,172.0661,-0.000520,27.248337,0.054965,2.792222e-04
319,10452992,106.95,97739,8.8300,162,190.7260,0.046175,42.690052,0.051504,2.791567e-04
320,10485760,107.27,97746,9.1540,162,197.6125,-0.003355,2.728356,0.064039,2.790911e-04
321,10518528,107.68,97679,10.1100,163,217.8870,0.034947,55.406387,0.062984,2.790256e-04
322,10551296,108.01,97687,11.8490,163,254.7834,-0.017014,46.927483,0.048039,2.789600e-04
323,10584064,108.34,97693,13.3610,163,286.8870,-0.014154,48.246052,0.054644,2.788945e-04
324,10616832,108.67,97700,14.2140,163,305.0269,0.087637,100.909546,0.061054,2.788289e-04
325,10649600,108.99,97708,14.7270,163,315.9048,0.003034,25.716742,0.059267,2.787634e-04
326,10682368,109.32,97715,15.9090,163,340.9899,-0.014072,33.929737,0.060592,2.786978e-04
327,10715136,109.65,97723,16.2700,163,348.7524,0.002815,18.745480,0.062481,2.786323e-04
328,10747904,109.97,97730,16.3060,163,349.5520,0.017576,8.373016,0.058651,2.785667e-04
329,10780672,110.30,97738,16.7840,163,359.7367,0.010979,18.206785,0.080685,2.785012e-04
330,10813440,110.63,97745,17.1070,163,366.5671,-0.036952,0.575503,0.077830,2.784357e-04
331,10846208,111.09,97637,17.6570,163,378.2140,0.014133,18.058430,0.109359,2.783701e-04
332,10878976,111.41,97644,17.8820,163,383.0908,-0.074331,3.606277,0.055935,2.783046e-04
333,10911744,111.74,97652,18.1400,163,388.6314,0.009098,28.265911,0.054551,2.782390e-04
334,10944512,112.07,97659,18.3420,163,392.9770,-0.000343,31.166256,0.061258,2.781735e-04
335,10977280,112.39,97667,18.9260,163,405.4727,-0.018911,33.259846,0.052771,2.781079e-04
336,11010048,112.72,97675,19.0960,163,409.1091,0.007376,9.603920,0.055591,2.780424e-04
337,11042816,113.05,97682,19.3010,163,413.5374,0.056527,40.316246,0.062388,2.779768e-04
338,11075584,113.38,97689,19.3910,163,415.4744,0.022199,17.092220,0.054704,2.779113e-04
339,11108352,113.70,97697,19.5840,163,419.6011,-0.015208,3.951009,0.056116,2.778458e-04
340,11141120,114.03,97704,19.6120,163,420.2496,-0.026277,5.006816,0.059128,2.777802e-04
341,11173888,114.46,97620,19.6630,163,421.3732,0.013505,13.885635,0.057794,2.777147e-04
342,11206656,114.79,97627,19.8250,163,424.8181,-0.023171,0.280917,0.051923,2.776491e-04
343,11239424,115.12,97635,20.0660,163,429.9824,-0.012409,17.445301,0.051868,2.775836e-04
344,11272192,115.44,97642,20.3050,163,435.1328,0.019349,30.061811,0.047847,2.775180e-04
345,11304960,115.77,97648,20.7260,163,444.0575,-0.011499,15.005582,0.059533,2.774525e-04
346,11337728,116.10,97656,20.7820,163,445.2613,-0.011726,1.619975,0.046368,2.773869e-04
347,11370496,116.43,97662,20.8050,163,445.7765,0.030530,12.372150,0.047140,2.773214e-04
348,11403264,116.75,97668,20.8360,163,446.4640,-0.006345,3.258198,0.060464,2.772558e-04
349,11436032,117.08,97676,20.8360,163,446.4640,0.025649,0.013314,0.055134,2.771903e-04
350,11468800,117.41,97683,20.8360,163,446.4640,-0.019571,0.007983,0.054859,2.771248e-04
351,11501568,117.80,97632,20.8900,163,447.6126,0.006029,6.148929,0.046258,2.770592e-04
352,11534336,118.13,97640,20.9680,163,449.2687,-0.008226,0.712775,0.047402,2.769937e-04
353,11567104,118.46,97647,21.0300,163,450.5942,-0.022035,0.076554,0.056922,2.769281e-04
354,11599872,118.79,97654,21.0710,163,451.4758,0.023198,5.045950,0.057218,2.768626e-04
355,11632640,119.11,97660,21.1390,163,452.9058,-0.035648,0.061132,0.057530,2.767970e-04
356,11665408,119.44,97667,21.3300,163,456.9637,-0.037984,1.691832,0.052594,2.767315e-04
357,11698176,119.77,97674,21.4910,163,460.3747,-0.031313,0.246868,0.077607,2.766659e-04
358,11730944,120.10,97679,22.1270,163,473.9509,0.031710,51.342148,0.062150,2.766004e-04
359,11763712,120.42,97685,22.7220,163,486.6264,-0.041337,16.437090,0.061446,2.765348e-04
360,11796480,120.75,97692,23.2400,163,497.7340,0.001793,29.286791,0.062601,2.764693e-04
361,11829248,121.16,97633,23.7710,163,508.9323,0.018799,26.830193,0.040093,2.764038e-04
362,11862016,121.49,97639,24.0300,163,514.4996,-0.026595,8.204493,0.058959,2.763382e-04
363,11894784,121.81,97646,24.3960,163,522.2333,-0.027739,5.143568,0.061950,2.762727e-04
364,11927552,122.14,97653,24.6860,163,528.4101,-0.018427,16.460918,0.079093,2.762071e-04
365,11960320,122.47,97658,25.6540,163,548.9543,-0.034160,28.804121,0.040410,2.761416e-04
366,11993088,122.80,97664,25.8900,163,554.1330,-0.026094,24.903946,0.046656,2.760760e-04
367,12025856,123.13,97670,26.1120,163,558.9520,-0.038714,5.759023,0.058458,2.760105e-04
368,12058624,123.46,97675,26.2750,163,562.4712,-0.030470,2.528062,0.057059,2.759449e-04
369,12091392,123.78,97681,26.3660,163,564.3801,0.034798,5.753562,0.041684,2.758794e-04
370,12124160,124.11,97688,26.3660,163,564.3801,0.059738,0.016128,0.036605,2.758139e-04
371,12156928,124.56,97602,26.6910,163,571.2658,0.004016,13.375748,0.059997,2.757483e-04
372,12189696,124.88,97608,26.8510,163,574.6498,-0.004992,3.799689,0.048765,2.756828e-04
373,12222464,125.21,97615,26.8620,163,574.9025,-0.021994,0.189298,0.042156,2.756172e-04
374,12255232,125.54,97620,27.1980,163,582.0260,0.069331,28.723276,0.048339,2.755517e-04
375,12288000,125.87,97627,27.3650,163,585.5636,-0.012918,3.640359,0.057629,2.754861e-04
376,12320768,126.19,97634,27.4000,163,586.3416,0.091478,28.998547,0.060271,2.754206e-04
377,12353536,126.52,97640,27.4610,163,587.6628,0.025152,15.523232,0.053362,2.753550e-04
378,12386304,126.85,97647,27.4970,163,588.4522,0.052343,15.412676,0.050979,2.752895e-04
379,12419072,127.17,97654,27.5270,163,589.1089,-0.030653,2.781315,0.050154,2.752239e-04
380,12451840,127.50,97660,27.5270,163,589.1089,0.008104,0.010533,0.045228,2.751584e-04
381,12484608,127.91,97607,27.5270,163,589.1089,-0.014702,0.010028,0.055969,2.750929e-04
382,12517376,128.23,97613,27.6070,163,590.8344,-0.029695,0.107323,0.060770,2.750273e-04
383,12550144,128.56,97619,27.7830,163,594.5982,0.007318,8.905499,0.045504,2.749618e-04
384,12582912,128.89,97626,27.7830,163,594.5982,0.002447,0.008786,0.049213,2.748962e-04
385,12615680,129.22,97632,28.0230,163,599.6725,-0.030122,1.349072,0.051286,2.748307e-04
386,12648448,129.54,97638,28.0230,163,599.6818,0.007807,9.458337,0.068851,2.747651e-04
387,12681216,129.87,97644,28.0230,163,599.6818,0.015554,0.006189,0.042771,2.746996e-04
388,12713984,130.20,97650,28.0230,163,599.6818,-0.001526,0.006341,0.041723,2.746340e-04
389,12746752,130.53,97656,28.0230,163,599.6818,-0.050030,0.004903,0.038416,2.745685e-04
390,12779520,130.85,97662,28.0230,163,599.6818,-0.016181,0.005193,0.045903,2.745029e-04
391,12812288,131.34,97549,28.0230,163,599.6818,-0.017559,0.004855,0.040808,2.744374e-04
392,12845056,131.67,97556,28.0750,163,600.7995,0.049247,8.004878,0.056586,2.743719e-04
393,12877824,131.99,97563,28.0750,163,600.7995,-0.041423,0.006367,0.047091,2.743063e-04
394,12910592,132.32,97570,28.0750,163,600.7995,-0.014583,0.004560,0.049877,2.742408e-04
395,12943360,132.65,97577,28.2380,163,604.2415,0.010475,7.345279,0.058417,2.741752e-04
396,12976128,132.97,97584,28.2870,163,605.2930,-0.021227,0.408838,0.059428,2.741097e-04
397,13008896,133.30,97591,28.5900,163,611.7141,-0.008455,4.637215,0.048918,2.740441e-04
398,13041664,133.63,97598,28.7810,163,615.7761,-0.033526,0.076683,0.062630,2.739786e-04
399,13074432,133.95,97605,29.1050,163,622.6315,-0.031652,0.537295,0.069154,2.739130e-04
400,13107200,134.28,97612,30.4610,163,651.4721,0.007809,62.513550,0.061739,2.738475e-04
401,13139968,134.68,97560,31.4520,163,672.4974,0.038417,60.441185,0.051537,2.737820e-04
402,13172736,135.01,97567,31.7320,163,678.4454,0.030116,14.225151,0.059461,2.737164e-04
403,13205504,135.34,97574,32.2830,163,690.1208,-0.011302,10.744276,0.047564,2.736509e-04
404,13238272,135.66,97581,33.3290,163,712.3028,0.008739,50.950333,0.059111,2.735853e-04
405,13271040,135.99,97587,34.3020,163,733.0418,-0.014931,34.451145,0.045866,2.735198e-04
406,13303808,136.32,97594,34.6850,163,741.1425,0.038878,31.946426,0.057125,2.734542e-04
407,13336576,136.64,97601,34.9010,163,745.7717,0.032224,27.441980,0.052329,2.733887e-04
408,13369344,136.97,97608,35.5510,163,759.6670,0.032351,50.315353,0.058145,2.733231e-04
409,13402112,137.30,97615,36.0020,163,769.2880,0.008331,35.810955,0.054354,2.732576e-04
410,13434880,137.62,97621,36.7640,163,785.5712,-0.011023,44.969353,0.039806,2.731920e-04
411,13467648,138.03,97569,37.4130,163,799.4253,0.005220,55.887646,0.048146,2.731265e-04
412,13500416,138.36,97577,37.7370,163,806.2482,-0.006754,4.879025,0.052835,2.730610e-04
413,13533184,138.68,97583,38.3090,163,818.4362,-0.032236,15.804108,0.047696,2.729954e-04
414,13565952,139.01,97590,38.3610,163,819.6300,0.025780,22.368776,0.041469,2.729299e-04
415,13598720,139.34,97596,38.3820,163,820.1330,0.037483,17.412201,0.052004,2.728643e-04
416,13631488,139.66,97603,38.5620,163,824.0553,-0.062728,1.280537,0.037057,2.727988e-04
417,13664256,139.99,97609,38.5740,163,824.3545,-0.035472,0.922886,0.058016,2.727332e-04
418,13697024,140.32,97615,38.8920,163,831.1340,0.041719,39.265957,0.053137,2.726677e-04
419,13729792,140.64,97622,38.8920,163,831.1340,0.008095,0.051200,0.055102,2.726021e-04
420,13762560,140.97,97628,39.0550,163,834.5756,-0.024479,0.035946,0.056238,2.725366e-04
421,13795328,141.40,97564,39.2170,163,837.9794,-0.030853,0.055298,0.056544,2.724711e-04
422,13828096,141.72,97571,39.3890,163,841.6635,0.041229,20.961420,0.056162,2.724055e-04
423,13860864,142.05,97577,39.7090,163,848.4240,-0.026873,2.480636,0.069210,2.723400e-04
424,13893632,142.38,97584,39.7470,163,849.2629,-0.028968,2.181524,0.045439,2.722744e-04
425,13926400,142.70,97590,39.7850,163,850.1130,-0.002673,7.117038,0.047514,2.722089e-04
426,13959168,143.03,97596,40.1140,163,857.1497,-0.020256,8.554625,0.043847,2.721433e-04
427,13991936,143.36,97602,40.1910,163,858.8007,0.012677,12.380688,0.067982,2.720778e-04
428,14024704,143.68,97610,40.2030,163,859.0717,-0.010890,1.265299,0.044722,2.720122e-04
429,14057472,144.01,97616,40.4580,163,864.4785,0.032774,16.444761,0.047985,2.719467e-04
430,14090240,144.33,97623,40.5910,163,867.2818,-0.022095,0.058290,0.051964,2.718811e-04
431,14123008,144.74,97574,40.8050,163,871.8236,-0.043308,0.129794,0.048967,2.718156e-04
432,14155776,145.07,97581,41.1440,163,879.0631,0.001810,14.456484,0.054551,2.717501e-04
433,14188544,145.39,97588,41.5560,163,887.8342,-0.013107,23.840691,0.066681,2.716845e-04
434,14221312,145.72,97594,41.9230,163,895.6288,0.038052,39.309917,0.061376,2.716190e-04
435,14254080,146.05,97600,42.0400,163,898.1599,-0.026457,8.573265,0.061576,2.715534e-04
436,14286848,146.37,97607,42.5160,163,908.1758,0.008016,16.960478,0.062805,2.714879e-04
437,14319616,146.70,97613,42.7260,163,912.6772,0.068585,25.426811,0.067205,2.714223e-04
438,14352384,147.02,97619,43.3240,163,925.3851,-0.023580,21.169106,0.074677,2.713568e-04
439,14385152,147.35,97626,43.8780,163,937.1545,-0.012791,20.370703,0.079956,2.712912e-04
440,14417920,147.68,97632,44.2670,163,945.4143,-0.035031,7.201293,0.078568,2.712257e-04
441,14450688,148.09,97577,44.5910,163,952.2738,0.004617,6.417168,0.080165,2.711601e-04
442,14483456,148.42,97583,44.9040,163,958.9267,-0.028246,14.648330,0.078282,2.710946e-04
443,14516224,148.75,97590,45.5140,163,971.8905,0.040092,41.433811,0.060519,2.710291e-04
444,14548992,149.07,97596,46.3540,163,989.7337,0.011850,49.728275,0.053557,2.709635e-04
445,14581760,149.40,97602,46.7660,163,998.5030,0.025245,35.824970,0.064649,2.708980e-04
446,14614528,149.73,97608,47.1340,163,1006.3495,0.051266,55.678982,0.064251,2.708324e-04
447,14647296,150.05,97614,47.2010,163,1007.8592,0.022932,19.776037,0.054523,2.707669e-04
448,14680064,150.38,97621,47.2870,163,1009.7462,-0.025327,6.667602,0.072331,2.707013e-04
449,14712832,150.70,97627,47.3190,163,1010.4886,-0.024201,4.761775,0.075795,2.706358e-04
450,14745600,151.03,97633,47.4840,163,1014.0328,0.009443,15.688145,0.054852,2.705702e-04
451,14778368,151.48,97560,47.5880,163,1016.2904,0.094510,34.158176,0.074168,2.705047e-04
452,14811136,151.81,97566,47.5950,163,1016.4902,-0.038277,0.286262,0.079498,2.704392e-04
453,14843904,152.13,97572,47.9210,163,1023.4743,-0.012171,33.858547,0.060084,2.703736e-04
454,14876672,152.46,97579,48.0310,163,1025.8109,0.019827,17.087704,0.084075,2.703081e-04
455,14909440,152.78,97585,48.3300,163,1032.2002,0.029020,26.422037,0.048225,2.702425e-04
456,14942208,153.11,97591,48.8680,163,1043.5839,0.062692,74.229286,0.072010,2.701770e-04
457,14974976,153.44,97597,49.2330,163,1051.4040,0.005323,20.744671,0.066340,2.701114e-04
458,15007744,153.76,97604,49.5140,163,1057.4562,0.009602,40.352459,0.068907,2.700459e-04
459,15040512,154.09,97610,49.8420,163,1064.4627,-0.022196,20.201963,0.073779,2.699803e-04
460,15073280,154.41,97616,50.2650,163,1073.4905,0.057551,68.520935,0.058033,2.699148e-04
461,15106048,154.85,97554,50.4360,163,1077.1255,0.053840,31.028425,0.059534,2.698492e-04
462,15138816,155.17,97560,50.4950,163,1078.3926,0.054877,16.381126,0.055871,2.697837e-04
463,15171584,155.50,97565,50.5920,163,1080.4492,-0.024848,5.320119,0.063096,2.697182e-04
464,15204352,155.83,97572,50.7150,163,1083.0755,0.022128,11.505159,0.050861,2.696526e-04
465,15237120,156.15,97577,50.7720,163,1084.2994,-0.028510,0.032606,0.058897,2.695871e-04
466,15269888,156.48,97583,50.8170,163,1085.2854,-0.007176,3.385759,0.066540,2.695215e-04
467,15302656,156.81,97589,50.9880,163,1088.9364,-0.033406,1.099630,0.068974,2.694560e-04
468,15335424,157.13,97596,50.9880,163,1088.9364,0.023890,0.012554,0.057850,2.693904e-04
469,15368192,157.46,97602,51.0520,163,1090.2928,-0.031967,0.013048,0.071079,2.693249e-04
470,15400960,157.78,97607,51.0520,163,1090.2928,-0.028909,0.008213,0.055450,2.692593e-04
471,15433728,158.24,97532,51.0520,163,1090.2928,-0.012194,0.005835,0.045798,2.691938e-04
472,15466496,158.57,97538,51.0520,163,1090.2928,-0.002398,0.006260,0.044382,2.691282e-04
473,15499264,158.90,97543,51.0520,163,1090.2928,-0.033504,0.006462,0.050820,2.690627e-04
474,15532032,159.22,97549,51.2500,163,1094.4976,-0.007384,13.594761,0.060551,2.689972e-04
475,15564800,159.55,97555,51.3460,163,1096.5562,-0.039027,0.127377,0.058459,2.689316e-04
476,15597568,159.88,97560,51.4010,163,1097.7283,-0.011525,1.045378,0.065387,2.688661e-04
477,15630336,160.20,97566,51.4330,163,1098.4302,-0.025800,0.320161,0.069795,2.688005e-04
478,15663104,160.53,97572,51.4330,163,1098.4302,-0.025322,0.009840,0.065609,2.687350e-04
479,15695872,160.86,97573,51.7570,163,1105.2843,0.006850,9.892105,0.059205,2.686694e-04
480,15728640,161.19,97576,52.1020,163,1112.5812,0.033282,29.110847,0.050436,2.686039e-04
481,15761408,161.67,97491,52.4740,163,1120.4833,0.008210,19.074450,0.063163,2.685383e-04
482,15794176,162.00,97497,53.1080,163,1133.9481,0.026598,32.821022,0.067274,2.684728e-04
483,15826944,162.32,97503,53.5940,163,1144.1734,0.025898,26.666462,0.073450,2.684073e-04
484,15859712,162.65,97508,53.8710,163,1150.0660,-0.020025,10.626775,0.056738,2.683417e-04
485,15892480,162.98,97514,54.2060,163,1157.1438,-0.055113,0.305457,0.057949,2.682762e-04
486,15925248,163.30,97519,54.8550,163,1170.8966,0.006405,12.569479,0.061516,2.682106e-04
487,15958016,163.63,97524,55.4510,163,1183.5292,0.027031,45.464035,0.053082,2.681451e-04
488,15990784,163.96,97530,55.4510,163,1183.5288,0.002320,1.987574,0.065849,2.680795e-04
489,16023552,164.28,97535,55.7990,163,1191.0158,-0.023519,18.951693,0.060202,2.680140e-04
490,16056320,164.61,97541,56.2510,163,1200.6462,0.013737,37.550758,0.069244,2.679484e-04
491,16089088,165.04,97484,56.8400,163,1213.0804,0.003020,33.418011,0.069031,2.678829e-04
492,16121856,165.37,97490,56.9730,163,1215.9344,0.049601,26.911530,0.051161,2.678173e-04
493,16154624,165.70,97495,57.0000,163,1216.5185,0.038544,14.147312,0.069856,2.677518e-04
494,16187392,166.02,97501,57.1610,163,1219.9114,-0.008314,1.491837,0.066089,2.676863e-04
495,16220160,166.35,97506,57.5000,163,1227.0648,-0.048077,0.731204,0.060055,2.676207e-04
496,16252928,166.68,97511,57.7490,163,1232.3387,0.042498,16.099640,0.066368,2.675552e-04
497,16285696,167.00,97517,57.7680,163,1232.7484,-0.027909,0.337557,0.072142,2.674896e-04
498,16318464,167.33,97523,58.0120,163,1237.9098,0.040760,20.444283,0.074575,2.674241e-04
499,16351232,167.65,97529,58.0120,163,1237.9098,-0.010983,0.012678,0.063219,2.673585e-04
500,16384000,167.98,97534,58.0120,163,1237.9098,0.018057,0.007149,0.052314,2.672930e-04
501,16416768,168.42,97477,58.0470,163,1238.6566,-0.027955,0.037424,0.071772,2.672274e-04
502,16449536,168.74,97483,58.3250,163,1244.5653,-0.024969,4.639761,0.075225,2.671619e-04
503,16482304,169.07,97488,58.5490,163,1249.2932,-0.007475,4.626051,0.070644,2.670964e-04
504,16515072,169.40,97494,58.8020,163,1254.6467,0.089985,40.633659,0.076980,2.670308e-04
505,16547840,169.72,97499,59.0420,163,1259.7351,-0.033830,0.663127,0.075051,2.669653e-04
506,16580608,170.05,97504,59.1610,163,1262.2853,0.047496,19.571386,0.072171,2.668997e-04
507,16613376,170.38,97509,59.6940,163,1273.5382,0.008558,20.272038,0.064073,2.668342e-04
508,16646144,170.70,97515,59.8010,163,1275.8103,-0.045075,0.157129,0.065852,2.667686e-04
509,16678912,171.03,97520,60.0280,163,1280.6340,0.009014,13.852949,0.075752,2.667031e-04
510,16711680,171.36,97525,60.8990,163,1299.0952,0.014905,54.381760,0.072006,2.666375e-04
511,16744448,171.77,97484,61.3580,163,1308.8624,-0.033685,7.914645,0.056154,2.665720e-04
512,16777216,172.09,97490,61.7290,163,1316.7435,-0.020507,22.859200,0.067658,2.665064e-04
513,16809984,172.42,97495,61.7740,163,1317.6885,0.023553,11.622552,0.065973,2.664409e-04
514,16842752,172.74,97500,61.7740,163,1317.6885,0.010496,0.013668,0.065470,2.663754e-04
515,16875520,173.07,97506,62.0120,163,1322.7604,-0.002784,13.758555,0.071549,2.663098e-04
516,16908288,173.40,97511,62.1590,163,1325.8442,0.018485,16.876383,0.085106,2.662443e-04
517,16941056,173.72,97516,62.5940,163,1335.0678,-0.013899,21.730850,0.059014,2.661787e-04
518,16973824,174.05,97522,63.1890,163,1347.6486,-0.032598,14.433603,0.067269,2.661132e-04
519,17006592,174.38,97527,63.5520,163,1355.3477,-0.002064,13.021259,0.067893,2.660476e-04
520,17039360,174.70,97532,63.7980,163,1360.5744,-0.001437,17.074701,0.070860,2.659821e-04
521,17072128,175.13,97485,64.0610,163,1366.1778,0.023736,18.077131,0.061996,2.659165e-04
522,17104896,175.45,97490,64.2800,163,1370.8592,-0.053309,0.225340,0.060846,2.658510e-04
523,17137664,175.78,97495,64.7160,163,1380.1248,0.005844,23.899736,0.060927,2.657854e-04
524,17170432,176.11,97500,65.1540,163,1389.3789,-0.051174,1.884811,0.066353,2.657199e-04
525,17203200,176.43,97505,65.2350,163,1391.0895,-0.000669,1.877323,0.066643,2.656544e-04
526,17235968,176.76,97511,65.4750,163,1396.1351,-0.019510,1.940289,0.059220,2.655888e-04
527,17268736,177.09,97516,65.7750,163,1402.5235,-0.030678,3.450273,0.063374,2.655233e-04
528,17301504,177.41,97521,66.4810,163,1417.4826,0.037327,44.810368,0.070725,2.654577e-04
529,17334272,177.74,97526,66.6380,163,1420.7992,-0.019829,10.250523,0.079126,2.653922e-04
530,17367040,178.07,97531,66.7210,163,1422.5632,0.001131,12.628646,0.064328,2.653266e-04
531,17399808,178.51,97472,67.0540,163,1429.6159,-0.002214,11.999479,0.073157,2.652611e-04
532,17432576,178.84,97477,67.5590,163,1440.3604,0.038316,36.730621,0.085750,2.651955e-04
533,17465344,179.16,97482,67.6640,163,1442.5758,0.009871,7.194685,0.081284,2.651300e-04
534,17498112,179.49,97487,68.0390,163,1450.5396,0.020182,32.864265,0.052038,2.650645e-04
535,17530880,179.82,97492,68.2250,163,1454.5660,-0.002189,26.976713,0.065310,2.649989e-04
536,17563648,180.15,97496,69.1570,163,1474.2695,0.001664,39.480835,0.076226,2.649334e-04
537,17596416,180.47,97502,69.4780,163,1481.1196,-0.046740,3.982796,0.076189,2.648678e-04
538,17629184,180.80,97507,70.1360,163,1495.0922,0.015563,38.379871,0.058533,2.648023e-04
539,17661952,181.13,97512,70.6140,163,1505.2441,0.000145,32.147053,0.067762,2.647367e-04
540,17694720,181.45,97517,70.6480,163,1505.9898,-0.016061,4.584803,0.082383,2.646712e-04
541,17727488,181.87,97472,70.6510,163,1506.0792,0.002867,4.662254,0.074226,2.646056e-04
542,17760256,182.20,97477,70.7510,163,1508.2280,-0.019814,5.239433,0.063840,2.645401e-04
543,17793024,182.53,97482,70.8150,163,1509.6138,-0.020253,2.686453,0.083575,2.644745e-04
544,17825792,182.85,97487,71.0950,163,1515.6242,0.053976,61.554066,0.075814,2.644090e-04
545,17858560,183.18,97490,71.3310,163,1520.6328,0.009383,13.112708,0.080827,2.643435e-04
546,17891328,183.51,97495,71.6010,163,1526.3299,-0.016236,4.306915,0.075228,2.642779e-04
547,17924096,183.84,97500,71.6000,163,1526.3217,0.041081,16.170031,0.068087,2.642124e-04
548,17956864,184.16,97505,71.8490,163,1531.5851,0.021890,14.227488,0.068656,2.641468e-04
549,17989632,184.49,97510,72.0050,163,1534.9292,-0.011032,14.832241,0.067372,2.640813e-04
550,18022400,184.82,97515,72.3290,163,1541.8180,-0.005061,17.242735,0.075262,2.640157e-04
551,18055168,185.25,97465,72.3280,163,1541.8404,0.078207,19.603241,0.063319,2.639502e-04
552,18087936,185.57,97470,72.8010,163,1551.7442,0.087758,43.173279,0.068701,2.638846e-04
553,18120704,185.90,97475,73.1150,163,1558.4733,-0.017696,22.879223,0.066244,2.638191e-04
554,18153472,186.23,97479,73.2540,163,1561.4071,0.055555,13.027411,0.071033,2.637536e-04
555,18186240,186.57,97476,73.2540,163,1561.4071,-0.027580,0.010974,0.079844,2.636880e-04
556,18219008,186.93,97465,73.2540,163,1561.4071,0.058957,0.010722,0.058323,2.636225e-04
557,18251776,187.25,97470,73.4480,163,1565.5049,0.027254,15.425731,0.066167,2.635569e-04
558,18284544,187.58,97474,73.5040,163,1566.7013,-0.033290,0.435057,0.066818,2.634914e-04
559,18317312,187.91,97479,73.6430,163,1569.6589,-0.040168,0.237083,0.061440,2.634258e-04
560,18350080,188.24,97484,73.9450,163,1576.0318,0.021781,32.035221,0.079560,2.633603e-04
561,18382848,188.67,97434,73.9980,163,1577.1542,-0.036230,0.030496,0.079860,2.632947e-04
562,18415616,189.00,97439,74.0990,163,1579.2980,0.034304,8.794773,0.072266,2.632292e-04
563,18448384,189.32,97443,74.1610,163,1580.5962,0.015660,36.243538,0.070561,2.631636e-04
564,18481152,189.65,97448,74.1230,163,1579.8021,0.093346,35.931568,0.071976,2.630981e-04
565,18513920,189.98,97452,74.0300,163,1577.8571,0.013580,13.291299,0.057391,2.630326e-04
566,18546688,190.30,97457,74.1220,163,1579.7929,-0.030751,0.036592,0.077345,2.629670e-04
567,18579456,190.63,97462,74.2780,163,1583.0615,-0.007975,20.994305,0.077234,2.629015e-04
568,18612224,190.96,97467,74.2950,163,1583.4574,-0.013862,15.376278,0.062764,2.628359e-04
569,18644992,191.29,97472,74.6630,163,1591.2437,0.034757,23.045605,0.069691,2.627704e-04
570,18677760,191.61,97476,74.6970,163,1591.9290,0.013190,18.808949,0.069855,2.627048e-04
571,18710528,192.03,97434,74.6970,163,1591.9290,0.008750,0.022102,0.051463,2.626393e-04
572,18743296,192.36,97439,74.5720,163,1589.2674,-0.017880,13.266458,0.062545,2.625737e-04
573,18776064,192.68,97444,74.8060,163,1594.2080,-0.028018,2.021677,0.053945,2.625082e-04
574,18808832,193.01,97449,74.8710,163,1595.5732,-0.019368,0.325896,0.068669,2.624426e-04
575,18841600,193.34,97454,75.0190,163,1598.7276,-0.018481,6.286602,0.067824,2.623771e-04
576,18874368,193.66,97459,75.2250,163,1603.0155,-0.013862,2.508618,0.065199,2.623116e-04
577,18907136,193.99,97464,75.1810,163,1602.0335,0.020616,32.806324,0.066547,2.622460e-04
578,18939904,194.32,97469,75.2440,163,1603.3532,0.039324,23.505934,0.079335,2.621805e-04
579,18972672,194.64,97474,75.3290,163,1605.1056,0.003695,15.952498,0.070192,2.621149e-04
580,19005440,194.97,97479,75.2920,163,1604.3196,-0.005501,34.143398,0.068019,2.620494e-04
581,19038208,195.41,97424,75.3400,163,1605.3034,-0.017035,18.247524,0.069852,2.619838e-04
582,19070976,195.74,97429,75.2730,163,1603.8614,0.020398,22.328547,0.077019,2.619183e-04
583,19103744,196.07,97434,75.1370,163,1601.0017,0.037686,38.485641,0.073571,2.618527e-04
584,19136512,196.40,97438,75.0900,163,1599.9886,-0.047995,18.086180,0.083136,2.617872e-04
585,19169280,196.72,97442,75.0180,163,1598.4858,-0.010936,11.884817,0.067475,2.617217e-04
586,19202048,197.05,97447,75.0330,163,1598.7825,0.035067,30.515566,0.063619,2.616561e-04
587,19234816,197.38,97451,74.8870,163,1595.7630,0.016945,16.380121,0.060898,2.615906e-04
588,19267584,197.71,97456,74.5720,163,1589.1371,0.017344,37.961411,0.069635,2.615250e-04
589,19300352,198.03,97460,73.4550,163,1565.6196,0.036770,77.775360,0.059377,2.614595e-04
590,19333120,198.36,97464,73.5710,163,1568.0730,0.008333,3.617670,0.066349,2.613939e-04
591,19365888,198.95,97341,73.1830,163,1559.9128,-0.019623,12.192290,0.061664,2.613284e-04
592,19398656,199.40,97284,72.9540,163,1555.1152,-0.023693,1.256628,0.061897,2.612628e-04
593,19431424,199.73,97289,72.6200,163,1548.0224,0.079550,55.238541,0.051536,2.611973e-04
594,19464192,200.05,97294,72.5660,163,1546.9134,-0.017922,7.083416,0.054633,2.611317e-04
595,19496960,200.38,97299,72.5380,163,1546.3401,0.010844,3.661861,0.061175,2.610662e-04
596,19529728,200.71,97304,72.6420,163,1548.5146,0.014105,10.234110,0.057202,2.610007e-04
597,19562496,201.04,97308,71.8860,163,1532.6489,0.003319,34.770996,0.067715,2.609351e-04
598,19595264,201.41,97291,71.7040,163,1528.7969,-0.039123,4.026280,0.073763,2.608696e-04
599,19628032,201.76,97285,71.8640,163,1532.1637,-0.010929,4.702237,0.074840,2.608040e-04
600,19660800,202.10,97283,71.7550,163,1529.8815,0.096354,46.167717,0.045784,2.607385e-04
601,19693568,202.53,97239,71.6250,163,1527.1512,0.023833,25.867447,0.046120,2.606729e-04
602,19726336,202.85,97243,71.5800,163,1526.2004,0.021337,33.331852,0.068730,2.606074e-04
603,19759104,203.18,97248,70.8200,163,1510.2060,0.009064,43.771954,0.047156,2.605418e-04
604,19791872,203.51,97252,70.9630,163,1513.1587,0.085962,80.650864,0.056613,2.604763e-04
605,19824640,203.84,97256,70.9690,163,1513.2468,-0.013551,6.342225,0.067651,2.604107e-04
606,19857408,204.17,97261,70.6490,163,1506.4122,0.022444,39.027031,0.063103,2.603452e-04
607,19890176,204.49,97265,70.4150,163,1501.4970,-0.008821,36.403194,0.053247,2.602797e-04
608,19922944,204.82,97269,70.2690,163,1498.4065,0.000350,27.709625,0.073124,2.602141e-04
609,19955712,205.15,97274,70.5300,163,1503.9058,0.002530,42.428261,0.066412,2.601486e-04
610,19988480,205.48,97278,70.0970,163,1494.7878,0.006697,53.262264,0.068745,2.600830e-04
611,20021248,205.90,97238,70.0080,163,1492.8662,0.008566,15.628000,0.057855,2.600175e-04
612,20054016,206.23,97241,69.9460,163,1491.5521,-0.027436,29.912905,0.060398,2.599519e-04
613,20086784,206.56,97244,69.5500,163,1483.2239,-0.060040,10.967993,0.093402,2.598864e-04
614,20119552,206.89,97248,69.3000,163,1477.9424,0.003755,66.884048,0.067547,2.598208e-04
615,20152320,207.21,97253,68.9800,163,1471.1082,-0.057386,13.553881,0.063667,2.597553e-04
616,20185088,207.54,97257,68.4900,163,1460.8197,-0.008492,33.710270,0.075630,2.596898e-04
617,20217856,207.87,97262,68.2600,163,1455.8872,-0.000461,28.956583,0.075392,2.596242e-04
618,20250624,208.20,97266,67.7190,163,1444.4973,0.026255,71.321556,0.060971,2.595587e-04
619,20283392,208.52,97271,67.0500,163,1430.5306,-0.002252,52.415768,0.070278,2.594931e-04
620,20316160,208.85,97276,66.7310,163,1423.7253,0.001313,29.671585,0.097700,2.594276e-04
621,20348928,209.30,97225,66.3020,163,1414.6249,0.011850,55.892296,0.061013,2.593620e-04
622,20381696,209.62,97230,65.9960,163,1408.2126,-0.059809,2.332673,0.067946,2.592965e-04
623,20414464,209.95,97234,66.0150,163,1408.5676,-0.035809,25.463039,0.065002,2.592309e-04
624,20447232,210.28,97239,65.5940,163,1399.6541,-0.065321,16.145483,0.071148,2.591654e-04
625,20480000,210.60,97244,64.4230,163,1374.9437,0.045171,71.718079,0.072394,2.590998e-04
626,20512768,210.93,97248,63.1600,163,1348.2986,-0.019493,33.738640,0.078714,2.590343e-04
627,20545536,211.26,97253,61.5960,163,1315.2929,-0.001636,53.137497,0.063403,2.589688e-04
628,20578304,211.59,97257,60.1480,163,1284.6866,0.037493,91.278519,0.079140,2.589032e-04
629,20611072,211.91,97261,59.2010,163,1264.6187,0.043437,79.057968,0.079186,2.588377e-04
630,20643840,212.24,97265,58.4180,163,1248.0533,-0.043885,46.084568,0.085078,2.587721e-04
631,20676608,212.72,97202,57.3020,163,1224.4722,0.006331,75.574821,0.080977,2.587066e-04
632,20709376,213.05,97206,56.4190,163,1205.7738,0.009176,108.341698,0.101356,2.586410e-04
633,20742144,213.37,97210,54.7210,163,1170.0477,0.041599,124.934998,0.077325,2.585755e-04
634,20774912,213.70,97215,52.2840,163,1118.6638,-0.019927,80.822067,0.074966,2.585099e-04
635,20807680,214.03,97219,50.6120,163,1083.5060,-0.017977,64.443405,0.080485,2.584444e-04
636,20840448,214.36,97223,50.0520,163,1071.7660,0.027788,90.005798,0.061050,2.583789e-04
637,20873216,214.68,97227,49.8210,163,1066.9157,0.060316,117.808960,0.074585,2.583133e-04
638,20905984,215.01,97232,49.2320,163,1054.5905,0.013965,43.018402,0.082294,2.582478e-04
639,20938752,215.34,97236,48.6500,163,1042.4186,0.050704,71.455505,0.063586,2.581822e-04
640,20971520,215.67,97241,48.4380,163,1038.0212,0.016221,61.231869,0.073125,2.581167e-04
641,21004288,216.10,97197,47.9570,163,1027.9620,-0.015943,28.108259,0.077152,2.580511e-04
642,21037056,216.43,97201,47.7970,163,1024.5967,-0.066598,7.822229,0.068891,2.579856e-04
643,21069824,216.75,97206,47.1480,163,1010.9438,-0.016437,41.631363,0.078667,2.579200e-04
644,21102592,217.08,97210,45.5150,163,976.5455,0.021360,72.782234,0.085352,2.578545e-04
645,21135360,217.41,97214,43.5040,163,934.2611,-0.020352,38.821957,0.073926,2.577889e-04
646,21168128,217.74,97218,43.3360,163,930.7168,0.018567,49.027687,0.078705,2.577234e-04
647,21200896,218.06,97223,42.4480,163,912.0568,0.013577,54.815361,0.081765,2.576579e-04
648,21233664,218.39,97227,41.8850,163,900.2477,-0.034643,23.712030,0.072058,2.575923e-04
649,21266432,218.72,97231,40.6100,163,873.4378,0.008134,81.796593,0.067069,2.575268e-04
650,21299200,219.05,97235,39.2480,163,844.8450,0.007328,70.478806,0.061822,2.574612e-04
651,21331968,219.51,97180,38.2210,163,823.2053,0.018354,86.061844,0.077043,2.573957e-04
652,21364736,219.84,97184,36.9470,163,796.4547,-0.016613,56.942001,0.077218,2.573301e-04
653,21397504,220.16,97188,35.9940,163,776.2995,-0.002325,52.500488,0.055429,2.572646e-04
654,21430272,220.49,97192,34.7340,163,749.7618,-0.008082,39.110157,0.082261,2.571990e-04
655,21463040,220.82,97196,33.8310,163,730.8121,-0.017617,55.190418,0.060106,2.571335e-04
656,21495808,221.15,97200,33.2960,163,719.5399,0.061772,58.238884,0.065742,2.570679e-04
657,21528576,221.48,97204,32.6560,163,706.1289,-0.029529,39.596264,0.074076,2.570024e-04
658,21561344,221.80,97208,31.4920,163,681.6628,0.045242,101.058365,0.072646,2.569369e-04
659,21594112,222.13,97212,30.7140,163,665.2941,0.027426,90.225868,0.070831,2.568713e-04
660,21626880,222.46,97216,29.5350,163,640.5619,0.041106,139.038620,0.065766,2.568058e-04
661,21659648,222.92,97162,28.1560,163,611.4563,0.033018,73.191109,0.071122,2.567402e-04
662,21692416,223.25,97166,27.4400,163,596.4196,-0.011990,53.594685,0.075742,2.566747e-04
663,21725184,223.58,97170,26.5790,163,578.2091,0.049979,62.114044,0.058498,2.566091e-04
664,21757952,223.91,97174,25.5260,163,556.0789,0.028824,65.049072,0.081135,2.565436e-04
665,21790720,224.23,97178,24.4240,163,532.9546,-0.023950,50.473251,0.076411,2.564780e-04
666,21823488,224.56,97182,22.8490,163,499.8503,-0.001374,74.678337,0.065079,2.564125e-04
667,21856256,224.89,97185,21.4460,163,470.2375,-0.048001,48.305367,0.083925,2.563470e-04
668,21889024,225.22,97190,20.4990,163,450.2544,0.008552,107.490875,0.064419,2.562814e-04
669,21921792,225.55,97194,18.9930,163,418.5283,0.066141,123.187393,0.067717,2.562159e-04
670,21954560,225.87,97198,18.1990,163,401.8478,0.002116,56.321213,0.086974,2.561503e-04
671,21987328,226.31,97157,17.1840,163,380.6131,0.000646,102.094818,0.088668,2.560848e-04
672,22020096,226.64,97160,16.5490,162,367.2549,0.025584,148.762726,0.068740,2.560192e-04
673,22052864,226.96,97164,15.9820,162,355.3672,-0.020552,73.349106,0.083744,2.559537e-04
674,22085632,227.29,97168,15.4640,162,344.6884,-0.040748,58.861053,0.059308,2.558881e-04
675,22118400,227.62,97172,14.8970,162,332.8092,-0.012144,59.765644,0.102317,2.558226e-04
676,22151168,227.95,97176,14.7230,162,329.1657,0.041457,75.592377,0.057992,2.557570e-04
677,22183936,228.28,97179,14.7780,162,330.3940,-0.011160,57.080231,0.056405,2.556915e-04
678,22216704,228.60,97183,13.9160,162,312.3708,-0.048920,55.057095,0.056943,2.556260e-04
679,22249472,228.93,97187,13.6290,162,306.4550,0.001643,48.406593,0.071565,2.555604e-04
680,22282240,229.26,97192,13.5680,162,305.2574,0.027169,97.466553,0.059609,2.554949e-04
681,22315008,229.74,97132,13.6110,162,306.1470,0.003134,18.297579,0.090393,2.554293e-04
682,22347776,230.07,97135,13.6300,162,306.5853,-0.024013,10.247624,0.057105,2.553638e-04
683,22380544,230.40,97139,13.6840,162,307.8063,-0.065200,11.613653,0.064098,2.552982e-04
684,22413312,230.72,97143,13.6340,162,306.7973,0.000095,39.878345,0.064907,2.552327e-04
685,22446080,231.05,97147,13.8150,162,310.7072,-0.021138,35.098614,0.052996,2.551671e-04
686,22478848,231.38,97151,13.4950,162,304.0133,0.042382,58.462120,0.052681,2.551016e-04
687,22511616,231.71,97155,13.3780,162,301.5897,-0.011032,54.334091,0.065915,2.550360e-04
688,22544384,232.04,97159,13.1880,162,297.5659,0.044521,83.064552,0.056000,2.549705e-04
689,22577152,232.36,97163,12.9120,162,291.8043,-0.015611,41.380714,0.061009,2.549050e-04
690,22609920,232.71,97159,13.4150,162,302.4223,0.041834,94.566055,0.065760,2.548394e-04
691,22642688,233.19,97099,13.6030,162,306.4327,-0.005039,35.510731,0.058025,2.547739e-04
692,22675456,233.52,97103,13.7900,162,310.4803,0.034929,88.931290,0.064827,2.547083e-04
693,22708224,233.85,97106,13.6650,162,307.8947,-0.014271,37.324173,0.065346,2.546428e-04
694,22740992,234.18,97110,13.7380,162,309.4127,-0.058598,24.823498,0.069325,2.545772e-04
695,22773760,234.51,97114,13.9410,162,313.6682,-0.006032,63.217873,0.075670,2.545117e-04
696,22806528,234.84,97114,13.7140,162,308.8765,0.071602,72.871574,0.065995,2.544461e-04
697,22839296,235.17,97118,13.8030,162,310.7918,0.015053,55.524368,0.063522,2.543806e-04
698,22872064,235.50,97121,13.8170,162,311.0677,0.025569,53.296421,0.079361,2.543151e-04
699,22904832,235.83,97125,13.7830,162,310.3478,-0.047626,3.749788,0.052603,2.542495e-04
700,22937600,236.16,97128,13.9870,162,314.6047,0.000213,49.068470,0.052396,2.541840e-04
701,22970368,236.62,97076,14.2110,162,319.3598,-0.015893,16.030857,0.058706,2.541184e-04
702,23003136,236.95,97079,14.2640,162,320.4589,0.004114,27.849518,0.082117,2.540529e-04
703,23035904,237.28,97083,14.2860,162,320.8727,0.014121,47.442833,0.059824,2.539873e-04
704,23068672,237.61,97084,14.0370,162,315.5658,0.000525,50.678352,0.070448,2.539218e-04
705,23101440,237.94,97087,14.2310,162,319.6119,0.049167,75.366653,0.072567,2.538562e-04
706,23134208,238.27,97091,14.2550,162,319.9312,0.031155,80.614761,0.061689,2.537907e-04
707,23166976,238.60,97095,13.9950,162,314.3635,0.017955,52.667412,0.063421,2.537251e-04
708,23199744,238.93,97099,13.9910,162,314.3068,0.014215,31.923164,0.061711,2.536596e-04
709,23232512,239.26,97103,14.1650,162,317.9653,0.025642,37.536446,0.063391,2.535941e-04
710,23265280,239.58,97107,14.0950,162,316.4275,-0.054132,15.326134,0.062216,2.535285e-04
711,23298048,240.03,97062,14.1140,162,316.7791,-0.017896,32.893585,0.043088,2.534630e-04
712,23330816,240.36,97067,14.0530,162,315.4760,0.012897,25.011906,0.055060,2.533974e-04
713,23363584,240.68,97071,14.0200,162,314.8082,-0.018595,6.971788,0.064008,2.533319e-04
714,23396352,241.01,97075,13.9230,162,312.7458,0.005492,49.178551,0.054908,2.532663e-04
715,23429120,241.34,97079,13.8860,162,311.9972,-0.042364,32.043137,0.071179,2.532008e-04
716,23461888,241.67,97083,13.8790,162,311.8278,0.016053,23.330780,0.063364,2.531352e-04
717,23494656,241.99,97087,14.0700,162,315.8510,-0.020973,21.595985,0.055894,2.530697e-04
718,23527424,242.32,97091,14.1410,162,317.2820,0.026398,32.857456,0.045955,2.530042e-04
719,23560192,242.65,97094,14.0100,162,314.4806,-0.009654,20.987099,0.069256,2.529386e-04
720,23592960,242.98,97097,13.9060,162,312.3009,0.001975,20.093880,0.056615,2.528731e-04
721,23625728,243.43,97053,13.8220,162,310.4659,-0.036445,6.526234,0.051512,2.528075e-04
722,23658496,243.76,97057,13.8380,162,310.8191,-0.036589,6.417651,0.057009,2.527420e-04
723,23691264,244.08,97061,14.0820,162,315.9086,0.121128,67.426506,0.061279,2.526764e-04
724,23724032,244.41,97065,13.8890,162,311.8188,0.025788,49.491322,0.060114,2.526109e-04
725,23756800,244.74,97069,13.8820,162,311.6513,0.003269,14.640280,0.077054,2.525453e-04
726,23789568,245.07,97073,13.8800,162,311.5836,0.017028,29.417389,0.060143,2.524798e-04
727,23822336,245.40,97076,14.1240,162,316.6957,0.008637,40.293789,0.059475,2.524142e-04
728,23855104,245.73,97080,14.3280,162,320.9987,0.039285,34.634842,0.055642,2.523487e-04
729,23887872,246.06,97083,14.2520,162,319.4303,-0.053705,2.913348,0.054842,2.522832e-04
730,23920640,246.38,97086,14.1570,162,317.3962,0.010843,33.336781,0.063289,2.522176e-04
731,23953408,246.82,97048,14.4780,162,324.1353,-0.004094,30.027790,0.073478,2.521521e-04
732,23986176,247.15,97052,14.4490,162,323.4985,-0.008099,14.872413,0.072272,2.520865e-04
733,24018944,247.47,97056,14.2980,162,320.2706,-0.006945,6.653818,0.059033,2.520210e-04
734,24051712,247.80,97060,14.2980,162,320.2409,0.026768,14.548914,0.052197,2.519554e-04
735,24084480,248.13,97064,14.6810,162,328.3668,0.007216,37.536636,0.052876,2.518899e-04
736,24117248,248.46,97067,14.8290,162,331.4620,0.021112,13.001045,0.078841,2.518243e-04
737,24150016,248.79,97071,15.1220,162,337.6332,-0.028274,18.001705,0.056613,2.517588e-04
738,24182784,249.11,97075,15.3300,162,342.0044,0.036909,31.838755,0.056966,2.516932e-04
739,24215552,249.44,97078,15.6940,162,349.6707,-0.030176,16.910196,0.069360,2.516277e-04
740,24248320,249.77,97082,15.6990,162,349.7551,0.028456,42.255333,0.075732,2.515622e-04
741,24281088,250.20,97045,15.7580,162,350.9641,-0.044260,22.929934,0.067636,2.514966e-04
742,24313856,250.53,97048,15.8530,162,352.9748,-0.030546,14.606456,0.078508,2.514311e-04
743,24346624,250.86,97053,16.1600,162,359.5067,0.009194,32.883602,0.072361,2.513655e-04
744,24379392,251.19,97056,16.1890,162,360.0995,0.089115,35.307827,0.063470,2.513000e-04
745,24412160,251.51,97060,16.1890,162,360.0746,-0.030671,3.806905,0.051407,2.512344e-04
746,24444928,251.84,97064,16.4220,162,364.9804,0.020861,11.895028,0.063613,2.511689e-04
747,24477696,252.17,97067,16.9340,162,375.7741,0.011333,33.660694,0.052314,2.511033e-04
748,24510464,252.50,97071,16.9620,162,376.3628,-0.021004,2.664721,0.076637,2.510378e-04
749,24543232,252.83,97074,17.0130,162,377.4565,0.004042,8.774134,0.093086,2.509723e-04
750,24576000,253.16,97078,17.3850,162,385.3000,0.038093,44.352180,0.059950,2.509067e-04
751,24608768,253.59,97041,17.4290,162,386.2070,-0.007348,24.812117,0.065019,2.508412e-04
752,24641536,253.92,97045,17.8570,162,395.2518,-0.029490,13.783841,0.059810,2.507756e-04
753,24674304,254.25,97049,18.4460,162,407.6537,0.073395,82.880402,0.063509,2.507101e-04
754,24707072,254.57,97052,18.9020,162,417.2384,0.012763,65.439995,0.061666,2.506445e-04
755,24739840,254.90,97056,19.0210,162,419.7448,0.034590,79.023964,0.069224,2.505790e-04
756,24772608,255.23,97059,19.5300,162,430.4601,0.026130,60.108791,0.063921,2.505134e-04
757,24805376,255.56,97063,19.4690,162,429.1958,-0.022604,9.489506,0.074293,2.504479e-04
758,24838144,255.89,97066,20.0620,162,441.6877,0.011964,51.994328,0.059482,2.503823e-04
759,24870912,256.21,97070,20.2360,162,445.3579,-0.029982,42.669022,0.062039,2.503168e-04
760,24903680,256.54,97073,20.2240,162,445.1068,-0.012694,35.210735,0.084480,2.502513e-04
761,24936448,256.99,97032,20.4530,162,449.9020,0.030860,49.386967,0.064621,2.501857e-04
762,24969216,257.32,97036,20.6190,162,453.3982,0.055907,39.907150,0.071379,2.501202e-04
763,25001984,257.65,97039,20.7210,162,455.5539,-0.048061,2.983907,0.068164,2.500546e-04
764,25034752,257.97,97043,20.7750,162,456.6910,-0.021478,1.915214,0.078525,2.499891e-04
765,25067520,258.30,97047,20.8490,162,458.2599,0.019436,22.786207,0.066807,2.499235e-04
766,25100288,258.63,97050,21.1740,163,465.0866,0.007536,25.119961,0.062264,2.498580e-04
767,25133056,258.96,97054,21.2590,163,466.9085,0.012629,41.043423,0.073209,2.497924e-04
768,25165824,259.29,97057,21.4190,163,470.1553,0.022548,40.234985,0.063803,2.497269e-04
769,25198592,259.62,97061,21.4160,163,470.0754,0.002735,14.358269,0.056734,2.496614e-04
770,25231360,259.94,97064,21.3520,163,468.6989,-0.000378,18.771397,0.059271,2.495958e-04
771,25264128,260.39,97024,21.5440,163,472.7505,0.045545,16.313004,0.065038,2.495303e-04
772,25296896,260.72,97028,21.7070,163,476.2128,0.027647,27.579407,0.061292,2.494647e-04
773,25329664,261.04,97032,21.8360,163,478.9329,-0.025076,2.698496,0.070031,2.493992e-04
774,25362432,261.37,97035,22.0110,163,482.6247,-0.003819,15.595448,0.063146,2.493336e-04
775,25395200,261.70,97039,21.8630,163,479.4900,0.023202,9.177970,0.077011,2.492681e-04
776,25427968,262.03,97042,22.0660,163,483.7422,-0.021616,8.511805,0.058351,2.492025e-04
777,25460736,262.36,97046,22.0430,163,483.2650,-0.009697,2.253064,0.071430,2.491370e-04
778,25493504,262.68,97049,22.3520,163,489.7910,0.038772,19.099667,0.063231,2.490714e-04
779,25526272,263.01,97053,22.3520,163,489.7910,0.011854,0.036261,0.056705,2.490059e-04
780,25559040,263.34,97057,22.3650,163,490.0573,-0.033486,0.017222,0.064561,2.489404e-04
781,25591808,263.86,96988,22.8540,163,500.3271,0.032164,41.632240,0.044118,2.488748e-04
782,25624576,264.19,96992,23.0220,163,503.8540,0.001618,17.209940,0.070447,2.488093e-04
783,25657344,264.52,96996,23.2050,163,507.7432,0.029083,32.344402,0.046892,2.487437e-04
784,25690112,264.85,97000,23.7860,163,519.9693,0.036318,54.134270,0.043952,2.486782e-04
785,25722880,265.17,97004,23.9460,163,523.3455,-0.022830,0.146782,0.056407,2.486126e-04
786,25755648,265.50,97007,24.1640,163,527.9417,0.006429,43.287407,0.054117,2.485471e-04
787,25788416,265.83,97011,24.7820,163,541.0004,-0.048505,12.807075,0.049810,2.484815e-04
788,25821184,266.15,97015,25.0150,163,545.9541,-0.032041,20.304090,0.051119,2.484160e-04
789,25853952,266.48,97019,25.6460,163,559.3016,0.068734,84.997452,0.044470,2.483504e-04
790,25886720,266.81,97023,25.7730,163,562.0176,-0.017448,9.721839,0.067223,2.482849e-04
791,25919488,267.26,96984,25.7610,163,561.7879,0.019850,15.912794,0.044958,2.482194e-04
792,25952256,267.58,96987,25.9530,163,565.8608,0.007868,36.514545,0.056930,2.481538e-04
793,25985024,267.91,96991,26.0120,163,567.1327,0.065397,31.832535,0.056443,2.480883e-04
794,26017792,268.24,96995,26.0860,163,568.6920,0.050405,29.405071,0.055648,2.480227e-04
795,26050560,268.56,96999,26.0560,163,568.0340,-0.019898,4.081723,0.066822,2.479572e-04
796,26083328,268.89,97002,26.3510,163,574.2828,-0.001535,29.628004,0.045766,2.478916e-04
797,26116096,269.22,97006,26.3500,163,574.2744,0.028888,30.239325,0.055694,2.478261e-04
798,26148864,269.55,97010,26.6240,163,580.0114,-0.020561,14.891256,0.068066,2.477605e-04
799,26181632,269.88,97013,26.7120,163,581.8945,-0.028603,3.583796,0.037855,2.476950e-04
800,26214400,270.20,97017,27.1250,163,590.5756,0.000800,16.998955,0.055828,2.476295e-04
801,26247168,270.65,96978,27.3040,163,594.3244,-0.050631,0.705944,0.060574,2.475639e-04
802,26279936,270.98,96981,27.3650,163,595.6172,-0.019406,1.127469,0.054059,2.474984e-04
803,26312704,271.30,96985,27.4940,163,598.3727,-0.021053,9.979106,0.076446,2.474328e-04
804,26345472,271.63,96989,27.6030,163,600.6701,-0.035116,1.446151,0.040835,2.473673e-04
805,26378240,271.96,96993,27.9280,163,607.5501,0.051098,30.157639,0.060874,2.473017e-04
806,26411008,272.29,96996,27.9480,163,607.9656,-0.028933,0.055024,0.063625,2.472362e-04
807,26443776,272.61,97000,27.9960,163,608.9988,-0.044665,0.111792,0.054662,2.471706e-04
808,26476544,272.94,97004,28.1330,163,611.9057,0.041538,37.843906,0.055044,2.471051e-04
809,26509312,273.27,97008,28.3380,163,616.2360,-0.032220,1.012871,0.062654,2.470395e-04
810,26542080,273.60,97011,28.6170,163,622.1083,0.063752,30.010967,0.062390,2.469740e-04
811,26574848,274.06,96968,29.1380,163,633.0876,0.013084,35.608833,0.073233,2.469085e-04
812,26607616,274.39,96971,29.3900,163,638.4405,0.008572,19.221493,0.058789,2.468429e-04
813,26640384,274.71,96975,29.6770,163,644.5763,0.000176,32.213707,0.061177,2.467774e-04
814,26673152,275.04,96978,29.6770,163,644.5763,-0.006180,0.067560,0.054713,2.467118e-04
815,26705920,275.37,96982,29.7090,163,645.2424,-0.021676,0.425050,0.055796,2.466463e-04
816,26738688,275.70,96986,29.9820,163,651.0280,-0.002310,12.827543,0.063079,2.465807e-04
817,26771456,276.02,96990,30.2950,163,657.6311,0.010458,17.386459,0.058372,2.465152e-04
818,26804224,276.35,96993,30.4020,163,659.8827,0.008762,14.380765,0.052842,2.464496e-04
819,26836992,276.68,96996,31.0030,163,672.6093,-0.014583,35.417702,0.068658,2.463841e-04
820,26869760,277.01,97000,31.2960,163,678.8532,0.008542,34.129215,0.054623,2.463185e-04
821,26902528,277.44,96968,31.3940,163,680.9540,-0.053235,15.198665,0.055420,2.462530e-04
822,26935296,277.76,96972,31.6770,163,686.9256,-0.031767,10.974559,0.062983,2.461875e-04
823,26968064,278.09,96975,31.9000,163,691.6514,0.028735,21.054623,0.056123,2.461219e-04
824,27000832,278.42,96979,32.1770,163,697.5067,0.028236,28.011856,0.073458,2.460564e-04
825,27033600,278.75,96983,32.5840,163,706.1553,-0.040128,30.686852,0.069983,2.459908e-04
826,27066368,279.07,96986,32.9560,163,714.0399,-0.009718,29.687853,0.071909,2.459253e-04
827,27099136,279.40,96990,33.1230,163,717.6143,-0.024775,17.294220,0.073692,2.458597e-04
828,27131904,279.73,96993,33.2890,163,721.2069,-0.013511,31.240858,0.078006,2.457942e-04
829,27164672,280.06,96997,33.6080,163,727.9739,-0.014896,32.202496,0.064389,2.457286e-04
830,27197440,280.38,97001,33.9230,163,734.6709,-0.002443,37.402184,0.061900,2.456631e-04
831,27230208,280.84,96959,34.0980,163,738.3725,-0.021602,9.012000,0.055007,2.455976e-04
832,27262976,281.17,96963,34.0990,163,738.3916,-0.021324,0.576475,0.069876,2.455320e-04
833,27295744,281.49,96967,34.2820,163,742.2795,0.015540,13.852425,0.054604,2.454665e-04
834,27328512,281.82,96970,34.3430,163,743.6266,0.127443,71.811386,0.065383,2.454009e-04
835,27361280,282.15,96974,34.6790,163,750.7649,-0.011959,27.179214,0.052712,2.453354e-04
836,27394048,282.48,96977,34.9860,163,757.2604,-0.006523,6.409032,0.069030,2.452698e-04
837,27426816,282.80,96981,35.1500,163,760.7252,0.041745,26.514975,0.055678,2.452043e-04
838,27459584,283.13,96985,34.8120,163,753.6561,-0.020403,11.386236,0.058007,2.451387e-04
839,27492352,283.46,96988,34.8550,163,754.5855,-0.005280,26.162130,0.051217,2.450732e-04
840,27525120,283.79,96991,34.9250,163,756.0772,-0.031943,6.542728,0.062398,2.450076e-04
841,27557888,284.25,96948,35.1340,163,760.5097,-0.017089,17.640179,0.047719,2.449421e-04
842,27590656,284.58,96951,35.1220,163,760.2534,0.026422,9.712466,0.066838,2.448766e-04
843,27623424,284.91,96955,35.3810,163,765.6916,-0.020391,7.142085,0.074814,2.448110e-04
844,27656192,285.24,96959,35.3320,163,764.6325,0.080676,37.371437,0.060157,2.447455e-04
845,27688960,285.56,96962,35.6280,163,770.8772,0.021126,35.806599,0.053237,2.446799e-04
846,27721728,285.89,96966,35.6870,163,772.1517,0.011116,17.738335,0.070371,2.446144e-04
847,27754496,286.22,96969,35.8960,163,776.5689,0.046432,29.132671,0.065336,2.445488e-04
848,27787264,286.55,96972,35.8960,163,776.5689,-0.029186,0.037445,0.066841,2.444833e-04
849,27820032,286.88,96975,36.2370,163,783.7869,0.057111,34.423229,0.079094,2.444177e-04
850,27852800,287.21,96978,36.6670,163,792.8718,0.021053,38.958141,0.070071,2.443522e-04
851,27885568,287.65,96941,36.6640,163,792.8124,0.021598,36.448624,0.075915,2.442867e-04
852,27918336,287.98,96944,37.2730,163,805.6524,-0.011786,34.144337,0.067917,2.442211e-04
853,27951104,288.32,96946,37.2170,163,804.4912,0.014085,16.413937,0.074426,2.441556e-04
854,27983872,288.64,96949,37.2120,163,804.3878,-0.012522,9.655347,0.069531,2.440900e-04
855,28016640,288.97,96953,37.4380,163,809.1925,-0.021754,9.223875,0.064859,2.440245e-04
856,28049408,289.30,96956,37.9080,163,819.1105,-0.020662,25.763565,0.062134,2.439589e-04
857,28082176,289.63,96960,37.9180,163,819.3264,-0.010488,0.970956,0.059687,2.438934e-04
858,28114944,289.95,96963,38.1120,163,823.4364,0.051431,38.011936,0.060902,2.438278e-04
859,28147712,290.28,96967,38.2990,163,827.4267,0.002436,11.793669,0.059368,2.437623e-04
860,28180480,290.61,96970,38.4070,163,829.6955,0.006447,5.301928,0.067012,2.436967e-04
861,28213248,291.05,96934,38.6030,163,833.8176,-0.020847,6.362498,0.064632,2.436312e-04
862,28246016,291.38,96938,38.7500,163,836.9194,0.004644,8.910838,0.056953,2.435657e-04
863,28278784,291.71,96941,38.8260,163,838.5181,0.019823,31.449688,0.057054,2.435001e-04
864,28311552,292.04,96945,39.3250,163,849.0725,-0.021722,22.931931,0.061549,2.434346e-04
865,28344320,292.36,96948,39.6310,163,855.5610,-0.015113,27.060749,0.072506,2.433690e-04
866,28377088,292.69,96952,39.6440,163,855.8360,0.024688,20.350124,0.058486,2.433035e-04
867,28409856,293.02,96955,39.7270,163,857.5770,0.017563,38.940315,0.044648,2.432379e-04
868,28442624,293.35,96959,40.0270,163,863.9133,0.006487,24.889374,0.065022,2.431724e-04
869,28475392,293.67,96962,40.1880,163,867.3281,0.006133,9.752907,0.077806,2.431068e-04
870,28508160,294.00,96965,40.6360,163,876.8150,-0.006079,54.627647,0.066585,2.430413e-04
871,28540928,294.45,96929,41.2240,163,889.3189,-0.044111,18.763851,0.053819,2.429757e-04
872,28573696,294.78,96933,41.5070,163,895.3476,-0.051881,3.148593,0.069357,2.429102e-04
873,28606464,295.11,96936,41.4900,163,895.0052,-0.011848,4.176413,0.067633,2.428447e-04
874,28639232,295.43,96939,41.5570,163,896.4627,-0.036491,10.064158,0.077545,2.427791e-04
875,28672000,295.76,96943,41.7900,163,901.3639,0.031540,24.248684,0.081263,2.427136e-04
876,28704768,296.09,96947,41.8840,163,903.3960,-0.032393,3.293286,0.059264,2.426480e-04
877,28737536,296.42,96949,41.9170,163,904.1331,0.006252,13.658934,0.067715,2.425825e-04
878,28770304,296.74,96953,42.0190,163,906.3545,-0.032598,1.861777,0.056888,2.425169e-04
879,28803072,297.07,96956,42.1950,163,910.1637,-0.032799,15.126225,0.065739,2.424514e-04
880,28835840,297.40,96960,42.3530,163,913.5455,-0.025917,14.347317,0.068244,2.423858e-04
881,28868608,297.83,96929,42.5720,163,918.2202,0.015188,47.783035,0.073299,2.423203e-04
882,28901376,298.16,96932,42.7270,163,921.5112,0.003546,28.977766,0.058921,2.422548e-04
883,28934144,298.49,96936,42.7180,163,921.3563,-0.004448,30.706055,0.065484,2.421892e-04
884,28966912,298.81,96939,42.8870,163,924.9473,0.013440,20.880550,0.049164,2.421237e-04
885,28999680,299.14,96943,42.9400,163,926.1174,0.048139,49.920902,0.054291,2.420581e-04
886,29032448,299.47,96946,43.0890,163,929.2829,0.011206,14.591192,0.059568,2.419926e-04
887,29065216,299.80,96949,42.9400,163,926.1606,-0.022309,2.585109,0.049648,2.419270e-04
888,29097984,300.12,96953,43.2000,163,931.6411,0.005453,18.828232,0.058133,2.418615e-04
889,29130752,300.45,96956,43.3380,163,934.5785,-0.029817,3.982775,0.037840,2.417959e-04
890,29163520,300.78,96960,43.7180,163,942.6383,-0.043039,0.080390,0.062428,2.417304e-04
891,29196288,301.25,96915,43.7000,163,942.2842,-0.025268,1.134281,0.053919,2.416648e-04
892,29229056,301.58,96919,43.9990,163,948.6411,-0.035889,2.515858,0.052882,2.415993e-04
893,29261824,301.91,96922,44.0560,163,949.8422,-0.028581,0.118026,0.041610,2.415338e-04
894,29294592,302.24,96925,44.4390,163,957.9404,-0.031998,12.753799,0.047212,2.414682e-04
895,29327360,302.56,96929,44.8530,163,966.7189,-0.025065,15.529501,0.049706,2.414027e-04
896,29360128,302.89,96932,45.2370,163,974.7635,0.009854,36.312347,0.061949,2.413371e-04
897,29392896,303.22,96935,45.3100,163,976.3064,-0.024310,3.443145,0.062246,2.412716e-04
898,29425664,303.55,96938,45.3880,163,977.9871,0.035881,28.438555,0.064490,2.412060e-04
899,29458432,303.88,96942,45.9370,163,989.6030,-0.018739,12.282979,0.057267,2.411405e-04
900,29491200,304.20,96945,46.1820,163,994.7764,-0.024014,12.956537,0.060118,2.410749e-04
901,29523968,304.64,96915,46.1820,163,994.7764,0.006702,0.027825,0.045781,2.410094e-04
902,29556736,304.96,96918,46.1610,163,994.3416,-0.030063,3.836246,0.045423,2.409438e-04
903,29589504,305.29,96922,46.1690,163,994.5122,-0.004305,1.841084,0.062387,2.408783e-04
904,29622272,305.62,96925,46.1810,163,994.7674,0.154543,52.358364,0.050664,2.408128e-04
905,29655040,305.95,96928,46.1680,163,994.4780,-0.010351,2.927840,0.074799,2.407472e-04
906,29687808,306.28,96931,46.2360,163,995.9261,0.026126,4.102059,0.061004,2.406817e-04
907,29720576,306.60,96934,46.3690,163,998.7392,-0.006610,5.447726,0.055510,2.406161e-04
908,29753344,306.93,96938,46.5600,163,1002.7865,0.003086,26.380896,0.060583,2.405506e-04
909,29786112,307.26,96941,46.7490,163,1006.7948,-0.030787,3.588642,0.060046,2.404850e-04
910,29818880,307.59,96944,47.1250,163,1014.7880,-0.022958,10.785526,0.064481,2.404195e-04
911,29851648,308.02,96915,47.1230,163,1014.7436,0.008014,5.844325,0.053925,2.403539e-04
912,29884416,308.35,96918,47.4430,163,1021.5386,0.012648,44.957661,0.063299,2.402884e-04
913,29917184,308.67,96921,47.5810,163,1024.5756,0.027728,61.146324,0.068874,2.402229e-04
914,29949952,309.00,96924,47.6020,163,1024.9840,0.017770,22.288370,0.067685,2.401573e-04
915,29982720,309.33,96928,47.8820,163,1030.9953,-0.009870,29.017624,0.058313,2.400918e-04
916,30015488,309.66,96931,48.1480,163,1036.6454,0.073726,61.487167,0.073458,2.400262e-04
917,30048256,309.99,96933,48.0140,163,1033.8191,-0.013640,7.702660,0.072991,2.399607e-04
918,30081024,310.32,96936,48.0560,163,1034.7509,-0.008974,20.941862,0.069291,2.398951e-04
919,30113792,310.64,96939,47.9620,163,1032.7689,-0.029432,0.043948,0.074856,2.398296e-04
920,30146560,310.97,96943,48.1740,163,1037.2145,-0.010113,10.785682,0.069847,2.397640e-04
921,30179328,311.43,96905,48.2940,163,1039.7788,0.007966,25.487837,0.066704,2.396985e-04
922,30212096,311.76,96908,48.2980,163,1039.8445,-0.001944,17.550749,0.067345,2.396329e-04
923,30244864,312.09,96912,48.4440,163,1043.0031,-0.022004,12.122493,0.050656,2.395674e-04
924,30277632,312.41,96914,48.5850,163,1045.9925,-0.027051,0.184770,0.086575,2.395019e-04
925,30310400,312.74,96918,49.0640,163,1056.1794,0.032805,54.232964,0.055810,2.394363e-04
926,30343168,313.07,96922,49.3470,163,1062.1743,0.006940,54.636547,0.065254,2.393708e-04
927,30375936,313.40,96925,49.3240,163,1061.7552,0.060033,51.307137,0.051512,2.393052e-04
928,30408704,313.72,96928,49.2740,163,1060.7619,0.003987,54.924362,0.060476,2.392397e-04
929,30441472,314.05,96932,49.3650,163,1062.6943,0.033536,19.461704,0.053909,2.391741e-04
930,30474240,314.38,96935,49.6250,163,1068.2091,0.002727,30.386000,0.058163,2.391086e-04
931,30507008,314.84,96898,49.8760,163,1073.5670,-0.016957,15.704308,0.050289,2.390430e-04
932,30539776,315.16,96901,50.1320,163,1079.0102,0.028590,35.370811,0.052714,2.389775e-04
933,30572544,315.49,96904,50.2520,163,1081.5514,0.058791,16.459808,0.066635,2.389120e-04
934,30605312,315.82,96908,50.2740,163,1082.0557,0.054411,45.396984,0.073284,2.388464e-04
935,30638080,316.14,96911,50.0940,163,1078.2771,-0.032668,9.145957,0.080222,2.387809e-04
936,30670848,316.47,96914,50.2160,163,1080.8827,-0.040957,17.085186,0.063943,2.387153e-04
937,30703616,316.80,96918,49.8190,163,1072.4995,-0.014269,16.004066,0.086343,2.386498e-04
938,30736384,317.13,96921,49.8350,163,1072.9106,0.005253,36.014580,0.061531,2.385842e-04
939,30769152,317.45,96925,49.8710,163,1073.6794,-0.013143,16.152420,0.068409,2.385187e-04
940,30801920,317.78,96928,49.8020,163,1072.2416,-0.005378,23.558123,0.068719,2.384531e-04
941,30834688,318.21,96901,49.7160,163,1070.4750,-0.024476,28.354698,0.059329,2.383876e-04
942,30867456,318.53,96905,49.7650,163,1071.4981,-0.003317,14.118135,0.068075,2.383220e-04
943,30900224,318.86,96908,49.5080,163,1066.0988,0.053979,84.150146,0.056815,2.382565e-04
944,30932992,319.19,96911,49.6270,163,1068.7539,0.047455,91.989944,0.064489,2.381910e-04
945,30965760,319.51,96915,49.5810,163,1067.7928,0.007348,22.843372,0.062724,2.381254e-04
946,30998528,319.84,96918,49.9110,163,1074.7948,0.000725,41.806637,0.056650,2.380599e-04
947,31031296,320.17,96922,50.0600,163,1078.0701,0.005232,51.696964,0.053013,2.379943e-04
948,31064064,320.49,96925,50.0240,163,1077.2847,-0.027880,14.409544,0.077791,2.379288e-04
949,31096832,320.82,96928,50.1740,163,1080.5190,-0.007381,28.989584,0.062044,2.378632e-04
950,31129600,321.15,96931,50.2250,163,1081.5959,0.030407,23.137714,0.061175,2.377977e-04
951,31162368,321.70,96866,50.3340,163,1083.8962,-0.030787,5.910130,0.066736,2.377321e-04
952,31195136,322.03,96869,50.1330,163,1079.6615,-0.029882,2.759386,0.063988,2.376666e-04
953,31227904,322.36,96873,50.1020,163,1079.0037,-0.005485,13.130671,0.053494,2.376010e-04
954,31260672,322.68,96876,50.1000,163,1078.9472,0.002990,6.369359,0.077007,2.375355e-04
955,31293440,323.01,96879,50.3620,163,1084.5026,-0.007322,30.864637,0.066119,2.374700e-04
956,31326208,323.34,96883,50.3880,163,1085.1014,0.005548,24.392265,0.063666,2.374044e-04
957,31358976,323.67,96887,50.4980,163,1087.4403,-0.030016,5.491257,0.064808,2.373389e-04
958,31391744,323.99,96890,50.7000,163,1091.7319,-0.023111,21.194275,0.071376,2.372733e-04
959,31424512,324.32,96893,51.2280,163,1102.9125,-0.001876,29.145527,0.052990,2.372078e-04
960,31457280,324.65,96896,51.1270,163,1100.8126,0.047921,43.181870,0.058752,2.371422e-04
961,31490048,325.08,96867,51.0950,163,1100.1663,-0.035748,5.124109,0.070025,2.370767e-04
962,31522816,325.41,96871,51.0850,163,1099.9749,0.002742,4.011296,0.067622,2.370111e-04
963,31555584,325.74,96874,51.2060,163,1102.5330,0.027098,23.438999,0.065977,2.369456e-04
964,31588352,326.07,96877,51.2320,163,1103.0915,-0.028271,10.989805,0.060880,2.368801e-04
965,31621120,326.39,96880,51.1820,163,1102.0544,-0.007337,12.878142,0.061023,2.368145e-04
966,31653888,326.72,96884,51.2070,163,1102.5876,-0.027758,4.854095,0.068824,2.367490e-04
967,31686656,327.05,96887,51.0660,163,1099.6100,-0.052063,7.973386,0.075416,2.366834e-04
968,31719424,327.37,96890,51.0990,163,1100.3135,-0.006908,9.625065,0.076658,2.366179e-04
969,31752192,327.70,96894,51.0560,163,1099.4385,-0.044665,5.544983,0.066357,2.365523e-04
970,31784960,328.03,96897,51.2220,163,1102.9905,-0.029352,13.856110,0.066345,2.364868e-04
971,31817728,328.55,96842,51.2710,163,1104.0936,-0.009132,24.157852,0.063932,2.364212e-04
972,31850496,328.88,96845,50.8770,163,1095.7905,0.030936,26.280375,0.070069,2.363557e-04
973,31883264,329.21,96849,51.1630,163,1101.8616,0.074260,25.311708,0.070162,2.362901e-04
974,31916032,329.53,96852,51.2190,163,1103.0166,0.002702,14.917074,0.063347,2.362246e-04
975,31948800,329.86,96855,51.2190,163,1103.0166,-0.001751,0.020946,0.056245,2.361591e-04
976,31981568,330.19,96858,51.0960,163,1100.4581,0.024304,26.122572,0.062005,2.360935e-04
977,32014336,330.51,96862,51.2740,163,1104.2400,0.018597,17.835590,0.057210,2.360280e-04
978,32047104,330.84,96865,51.3340,163,1105.5163,-0.005081,2.436088,0.062769,2.359624e-04
979,32079872,331.17,96868,51.4210,163,1107.3400,-0.020633,8.832126,0.081165,2.358969e-04
980,32112640,331.50,96872,51.0710,163,1100.0279,0.015754,57.878334,0.049522,2.358313e-04
981,32145408,331.93,96844,50.9300,163,1097.0272,0.020043,52.959702,0.052295,2.357658e-04
982,32178176,332.26,96847,50.9510,163,1097.4556,0.015901,48.304379,0.039512,2.357002e-04
983,32210944,332.58,96850,50.3930,163,1085.6994,0.030494,40.635269,0.069486,2.356347e-04
984,32243712,332.91,96853,50.4860,163,1087.6783,-0.020344,0.678724,0.046007,2.355692e-04
985,32276480,333.24,96857,50.5160,163,1088.3178,0.002319,7.921489,0.058110,2.355036e-04
986,32309248,333.57,96860,50.2350,163,1082.3736,0.006723,30.076094,0.051493,2.354381e-04
987,32342016,333.90,96862,50.3320,163,1084.4286,-0.028280,9.333475,0.068591,2.353725e-04
988,32374784,334.22,96866,50.1960,163,1081.5718,0.022561,16.753300,0.054326,2.353070e-04
989,32407552,334.55,96869,50.3800,163,1085.4047,-0.057661,1.323172,0.065519,2.352414e-04
990,32440320,334.88,96872,50.3800,163,1085.4047,-0.016135,0.018898,0.052399,2.351759e-04
991,32473088,335.35,96832,50.2760,163,1083.2093,-0.032115,3.214589,0.058208,2.351103e-04
992,32505856,335.68,96835,50.2050,163,1081.6947,0.027169,24.244518,0.052802,2.350448e-04
993,32538624,336.01,96839,50.6020,163,1090.0677,0.021759,31.792145,0.058648,2.349792e-04
994,32571392,336.33,96842,50.7680,163,1093.5839,-0.007045,6.186728,0.068828,2.349137e-04
995,32604160,336.66,96845,50.9430,163,1097.2305,-0.014897,28.098751,0.052153,2.348482e-04
996,32636928,336.99,96849,51.1530,163,1101.6726,-0.002767,28.032295,0.062916,2.347826e-04
997,32669696,337.31,96852,51.2810,163,1104.3499,-0.014710,26.830004,0.070624,2.347171e-04
998,32702464,337.64,96855,51.0360,163,1099.2141,0.023110,56.157898,0.062193,2.346515e-04
999,32735232,337.97,96858,50.8770,163,1095.8186,-0.031197,11.903957,0.078121,2.345860e-04
1000,32768000,338.30,96861,51.0950,163,1100.4132,0.056761,31.801449,0.057299,2.345204e-04
1001,32800768,338.77,96822,51.0180,163,1098.7827,-0.012463,9.287740,0.059041,2.344549e-04
1002,32833536,339.10,96825,51.0600,163,1099.6648,0.002677,19.838142,0.055986,2.343893e-04
1003,32866304,339.43,96828,50.9760,163,1097.9007,-0.038909,1.250841,0.063494,2.343238e-04
1004,32899072,339.76,96831,50.7670,163,1093.5308,-0.003943,32.067722,0.063476,2.342582e-04
1005,32931840,340.08,96835,50.8810,163,1095.9438,-0.030051,0.188371,0.055136,2.341927e-04
1006,32964608,340.41,96837,50.6400,163,1090.8035,-0.024542,33.621193,0.079055,2.341272e-04
1007,32997376,340.74,96841,50.3370,163,1084.4120,-0.017565,32.286247,0.075256,2.340616e-04
1008,33030144,341.06,96844,49.9480,163,1076.1978,0.024394,40.510284,0.073272,2.339961e-04
1009,33062912,341.39,96847,49.6470,163,1069.8642,0.048245,121.156433,0.060753,2.339305e-04
1010,33095680,341.72,96851,49.0820,163,1057.9681,-0.015007,68.995125,0.067284,2.338650e-04
1011,33128448,342.15,96825,48.5950,163,1047.6282,-0.047233,20.224573,0.066875,2.337994e-04
1012,33161216,342.47,96828,48.5160,163,1045.9605,-0.027998,16.244190,0.072199,2.337339e-04
1013,33193984,342.80,96831,48.3210,163,1041.7777,0.069175,76.440216,0.063585,2.336683e-04
1014,33226752,343.13,96834,48.0910,163,1036.8683,0.044264,34.674110,0.057681,2.336028e-04
1015,33259520,343.46,96837,48.0230,163,1035.4320,-0.036407,26.195818,0.063591,2.335373e-04
1016,33292288,343.78,96841,47.7600,163,1029.8158,0.048438,45.621998,0.073610,2.334717e-04
1017,33325056,344.11,96844,47.4160,163,1022.5194,0.020501,53.648632,0.066837,2.334062e-04
1018,33357824,344.44,96847,47.1230,163,1016.2929,0.001585,39.850666,0.071462,2.333406e-04
1019,33390592,344.76,96850,47.2340,163,1018.5742,-0.000786,41.567223,0.069709,2.332751e-04
1020,33423360,345.09,96853,46.8840,163,1011.1440,0.046026,38.704025,0.074479,2.332095e-04
1021,33456128,345.55,96818,46.7120,163,1007.5255,0.085991,100.894577,0.054354,2.331440e-04
1022,33488896,345.88,96821,45.7900,163,988.0259,0.008641,46.973251,0.068351,2.330784e-04
1023,33521664,346.21,96824,45.2000,163,975.5727,-0.014302,41.730419,0.063559,2.330129e-04
1024,33554432,346.54,96827,45.2900,163,977.4789,-0.022706,19.888802,0.066841,2.329473e-04
1025,33587200,346.86,96830,44.9840,163,971.0727,0.012578,56.879814,0.053968,2.328818e-04
1026,33619968,347.19,96833,44.3160,163,956.9269,0.011450,58.939362,0.055440,2.328163e-04
1027,33652736,347.52,96836,43.9550,163,949.2650,0.016438,30.360012,0.063771,2.327507e-04
1028,33685504,347.85,96839,43.8060,163,946.1291,-0.033637,14.146479,0.062502,2.326852e-04
1029,33718272,348.18,96842,43.3780,163,937.1073,-0.011768,21.223814,0.051837,2.326196e-04
1030,33751040,348.50,96845,43.4420,163,938.4640,-0.008680,12.432947,0.057985,2.325541e-04
1031,33783808,348.95,96816,43.2260,163,933.9415,0.007330,43.374611,0.058523,2.324885e-04
1032,33816576,349.28,96819,43.2770,163,935.0384,0.016306,38.014664,0.064196,2.324230e-04
1033,33849344,349.60,96822,43.2950,163,935.4251,-0.002574,17.699480,0.077498,2.323574e-04
1034,33882112,349.93,96825,42.9930,163,929.0644,0.003342,15.223925,0.052473,2.322919e-04
1035,33914880,350.26,96828,42.7280,163,923.4400,0.039662,54.625706,0.058878,2.322263e-04
1036,33947648,350.59,96831,42.4610,163,917.8264,-0.016224,18.296783,0.060180,2.321608e-04
1037,33980416,350.91,96834,42.3800,163,916.0991,-0.016296,11.544904,0.075659,2.320953e-04
1038,34013184,351.24,96837,42.4970,163,918.5661,0.081138,33.280392,0.058561,2.320297e-04
1039,34045952,351.57,96840,42.3880,163,916.2827,0.027476,26.950281,0.047087,2.319642e-04
1040,34078720,351.89,96843,42.3810,163,916.1166,0.018045,39.905491,0.056803,2.318986e-04
1041,34111488,352.39,96801,42.3160,163,914.7609,-0.028549,6.391289,0.068787,2.318331e-04
1042,34144256,352.71,96804,42.2200,163,912.7100,-0.026653,1.600961,0.068463,2.317675e-04
1043,34177024,353.04,96807,42.4580,163,917.7168,-0.048147,13.009799,0.080829,2.317020e-04
1044,34209792,353.37,96810,42.4450,163,917.3825,0.010316,49.279961,0.062616,2.316364e-04
1045,34242560,353.70,96813,42.6140,163,920.9180,-0.035501,25.984043,0.064815,2.315709e-04
1046,34275328,354.03,96815,42.5970,163,920.5728,0.044573,40.661636,0.064488,2.315054e-04
1047,34308096,354.35,96818,42.4710,163,917.9127,-0.029846,10.533627,0.071923,2.314398e-04
1048,34340864,354.68,96821,42.5360,163,919.2673,0.019703,14.629820,0.080610,2.313743e-04
1049,34373632,355.01,96824,42.8460,163,925.8033,-0.012641,28.756359,0.054081,2.313087e-04
1050,34406400,355.34,96827,42.7050,163,922.8168,-0.008835,17.829935,0.056617,2.312432e-04
1051,34439168,355.87,96774,42.6680,163,922.0266,0.066639,37.619431,0.063036,2.311776e-04
1052,34471936,356.20,96777,42.7600,163,923.9642,0.020142,14.117929,0.054814,2.311121e-04
1053,34504704,356.53,96779,42.6620,163,921.9182,-0.009494,13.709509,0.065960,2.310465e-04
1054,34537472,356.85,96783,42.4120,163,916.6242,-0.015511,20.617445,0.059528,2.309810e-04
1055,34570240,357.18,96786,42.2080,163,912.2341,-0.047011,17.378042,0.060635,2.309154e-04
1056,34603008,357.51,96789,42.1460,163,910.9327,0.003305,25.999897,0.050182,2.308499e-04
1057,34635776,357.84,96792,41.9420,163,906.6193,0.017867,30.819599,0.066626,2.307844e-04
1058,34668544,358.16,96795,41.7180,163,901.8986,0.016914,35.045258,0.075447,2.307188e-04
1059,34701312,358.49,96798,41.7020,163,901.5666,-0.046746,2.783511,0.056335,2.306533e-04
1060,34734080,358.82,96801,41.4400,163,896.0124,-0.001511,40.654762,0.058790,2.305877e-04
1061,34766848,359.26,96773,40.9240,163,885.0404,-0.014396,38.366959,0.067588,2.305222e-04
1062,34799616,359.59,96776,40.6060,163,878.3067,0.042208,44.665852,0.059549,2.304566e-04
1063,34832384,359.91,96779,40.0930,163,867.3824,0.006957,47.400208,0.068177,2.303911e-04
1064,34865152,360.24,96782,39.7760,163,860.6644,0.003561,17.218826,0.059402,2.303255e-04
1065,34897920,360.57,96785,39.5850,163,856.6152,0.017067,22.637794,0.058240,2.302600e-04
1066,34930688,360.90,96788,39.7440,163,859.9994,-0.003017,21.046694,0.071777,2.301945e-04
1067,34963456,361.22,96791,39.7960,163,861.1134,0.037739,52.223114,0.063472,2.301289e-04
1068,34996224,361.55,96795,39.7720,163,860.5752,0.020222,16.111008,0.076087,2.300634e-04
1069,35028992,361.88,96798,39.5400,163,855.6820,-0.017184,21.993721,0.066204,2.299978e-04
1070,35061760,362.20,96801,39.7710,163,860.5892,-0.041875,7.000739,0.063881,2.299323e-04
1071,35094528,362.78,96737,39.9540,163,864.4600,-0.009118,1.264514,0.070900,2.298667e-04
1072,35127296,363.11,96740,39.8310,163,861.8650,0.045092,33.733856,0.074478,2.298012e-04
1073,35160064,363.43,96743,39.8580,163,862.4822,-0.012772,26.148304,0.065403,2.297356e-04
1074,35192832,363.76,96746,39.8990,163,863.3597,0.041440,28.582348,0.065059,2.296701e-04
1075,35225600,364.09,96749,39.8610,163,862.5353,-0.002795,26.442083,0.061026,2.296045e-04
1076,35258368,364.42,96752,39.6890,163,858.8675,0.018196,54.203880,0.069400,2.295390e-04
1077,35291136,364.74,96755,39.7340,163,859.8423,0.009165,16.810160,0.067995,2.294735e-04
1078,35323904,365.07,96759,39.5430,163,855.8216,-0.020480,10.541895,0.065993,2.294079e-04
1079,35356672,365.40,96762,39.5920,163,856.8485,-0.031886,4.265808,0.057180,2.293424e-04
1080,35389440,365.72,96765,39.2960,163,850.6283,-0.006974,28.271479,0.063090,2.292768e-04
1081,35422208,366.18,96733,39.1870,163,848.3513,-0.071346,7.392998,0.066651,2.292113e-04
1082,35454976,366.51,96736,38.8950,163,842.2467,0.007229,34.523064,0.068831,2.291457e-04
1083,35487744,366.84,96739,38.8030,163,840.3065,-0.004067,10.993185,0.067062,2.290802e-04
1084,35520512,367.16,96743,38.7710,163,839.5988,0.004647,31.669756,0.065511,2.290146e-04
1085,35553280,367.49,96746,38.5580,163,835.0837,0.054163,46.841991,0.067573,2.289491e-04
1086,35586048,367.82,96749,38.5460,163,834.8423,0.076530,39.672585,0.071807,2.288835e-04
1087,35618816,368.14,96752,38.3610,163,830.9187,0.012355,24.721252,0.091871,2.288180e-04
1088,35651584,368.47,96755,38.5000,163,833.8168,0.006048,16.344730,0.073388,2.287525e-04
1089,35684352,368.80,96758,38.8470,163,841.1473,-0.015180,15.676016,0.064286,2.286869e-04
1090,35717120,369.14,96757,38.6920,163,837.8899,0.000266,12.855947,0.062742,2.286214e-04
1091,35749888,369.59,96727,38.6690,163,837.4295,-0.023658,46.538254,0.064691,2.285558e-04
1092,35782656,369.93,96728,38.5410,163,834.7769,0.025240,61.797188,0.070798,2.284903e-04
1093,35815424,370.26,96730,38.6180,163,836.4052,-0.025678,15.206838,0.077230,2.284247e-04
1094,35848192,370.60,96731,38.5430,163,834.7642,0.059128,32.029434,0.062965,2.283592e-04
1095,35880960,370.93,96732,38.3800,163,831.3429,0.005284,51.059303,0.059596,2.282936e-04
1096,35913728,371.26,96734,38.3190,163,830.0326,0.022340,33.787720,0.067556,2.282281e-04
1097,35946496,371.60,96734,38.2320,163,828.2081,-0.002520,22.090586,0.068367,2.281626e-04
1098,35979264,371.93,96735,38.2330,163,828.2313,0.018728,11.541561,0.070784,2.280970e-04
1099,36012032,372.27,96737,38.1080,163,825.5960,0.013117,47.075378,0.064872,2.280315e-04
1100,36044800,372.60,96738,38.3320,163,830.2653,0.028541,48.015881,0.059448,2.279659e-04
1101,36077568,373.14,96686,38.4380,163,832.4855,-0.063948,2.114432,0.086267,2.279004e-04
1102,36110336,373.47,96687,38.6190,163,836.3074,-0.006558,34.907909,0.061456,2.278348e-04
1103,36143104,373.81,96689,38.8040,163,840.2489,0.029704,39.901222,0.056789,2.277693e-04
1104,36175872,374.14,96691,38.7290,163,838.6255,0.049847,48.892677,0.068742,2.277037e-04
1105,36208640,374.47,96693,38.7810,163,839.7537,-0.053401,2.432168,0.074971,2.276382e-04
1106,36241408,374.80,96695,38.7080,163,838.2336,-0.016140,9.602436,0.071061,2.275726e-04
1107,36274176,375.13,96697,38.7370,163,838.8575,-0.008957,0.869529,0.061180,2.275071e-04
1108,36306944,375.46,96698,38.6410,163,836.8641,-0.011529,11.853537,0.054269,2.274416e-04
1109,36339712,375.79,96700,38.4690,163,833.2316,0.087577,37.466290,0.051468,2.273760e-04
1110,36372480,376.13,96702,38.7540,163,839.2292,-0.021986,5.351361,0.058758,2.273105e-04
1111,36405248,376.63,96660,38.6270,163,836.5595,0.012484,30.585371,0.046359,2.272449e-04
1112,36438016,376.96,96662,38.7410,163,838.9673,-0.031418,2.248523,0.074743,2.271794e-04
1113,36470784,377.29,96664,38.7240,163,838.6169,-0.022274,1.090268,0.066504,2.271138e-04
1114,36503552,377.63,96664,38.6710,163,837.4969,0.036259,19.050245,0.079253,2.270483e-04
1115,36536320,377.98,96662,38.4200,163,832.2132,0.073739,52.922916,0.089101,2.269827e-04
1116,36569088,378.31,96663,38.3500,163,830.7232,0.004398,35.046841,0.067302,2.269172e-04
1117,36601856,378.65,96663,38.4970,163,833.8566,-0.005362,63.163113,0.071854,2.268516e-04
1118,36634624,378.99,96662,38.3220,163,830.1936,0.035703,57.895485,0.070492,2.267861e-04
1119,36667392,379.33,96663,38.2350,163,828.4070,0.038900,39.014263,0.067054,2.267206e-04
1120,36700160,379.67,96664,38.3880,163,831.6800,-0.025518,42.153275,0.067286,2.266550e-04
1121,36732928,380.15,96626,38.4360,163,832.6601,0.023259,33.329147,0.074328,2.265895e-04
1122,36765696,380.49,96628,38.3490,163,830.8123,-0.048032,8.691777,0.077358,2.265239e-04
1123,36798464,380.82,96629,38.3790,163,831.4228,-0.012647,31.729614,0.079852,2.264584e-04
1124,36831232,381.15,96630,37.8970,163,821.3044,0.027680,50.610561,0.060049,2.263928e-04
1125,36864000,381.49,96632,37.8660,163,820.6326,-0.058194,0.129701,0.061659,2.263273e-04
1126,36896768,381.82,96633,37.6770,163,816.6404,0.019434,39.603958,0.076832,2.262617e-04
1127,36929536,382.16,96633,37.3890,163,810.6735,-0.049159,24.606411,0.054007,2.261962e-04
1128,36962304,382.50,96634,37.3380,163,809.6036,0.011337,30.725311,0.098444,2.261307e-04
1129,36995072,382.83,96636,37.5390,163,813.8887,0.030355,54.231400,0.055896,2.260651e-04
1130,37027840,383.16,96636,37.6660,163,816.5282,0.015491,120.197769,0.049279,2.259996e-04
1131,37060608,383.65,96599,37.2850,163,808.5523,-0.005340,29.691540,0.058811,2.259340e-04
1132,37093376,383.98,96602,36.6150,163,794.4549,-0.000750,40.416542,0.067835,2.258685e-04
1133,37126144,384.31,96604,36.4820,163,791.6841,-0.057475,1.878478,0.053550,2.258029e-04
1134,37158912,384.64,96605,36.2630,163,787.1041,0.077152,54.625240,0.055192,2.257374e-04
1135,37191680,384.98,96605,36.1020,163,783.7537,-0.022726,23.177719,0.055655,2.256718e-04
1136,37224448,385.32,96606,36.1400,163,784.5472,0.004912,24.371328,0.048049,2.256063e-04
1137,37257216,385.66,96606,36.0770,163,783.2073,-0.008262,4.100257,0.050458,2.255407e-04
1138,37289984,386.00,96607,35.8970,163,779.4215,-0.017626,1.843717,0.056782,2.254752e-04
1139,37322752,386.33,96607,36.0480,163,782.6243,-0.031723,0.797099,0.070342,2.254097e-04
1140,37355520,386.67,96608,36.1240,163,784.2262,0.014802,9.686062,0.048539,2.253441e-04
1141,37388288,387.27,96543,36.3660,163,789.3932,0.006153,28.623074,0.064036,2.252786e-04
1142,37421056,387.61,96543,36.2370,163,786.6827,-0.006267,2.525360,0.059347,2.252130e-04
1143,37453824,387.94,96545,36.2410,163,786.7986,-0.010566,13.252621,0.064344,2.251475e-04
1144,37486592,388.28,96545,36.2470,163,786.9300,0.005412,11.252655,0.070298,2.250819e-04
1145,37519360,388.62,96546,35.8110,163,777.7873,0.026581,58.343143,0.064773,2.250164e-04
1146,37552128,388.95,96547,35.6660,163,774.7010,-0.024374,9.966393,0.068182,2.249508e-04
1147,37584896,389.29,96547,35.5000,163,771.2128,-0.030897,22.204140,0.058466,2.248853e-04
1148,37617664,389.63,96548,35.4210,163,769.5807,-0.000936,32.576706,0.063357,2.248198e-04
1149,37650432,389.96,96549,35.5140,163,771.5450,-0.029248,1.680187,0.072866,2.247542e-04
1150,37683200,390.30,96549,35.4170,163,769.5283,-0.025108,19.934742,0.050969,2.246887e-04
1151,37715968,390.81,96507,35.3470,163,768.0610,-0.015782,6.598504,0.059292,2.246231e-04
1152,37748736,391.15,96508,35.5410,163,772.1536,-0.018423,11.892106,0.080887,2.245576e-04
1153,37781504,391.48,96508,35.7860,163,777.3387,0.024274,49.405247,0.073973,2.244920e-04
1154,37814272,391.82,96509,35.8540,163,778.7620,-0.007203,16.633171,0.061519,2.244265e-04
1155,37847040,392.16,96509,36.0750,163,783.4288,-0.012388,19.987162,0.070996,2.243609e-04
1156,37879808,392.49,96511,36.1780,163,785.6004,-0.040937,1.242015,0.065613,2.242954e-04
1157,37912576,392.82,96512,36.1940,163,785.9570,0.021240,65.849449,0.062137,2.242298e-04
1158,37945344,393.16,96514,36.2340,163,786.8424,0.027581,34.059483,0.063026,2.241643e-04
1159,37978112,393.50,96513,36.4720,163,791.8523,-0.004032,46.976864,0.072484,2.240988e-04
1160,38010880,393.83,96515,36.6110,163,794.7993,-0.032973,0.382618,0.058932,2.240332e-04
1161,38043648,394.35,96471,36.7760,163,798.2855,-0.019540,19.041521,0.061284,2.239677e-04
1162,38076416,394.69,96472,36.8560,163,800.0363,0.036654,32.698532,0.058429,2.239021e-04
1163,38109184,395.03,96472,36.9860,163,802.8261,0.003720,5.767759,0.061334,2.238366e-04
1164,38141952,395.36,96475,37.0130,163,803.4237,-0.025510,11.945021,0.060425,2.237710e-04
1165,38174720,395.69,96476,36.9850,163,802.8888,0.075418,16.711433,0.063051,2.237055e-04
1166,38207488,396.03,96477,37.0200,163,803.6281,0.003132,3.723753,0.072057,2.236399e-04
1167,38240256,396.36,96478,37.0330,163,803.8920,-0.037383,3.956997,0.051894,2.235744e-04
1168,38273024,396.70,96478,37.1840,163,807.0875,0.009241,29.429789,0.067360,2.235088e-04
1169,38305792,397.04,96478,37.3480,163,810.5255,-0.020476,13.408555,0.069896,2.234433e-04
1170,38338560,397.37,96479,37.5510,163,814.8314,-0.013364,4.410029,0.059138,2.233778e-04
1171,38371328,397.88,96438,37.6480,163,816.9017,-0.023905,7.900309,0.070678,2.233122e-04
1172,38404096,398.22,96439,37.6170,163,816.2430,0.025902,32.144016,0.063382,2.232467e-04
1173,38436864,398.56,96440,37.9750,163,823.8304,-0.037623,15.142561,0.086827,2.231811e-04
1174,38469632,398.90,96440,38.0270,163,824.9488,0.066449,97.316422,0.059663,2.231156e-04
1175,38502400,399.23,96441,38.0630,163,825.7783,0.022988,61.165852,0.068474,2.230500e-04
1176,38535168,399.57,96442,38.0830,163,826.2527,-0.032529,31.067833,0.068054,2.229845e-04
1177,38567936,399.90,96443,38.0040,163,824.6194,0.032261,32.714867,0.061568,2.229189e-04
1178,38600704,400.24,96444,38.3620,163,832.2115,-0.032172,18.349779,0.058885,2.228534e-04
1179,38633472,400.57,96446,38.3610,163,832.1892,-0.026447,4.824109,0.059638,2.227879e-04
1180,38666240,400.90,96448,38.5420,163,836.0631,0.012990,29.394314,0.079148,2.227223e-04
1181,38699008,401.50,96385,38.6490,163,838.3590,-0.058994,8.447872,0.059607,2.226568e-04
1182,38731776,401.83,96388,38.8330,163,842.3170,0.042951,59.075768,0.049402,2.225912e-04
1183,38764544,402.17,96388,38.9830,163,845.4912,-0.019127,6.977801,0.057510,2.225257e-04
1184,38797312,402.50,96390,39.0220,163,846.3357,-0.004955,4.209338,0.053406,2.224601e-04
1185,38830080,402.84,96390,39.1610,163,849.2812,-0.016190,32.496696,0.066927,2.223946e-04
1186,38862848,403.18,96391,39.1130,163,848.2456,-0.002634,6.674562,0.066202,2.223290e-04
1187,38895616,403.51,96392,39.0900,163,847.7499,-0.009053,2.551107,0.073231,2.222635e-04
1188,38928384,403.85,96393,39.4410,163,855.1788,-0.005972,46.646175,0.057601,2.221979e-04
1189,38961152,404.17,96397,39.4530,163,855.4428,-0.027468,24.768856,0.056779,2.221324e-04
1190,38993920,404.50,96400,39.7900,163,862.5011,0.037201,48.081860,0.064602,2.220669e-04
1191,39026688,405.14,96327,39.7490,163,861.6494,0.001442,9.040488,0.065150,2.220013e-04
1192,39059456,405.48,96330,39.9970,163,866.8813,0.022189,20.917894,0.064876,2.219358e-04
1193,39092224,405.81,96331,39.8210,163,863.1767,-0.000759,56.808453,0.064909,2.218702e-04
1194,39124992,406.14,96333,39.9770,163,866.4698,-0.031925,14.059820,0.061965,2.218047e-04
1195,39157760,406.48,96334,40.1370,163,869.8041,0.033136,28.282104,0.057038,2.217391e-04
1196,39190528,406.80,96337,40.0840,163,868.7216,0.000423,15.080194,0.064304,2.216736e-04
1197,39223296,407.14,96339,40.0620,163,868.3475,0.024655,35.818428,0.078990,2.216080e-04
1198,39256064,407.47,96340,40.1680,163,870.6314,0.008558,30.466843,0.065536,2.215425e-04
1199,39288832,407.81,96340,40.1460,163,870.1441,0.023443,18.666405,0.079748,2.214769e-04
1200,39321600,408.14,96342,40.1990,163,871.3397,0.010129,30.059542,0.062055,2.214114e-04
1201,39354368,408.68,96295,39.9900,163,866.9350,-0.022133,45.187401,0.065230,2.213459e-04
1202,39387136,409.02,96295,40.0250,163,867.7334,0.000010,32.480114,0.066121,2.212803e-04
1203,39419904,409.35,96297,40.0500,163,868.2744,0.001375,20.768276,0.062241,2.212148e-04
1204,39452672,409.69,96298,39.8970,163,865.0628,-0.049385,4.908398,0.062321,2.211492e-04
1205,39485440,410.03,96299,40.0300,163,867.9130,-0.014228,41.365891,0.060397,2.210837e-04
1206,39518208,410.36,96300,40.1260,163,869.9344,0.005511,19.623507,0.068307,2.210181e-04
1207,39550976,410.70,96301,39.9440,163,866.2094,0.017916,58.304077,0.066879,2.209526e-04
1208,39583744,411.03,96302,39.8950,163,865.1895,-0.021413,32.462479,0.073293,2.208870e-04
1209,39616512,411.37,96303,40.0230,163,867.8837,0.007591,41.697418,0.063108,2.208215e-04
1210,39649280,411.71,96304,40.2420,163,872.5309,-0.010339,26.120640,0.059884,2.207560e-04
1211,39682048,412.19,96272,39.9900,163,867.2983,-0.044653,28.094202,0.057792,2.206904e-04
1212,39714816,412.52,96272,39.6600,163,860.3664,-0.012062,41.377380,0.074126,2.206249e-04
1213,39747584,412.86,96274,39.5750,163,858.6267,-0.065777,6.142489,0.056744,2.205593e-04
1214,39780352,413.19,96275,39.5190,163,857.4397,-0.017255,1.104930,0.078167,2.204938e-04
1215,39813120,413.53,96276,39.4090,163,855.1268,0.009017,11.605349,0.061037,2.204282e-04
1216,39845888,413.86,96277,39.6520,163,860.3065,-0.023890,17.119196,0.082947,2.203627e-04
1217,39878656,414.20,96278,39.6460,163,860.2001,0.022360,33.218544,0.057801,2.202971e-04
1218,39911424,414.54,96278,39.6060,163,859.4199,-0.005112,30.172043,0.077119,2.202316e-04
1219,39944192,414.88,96279,39.9240,163,866.1804,-0.009321,11.313943,0.073011,2.201660e-04
1220,39976960,415.21,96280,40.0570,163,869.0216,0.014517,55.561829,0.052348,2.201005e-04
1221,40009728,415.72,96242,40.4050,163,876.4500,0.037022,65.557251,0.058691,2.200350e-04
1222,40042496,416.06,96243,40.5180,163,878.9260,0.066220,70.090721,0.063123,2.199694e-04
1223,40075264,416.39,96244,40.9750,163,888.5900,0.005730,43.355007,0.062574,2.199039e-04
1224,40108032,416.73,96245,41.0200,163,889.5488,0.012299,14.718959,0.065572,2.198383e-04
1225,40140800,417.06,96246,41.0600,163,890.3465,0.008597,15.476931,0.066068,2.197728e-04
1226,40173568,417.40,96247,41.0530,163,890.1932,-0.001416,12.642632,0.049188,2.197072e-04
1227,40206336,417.73,96248,40.8740,163,886.4268,-0.040960,0.931262,0.069838,2.196417e-04
1228,40239104,418.07,96249,41.0250,163,889.6337,-0.006618,24.373343,0.049723,2.195761e-04
1229,40271872,418.41,96250,41.0380,163,889.9388,-0.009326,15.281602,0.064433,2.195106e-04
1230,40304640,418.74,96251,41.0380,163,889.9388,-0.007492,0.033260,0.055915,2.194451e-04
1231,40337408,419.28,96206,40.9480,163,888.0596,-0.021067,1.545661,0.070691,2.193795e-04
1232,40370176,419.62,96207,40.9920,163,888.9770,0.014115,35.034294,0.047074,2.193140e-04
1233,40402944,419.95,96208,40.8820,163,886.6128,0.021821,70.571129,0.057646,2.192484e-04
1234,40435712,420.29,96209,40.9180,163,887.3589,-0.009024,25.181049,0.046891,2.191829e-04
1235,40468480,420.63,96209,40.8760,163,886.5019,-0.006753,23.012136,0.065406,2.191173e-04
1236,40501248,420.96,96210,40.7780,163,884.4263,0.005063,19.758568,0.058494,2.190518e-04
1237,40534016,421.30,96212,40.8190,163,885.3478,-0.006016,31.167063,0.057870,2.189862e-04
1238,40566784,421.63,96213,40.9090,163,887.2237,-0.020546,10.678983,0.053513,2.189207e-04
1239,40599552,421.97,96214,40.8630,163,886.2663,0.030071,38.016651,0.055412,2.188551e-04
1240,40632320,422.30,96215,41.0150,163,889.5069,-0.004532,13.705747,0.062437,2.187896e-04
1241,40665088,422.92,96153,41.1340,163,892.0106,-0.054148,3.622800,0.055436,2.187241e-04
1242,40697856,423.26,96154,41.1890,163,893.1882,0.076400,39.005386,0.063868,2.186585e-04
1243,40730624,423.59,96155,41.2060,163,893.5698,-0.042212,1.678438,0.065503,2.185930e-04
1244,40763392,423.98,96145,40.8460,163,885.9747,-0.030648,7.009870,0.051674,2.185274e-04
1245,40796160,424.31,96146,40.8720,163,886.5467,-0.020370,8.705835,0.061105,2.184619e-04
1246,40828928,424.65,96146,41.0850,163,891.0330,-0.011385,10.046498,0.061406,2.183963e-04
1247,40861696,424.99,96148,41.0170,163,889.6207,0.023011,37.454735,0.054560,2.183308e-04
1248,40894464,425.32,96149,41.4150,163,898.0695,-0.034995,19.973364,0.055803,2.182652e-04
1249,40927232,425.66,96149,41.1400,163,892.2786,-0.032158,25.772005,0.058261,2.181997e-04
1250,40960000,426.00,96150,41.3270,163,896.2441,-0.041592,24.201975,0.062244,2.181341e-04
1251,40992768,426.49,96116,41.3720,163,897.1928,-0.009801,29.498837,0.060506,2.180686e-04
1252,41025536,426.83,96116,41.3710,163,897.1863,-0.028123,3.521984,0.067198,2.180031e-04
1253,41058304,427.17,96118,41.4430,163,898.7165,-0.013255,7.260302,0.052906,2.179375e-04
1254,41091072,427.50,96118,41.5840,163,901.6959,-0.004881,15.723392,0.047561,2.178720e-04
1255,41123840,427.84,96120,41.4610,163,899.1242,0.009620,17.891273,0.072129,2.178064e-04
1256,41156608,428.17,96121,41.4130,163,898.1109,-0.019847,0.871703,0.059623,2.177409e-04
1257,41189376,428.51,96122,41.3380,163,896.5870,0.093723,55.555054,0.047027,2.176753e-04
1258,41222144,428.85,96123,41.4980,163,899.9390,-0.003123,14.078012,0.062183,2.176098e-04
1259,41254912,429.18,96124,41.2870,163,895.5249,0.023990,44.409187,0.064811,2.175442e-04
1260,41287680,429.52,96125,41.2470,163,894.7206,-0.020525,18.288960,0.063540,2.174787e-04
1261,41320448,430.04,96084,41.3740,163,897.4127,0.078010,76.846634,0.051564,2.174132e-04
1262,41353216,430.38,96085,41.1610,163,892.9319,0.064911,61.366936,0.073333,2.173476e-04
1263,41385984,430.72,96086,40.9940,163,889.4333,0.022997,41.027805,0.054386,2.172821e-04
1264,41418752,431.05,96087,41.0870,163,891.4025,-0.016553,35.915112,0.056193,2.172165e-04
1265,41451520,431.38,96089,40.8990,163,887.4596,-0.019972,6.266829,0.076449,2.171510e-04
1266,41484288,431.71,96093,40.5450,163,880.0310,0.009864,44.039085,0.072619,2.170854e-04
1267,41517056,432.04,96095,40.6490,163,882.2109,0.002510,25.848013,0.072392,2.170199e-04
1268,41549824,432.36,96099,40.7800,163,884.9866,0.045124,67.979370,0.060694,2.169543e-04
1269,41582592,432.69,96101,40.6640,163,882.5446,-0.010368,26.956656,0.070191,2.168888e-04
1270,41615360,433.03,96103,40.8250,163,885.9277,-0.018907,22.469530,0.055955,2.168232e-04
1271,41648128,433.56,96061,40.9590,163,888.7695,0.063232,58.660194,0.064447,2.167577e-04
1272,41680896,433.89,96062,40.6800,163,882.9586,0.010672,61.458576,0.071741,2.166922e-04
1273,41713664,434.23,96063,40.7200,163,883.7961,0.005157,8.706191,0.082265,2.166266e-04
1274,41746432,434.56,96065,40.6470,163,882.2477,0.036139,51.119816,0.063923,2.165611e-04
1275,41779200,434.90,96066,40.6560,163,882.4652,0.012342,32.442329,0.060137,2.164955e-04
1276,41811968,435.23,96068,40.9000,163,887.6378,0.048060,80.152725,0.047798,2.164300e-04
1277,41844736,435.57,96069,40.8060,163,885.6374,0.009652,42.274223,0.058353,2.163644e-04
1278,41877504,435.90,96070,40.6970,163,883.4133,-0.017885,47.419296,0.059100,2.162989e-04
1279,41910272,436.23,96074,40.7080,163,883.6666,0.007394,35.734943,0.054610,2.162333e-04
1280,41943040,436.55,96077,40.8020,163,885.6709,0.022306,29.617321,0.067845,2.161678e-04
1281,41975808,437.03,96046,40.6280,163,882.0258,-0.006706,17.439341,0.059687,2.161023e-04
1282,42008576,437.36,96050,40.6280,163,882.0092,0.025916,26.095308,0.066861,2.160367e-04
1283,42041344,437.70,96050,40.5420,163,880.2202,-0.059786,16.430494,0.055622,2.159712e-04
1284,42074112,438.03,96052,40.4730,163,878.7739,0.017121,39.360069,0.059649,2.159056e-04
1285,42106880,438.37,96053,40.6170,163,881.7831,0.027324,36.039097,0.060551,2.158401e-04
1286,42139648,438.70,96054,40.7690,163,884.9810,-0.011154,2.549716,0.054694,2.157745e-04
1287,42172416,439.04,96055,40.8540,163,886.7777,-0.044120,0.287441,0.064106,2.157090e-04
1288,42205184,439.38,96057,40.7950,163,885.5052,-0.042072,2.567634,0.053966,2.156434e-04
1289,42237952,439.71,96058,40.7060,163,883.6162,-0.008913,14.976987,0.060026,2.155779e-04
1290,42270720,440.05,96059,40.6760,163,882.9641,-0.002689,7.369927,0.056689,2.155123e-04
1291,42303488,440.57,96019,40.6170,163,881.7060,0.019248,0.990337,0.084891,2.154468e-04
1292,42336256,440.91,96021,40.1890,163,872.7421,-0.056294,6.216175,0.072136,2.153813e-04
1293,42369024,441.24,96022,40.0920,163,870.7125,0.031255,53.382534,0.061665,2.153157e-04
1294,42401792,441.58,96022,39.9850,163,868.4582,0.023727,61.497486,0.057961,2.152502e-04
1295,42434560,441.91,96024,40.1280,163,871.4777,-0.011959,23.867220,0.056428,2.151846e-04
1296,42467328,442.25,96024,40.1480,163,871.8806,-0.013823,42.890739,0.059407,2.151191e-04
1297,42500096,442.59,96025,40.1880,163,872.7549,-0.015475,48.412991,0.060763,2.150535e-04
1298,42532864,442.92,96028,40.1560,163,872.0846,-0.033020,3.345812,0.079083,2.149880e-04
1299,42565632,443.24,96031,39.9490,163,867.7696,-0.036197,15.277792,0.064002,2.149224e-04
1300,42598400,443.58,96033,39.9720,163,868.2527,-0.013769,11.717981,0.059501,2.148569e-04
1301,42631168,444.28,95956,39.8300,163,865.2317,0.020267,32.989155,0.070833,2.147913e-04
1302,42663936,444.61,95957,39.7920,163,864.4255,-0.018312,13.701196,0.073018,2.147258e-04
1303,42696704,444.95,95958,39.9100,163,866.8945,0.014418,70.553391,0.051377,2.146603e-04
1304,42729472,445.29,95959,40.1020,163,870.9800,-0.030947,60.608582,0.060130,2.145947e-04
1305,42762240,445.62,95960,39.8510,163,865.6730,-0.003485,17.564861,0.069313,2.145292e-04
1306,42795008,445.96,95962,39.8120,163,864.8755,0.030263,52.613674,0.054023,2.144636e-04
1307,42827776,446.29,95963,39.6500,163,861.4825,-0.032292,15.136721,0.050645,2.143981e-04
1308,42860544,446.63,95963,39.6010,163,860.4352,-0.035480,4.875977,0.069117,2.143325e-04
1309,42893312,446.96,95965,39.3220,163,854.5710,-0.025795,25.760000,0.069686,2.142670e-04
1310,42926080,447.30,95966,39.4120,163,856.4577,0.037955,31.729160,0.066650,2.142014e-04
1311,42958848,447.81,95930,39.1120,163,850.1034,0.013469,35.678329,0.053706,2.141359e-04
1312,42991616,448.15,95931,39.2910,163,853.9308,0.017056,32.474014,0.071841,2.140704e-04
1313,43024384,448.49,95931,39.1970,163,851.9199,-0.018931,13.744446,0.054460,2.140048e-04
1314,43057152,448.82,95933,39.2430,163,852.8616,-0.002986,24.960571,0.056821,2.139393e-04
1315,43089920,449.16,95933,38.7910,163,843.3364,0.008998,55.137211,0.068932,2.138737e-04
1316,43122688,449.50,95934,38.8280,163,844.0750,-0.045506,7.187156,0.070015,2.138082e-04
1317,43155456,449.84,95935,38.7630,163,842.6945,-0.023189,0.493492,0.052524,2.137426e-04
1318,43188224,450.18,95936,38.7730,163,842.8958,-0.004214,23.887920,0.053249,2.136771e-04
1319,43220992,450.51,95938,38.5270,163,837.7077,0.035569,29.778740,0.057976,2.136115e-04
1320,43253760,450.84,95941,38.5060,163,837.2745,-0.002883,10.007007,0.064069,2.135460e-04
1321,43286528,451.40,95892,38.5270,163,837.7114,-0.036459,0.039337,0.053811,2.134804e-04
1322,43319296,451.74,95893,38.5110,163,837.3631,-0.023455,5.949934,0.057149,2.134149e-04
1323,43352064,452.08,95894,38.3950,163,834.8976,-0.015691,2.248388,0.076370,2.133494e-04
1324,43384832,452.42,95895,38.3700,163,834.3739,0.073392,33.045776,0.057488,2.132838e-04
1325,43417600,452.75,95897,38.1990,163,830.7598,0.001714,24.613817,0.059964,2.132183e-04
1326,43450368,453.09,95898,38.1360,163,829.4608,0.026282,29.417953,0.057871,2.131527e-04
1327,43483136,453.43,95898,38.2590,163,832.0645,0.057772,32.157124,0.057832,2.130872e-04
1328,43515904,453.76,95899,38.3810,163,834.6633,-0.013235,3.889617,0.069133,2.130216e-04
1329,43548672,454.10,95900,38.3020,163,833.0140,0.009237,32.337841,0.065587,2.129561e-04
1330,43581440,454.44,95901,38.3400,163,833.8220,-0.018686,44.728542,0.052414,2.128905e-04
1331,43614208,455.04,95847,38.4150,163,835.4070,0.062264,46.608620,0.072728,2.128250e-04
1332,43646976,455.37,95848,38.7110,163,841.6722,-0.047284,2.859761,0.065803,2.127594e-04
1333,43679744,455.71,95849,38.7570,163,842.6498,-0.000789,31.330688,0.062174,2.126939e-04
1334,43712512,456.05,95850,38.7740,163,843.0081,0.021275,23.292309,0.054253,2.126284e-04
1335,43745280,456.39,95851,38.7740,163,843.0081,0.043968,0.031947,0.051894,2.125628e-04
1336,43778048,456.72,95852,38.8000,163,843.5461,-0.008975,14.537452,0.059970,2.124973e-04
1337,43810816,457.06,95852,38.6900,163,841.2259,-0.013279,1.302277,0.056851,2.124317e-04
1338,43843584,457.40,95853,38.6020,163,839.3488,-0.013296,13.478623,0.043437,2.123662e-04
1339,43876352,457.74,95854,38.7940,163,843.4250,-0.028843,18.558233,0.051310,2.123006e-04
1340,43909120,458.08,95855,38.7900,163,843.3091,0.001293,15.936707,0.056969,2.122351e-04
1341,43941888,458.60,95817,39.0200,163,848.1595,-0.027465,23.961414,0.052716,2.121695e-04
1342,43974656,458.94,95818,39.0090,163,847.8684,0.008299,51.414909,0.064077,2.121040e-04
1343,44007424,459.28,95819,39.2370,163,852.6671,0.015567,32.876205,0.064104,2.120385e-04
1344,44040192,459.61,95820,39.1680,163,851.2674,-0.020450,40.157841,0.053740,2.119729e-04
1345,44072960,459.95,95821,39.1200,163,850.3057,-0.017696,18.809273,0.049424,2.119074e-04
1346,44105728,460.29,95822,39.4120,163,856.5667,-0.006906,29.909307,0.049677,2.118418e-04
1347,44138496,460.62,95823,39.6330,163,861.2696,0.000729,28.220669,0.062402,2.117763e-04
1348,44171264,460.96,95824,39.6490,163,861.6473,0.035773,21.420149,0.064519,2.117107e-04
1349,44204032,461.30,95825,39.6680,163,862.0805,-0.029370,14.011114,0.057260,2.116452e-04
1350,44236800,461.63,95826,39.6990,163,862.7487,0.033122,48.256378,0.055605,2.115796e-04
1351,44269568,462.20,95780,39.8970,163,866.9173,-0.015040,18.050112,0.052738,2.115141e-04
1352,44302336,462.53,95781,39.8550,163,866.0020,-0.029814,9.618325,0.060037,2.114485e-04
1353,44335104,462.87,95782,40.0770,163,870.6974,0.007342,20.268143,0.058402,2.113830e-04
1354,44367872,463.21,95783,40.1990,163,873.2749,0.007753,69.944687,0.056509,2.113175e-04
1355,44400640,463.54,95785,40.1290,163,871.8016,-0.002901,21.837357,0.069430,2.112519e-04
1356,44433408,463.88,95785,40.0390,163,869.8886,0.059230,42.441936,0.068823,2.111864e-04
1357,44466176,464.22,95786,39.8330,163,865.5308,-0.031053,17.367023,0.056394,2.111208e-04
1358,44498944,464.56,95788,39.8950,163,866.8388,0.021441,33.936699,0.066610,2.110553e-04
1359,44531712,464.89,95789,39.8460,163,865.8059,0.021684,31.349268,0.059289,2.109897e-04
1360,44564480,465.23,95790,39.7870,163,864.5680,0.032403,41.205471,0.070844,2.109242e-04
1361,44597248,465.78,95747,39.9490,163,868.0314,-0.047317,4.437187,0.059742,2.108586e-04
1362,44630016,466.11,95749,39.9660,163,868.3879,-0.005395,20.353886,0.068332,2.107931e-04
1363,44662784,466.45,95750,39.6890,163,862.5540,0.003415,24.204504,0.074662,2.107276e-04
1364,44695552,466.83,95742,39.8320,163,865.6061,0.007420,49.992470,0.065940,2.106620e-04
1365,44728320,467.17,95743,39.8760,163,866.5071,0.011066,56.303299,0.070125,2.105965e-04
1366,44761088,467.50,95745,39.7530,163,863.9701,0.029627,63.848156,0.089419,2.105309e-04
1367,44793856,467.84,95746,39.5190,163,858.9932,-0.047217,15.553554,0.062175,2.104654e-04
1368,44826624,468.17,95747,39.5520,163,859.6494,0.033466,48.067142,0.063567,2.103998e-04
1369,44859392,468.51,95748,39.6670,163,862.0516,0.005874,35.642609,0.057338,2.103343e-04
1370,44892160,468.85,95750,39.8100,163,865.0150,-0.023909,17.165295,0.060246,2.102687e-04
1371,44924928,469.39,95709,39.6140,163,860.8478,-0.007522,17.779442,0.059320,2.102032e-04
1372,44957696,469.72,95711,39.8430,163,865.6857,0.010166,39.816944,0.057263,2.101376e-04
1373,44990464,470.06,95713,39.8280,163,865.3692,0.002936,21.124668,0.054209,2.100721e-04
1374,45023232,470.39,95714,39.9630,163,868.2219,-0.027944,14.678337,0.065244,2.100066e-04
1375,45056000,470.73,95715,39.9340,163,867.6173,-0.010674,7.304337,0.081447,2.099410e-04
1376,45088768,471.06,95717,39.9110,163,867.1355,-0.028251,0.964006,0.067831,2.098755e-04
1377,45121536,471.40,95718,39.8070,163,864.8876,-0.016668,12.063042,0.061438,2.098099e-04
1378,45154304,471.73,95719,39.7590,163,863.8605,0.029943,69.298813,0.058032,2.097444e-04
1379,45187072,472.07,95721,39.6070,163,860.6531,-0.023615,8.778261,0.063819,2.096788e-04
1380,45219840,472.41,95722,39.5580,163,859.6374,0.037973,36.346947,0.058871,2.096133e-04
1381,45252608,472.94,95684,39.2710,163,853.6433,-0.035110,13.544484,0.067248,2.095477e-04
1382,45285376,473.26,95687,38.9820,162,847.5980,-0.041176,22.917166,0.058158,2.094822e-04
1383,45318144,473.60,95689,38.9160,162,846.2257,-0.003863,43.063148,0.064947,2.094166e-04
1384,45350912,473.93,95690,39.1990,162,852.2172,0.007871,39.408043,0.062327,2.093511e-04
1385,45383680,474.27,95692,39.2290,162,852.8138,0.022325,26.407284,0.076812,2.092856e-04
1386,45416448,474.60,95693,39.1990,162,852.2165,-0.017396,17.654881,0.077638,2.092200e-04
1387,45449216,474.93,95695,39.0390,162,848.8241,-0.019942,15.845886,0.067063,2.091545e-04
1388,45481984,475.26,95699,38.9670,162,847.3284,-0.017207,19.516150,0.065904,2.090889e-04
1389,45514752,475.59,95701,38.9040,162,846.0011,0.007420,34.310509,0.074255,2.090234e-04
1390,45547520,475.93,95703,38.8610,162,845.1148,-0.035601,0.376711,0.064060,2.089578e-04
1391,45580288,476.48,95660,38.7420,162,842.5541,0.008034,41.446373,0.056913,2.088923e-04
1392,45613056,476.81,95662,38.6440,162,840.5076,-0.008165,43.984741,0.052738,2.088267e-04
1393,45645824,477.15,95662,38.7750,162,843.2528,0.031861,35.201702,0.065022,2.087612e-04
1394,45678592,477.49,95664,38.6350,162,840.2851,0.025523,56.874069,0.051259,2.086957e-04
1395,45711360,477.82,95665,38.5270,162,838.0133,-0.040844,6.087158,0.059448,2.086301e-04
1396,45744128,478.17,95664,38.4980,162,837.4116,0.072358,33.603371,0.068335,2.085646e-04
1397,45776896,478.51,95665,38.5170,162,837.7748,0.035586,32.753685,0.059374,2.084990e-04
1398,45809664,478.85,95665,38.6620,162,840.8684,-0.026449,16.590574,0.063155,2.084335e-04
1399,45842432,479.27,95651,38.6230,162,840.0514,-0.023675,6.016097,0.068196,2.083679e-04
1400,45875200,480.07,95559,38.4650,162,836.7303,0.023827,31.339300,0.064850,2.083024e-04
1401,45907968,480.72,95498,38.4220,162,835.8272,-0.046175,3.083727,0.061252,2.082368e-04
1402,45940736,481.07,95497,38.2390,162,832.0070,0.036591,27.696384,0.069174,2.081713e-04
1403,45973504,481.41,95498,38.2380,162,832.0242,-0.036066,14.204599,0.054566,2.081057e-04
1404,46006272,481.75,95499,38.0780,162,828.6416,0.044697,76.673729,0.064127,2.080402e-04
1405,46039040,482.08,95501,38.0310,162,827.6801,0.044179,50.925137,0.069003,2.079747e-04
1406,46071808,482.43,95498,38.0650,162,828.4163,0.004203,48.005474,0.051426,2.079091e-04
1407,46104576,482.78,95499,38.0350,162,827.7775,-0.004021,25.784344,0.060669,2.078436e-04
1408,46137344,483.11,95500,38.0900,162,828.9473,0.016480,41.833019,0.056773,2.077780e-04
1409,46170112,483.45,95501,37.9800,162,826.6427,0.031232,62.641888,0.059459,2.077125e-04
1410,46202880,483.79,95502,38.0250,162,827.5839,-0.006304,24.069841,0.059113,2.076469e-04
1411,46235648,484.34,95460,38.2880,162,833.1371,0.042247,43.066154,0.054643,2.075814e-04
1412,46268416,484.67,95463,38.2780,162,832.9228,0.002050,44.590599,0.052548,2.075158e-04
1413,46301184,485.00,95466,38.4650,162,836.9139,-0.026706,21.321251,0.054211,2.074503e-04
1414,46333952,485.33,95468,38.4890,162,837.4180,0.011255,27.703409,0.049462,2.073847e-04
1415,46366720,485.66,95471,38.3580,162,834.6281,0.043365,43.239769,0.052332,2.073192e-04
1416,46399488,485.99,95474,38.3540,162,834.5439,-0.018582,8.014699,0.062613,2.072537e-04
1417,46432256,486.31,95478,38.2700,162,832.7765,0.032846,31.728239,0.065019,2.071881e-04
1418,46465024,486.64,95481,38.3220,162,833.8698,0.006543,20.453871,0.059142,2.071226e-04
1419,46497792,486.96,95484,38.1420,162,830.1230,-0.037176,8.827083,0.055788,2.070570e-04
1420,46530560,487.29,95488,37.9950,162,827.0248,0.046760,89.327614,0.060409,2.069915e-04
1421,46563328,487.91,95433,38.0320,162,827.8486,-0.002932,20.609495,0.068163,2.069259e-04
1422,46596096,488.24,95437,37.9200,162,825.4830,-0.052973,1.221380,0.068685,2.068604e-04
1423,46628864,488.57,95440,37.7400,162,821.6703,-0.051681,7.248039,0.060562,2.067948e-04
1424,46661632,488.89,95443,37.9940,162,827.0220,-0.027767,18.827181,0.054688,2.067293e-04
1425,46694400,489.22,95446,37.8590,162,824.1445,-0.010410,13.330032,0.064468,2.066638e-04
1426,46727168,489.55,95449,37.8130,162,823.2218,0.014562,20.124733,0.070507,2.065982e-04
1427,46759936,489.88,95452,37.8930,162,824.9064,-0.017002,11.321180,0.049002,2.065327e-04
1428,46792704,490.20,95455,38.2570,162,832.5427,0.029871,39.226639,0.067226,2.064671e-04
1429,46825472,490.53,95458,38.0810,162,828.8469,-0.035148,7.640023,0.067164,2.064016e-04
1430,46858240,490.86,95461,37.7240,162,821.3048,0.017835,35.092323,0.067730,2.063360e-04
1431,46891008,491.35,95432,37.7960,162,822.8386,0.019169,70.753021,0.057117,2.062705e-04
1432,46923776,491.68,95435,37.7360,162,821.5605,0.000085,23.363817,0.074891,2.062049e-04
1433,46956544,492.01,95438,37.9990,163,827.0885,-0.025161,51.813915,0.076773,2.061394e-04
1434,46989312,492.33,95442,37.9930,163,826.9832,0.005975,16.895449,0.061010,2.060738e-04
1435,47022080,492.66,95445,38.1180,163,829.6055,-0.001160,47.392918,0.044026,2.060083e-04
1436,47054848,492.99,95448,38.3590,163,834.6744,0.010671,14.996652,0.065929,2.059428e-04
1437,47087616,493.31,95451,38.2430,163,832.2284,0.026407,40.796734,0.067321,2.058772e-04
1438,47120384,493.64,95454,38.2060,163,831.4487,0.035481,44.119255,0.066885,2.058117e-04
1439,47153152,493.97,95457,38.3400,163,834.3090,-0.020623,10.728323,0.065237,2.057461e-04
1440,47185920,494.30,95460,38.1910,163,831.1799,-0.013884,10.102150,0.056194,2.056806e-04
1441,47218688,494.79,95432,38.2690,163,832.8411,-0.029714,3.944128,0.050416,2.056150e-04
1442,47251456,495.11,95435,38.4420,163,836.5295,0.049542,62.858173,0.055561,2.055495e-04
1443,47284224,495.44,95438,38.5920,163,839.6870,0.009586,46.792316,0.053720,2.054839e-04
1444,47316992,495.77,95441,38.7560,163,843.1454,-0.006256,21.219494,0.054551,2.054184e-04
1445,47349760,496.10,95444,39.0360,163,849.1051,0.050259,67.310692,0.067628,2.053529e-04
1446,47382528,496.43,95447,39.1360,163,851.1805,0.025013,41.627930,0.065457,2.052873e-04
1447,47415296,496.75,95450,39.0960,163,850.3423,-0.011570,0.979753,0.051821,2.052218e-04
1448,47448064,497.08,95453,39.0970,163,850.4007,0.006145,21.155682,0.062526,2.051562e-04
1449,47480832,497.41,95456,38.9580,163,847.4606,0.036724,21.365097,0.065618,2.050907e-04
1450,47513600,497.73,95459,38.9300,163,846.8852,-0.019013,6.500159,0.056387,2.050251e-04
1451,47546368,498.24,95428,39.0120,163,848.6095,0.002637,29.992113,0.061137,2.049596e-04
1452,47579136,498.57,95431,39.0200,163,848.7952,-0.038852,0.272041,0.055321,2.048940e-04
1453,47611904,498.90,95434,39.0410,163,849.2597,-0.004242,9.625157,0.064431,2.048285e-04
1454,47644672,499.22,95437,39.3770,163,856.3322,-0.031239,9.481145,0.056932,2.047629e-04
1455,47677440,499.55,95440,39.1740,163,852.0044,0.016818,67.965759,0.077345,2.046974e-04
1456,47710208,499.88,95443,39.0750,163,849.9126,-0.028127,7.529027,0.065432,2.046319e-04
1457,47742976,500.21,95446,39.2380,163,853.3379,-0.009499,33.589394,0.059267,2.045663e-04
1458,47775744,500.53,95449,39.2210,163,852.9937,0.035161,34.884727,0.056509,2.045008e-04
1459,47808512,500.86,95452,39.2650,163,853.9302,0.046137,18.224060,0.072705,2.044352e-04
1460,47841280,501.19,95455,39.0360,163,849.0518,0.025197,32.945484,0.068574,2.043697e-04
1461,47874048,501.83,95398,39.0860,163,850.0554,-0.054264,0.667982,0.068154,2.043041e-04
1462,47906816,502.16,95401,38.9470,163,847.1203,0.055882,30.967533,0.062209,2.042386e-04
1463,47939584,502.49,95404,38.8010,163,844.0386,-0.032575,4.055761,0.058765,2.041730e-04
1464,47972352,502.81,95407,38.6040,163,839.9037,-0.013572,20.347567,0.058840,2.041075e-04
1465,48005120,503.14,95410,38.8900,163,845.9365,-0.007641,34.382366,0.056612,2.040419e-04
1466,48037888,503.47,95413,38.9410,163,847.0215,0.003548,5.558845,0.058216,2.039764e-04
1467,48070656,503.80,95416,39.1290,163,851.0232,-0.011215,12.356588,0.063480,2.039109e-04
1468,48103424,504.12,95419,39.0880,163,850.1611,0.003698,9.417427,0.060214,2.038453e-04
1469,48136192,504.45,95422,39.2750,163,854.0856,0.002972,23.080713,0.066956,2.037798e-04
1470,48168960,504.78,95426,39.3970,163,856.6407,0.011292,30.404762,0.066875,2.037142e-04
1471,48201728,505.43,95368,39.4960,163,858.7207,0.003528,27.089817,0.071250,2.036487e-04
1472,48234496,505.76,95370,39.8550,163,866.2965,0.002204,50.460709,0.053378,2.035831e-04
1473,48267264,506.08,95373,39.6380,163,861.7062,0.016850,28.513916,0.052312,2.035176e-04
1474,48300032,506.41,95376,39.4810,163,858.3711,-0.026247,23.070690,0.060587,2.034520e-04
1475,48332800,506.74,95379,39.7490,163,864.0660,0.011881,61.499191,0.069308,2.033865e-04
1476,48365568,507.07,95382,39.6730,163,862.4520,-0.045653,15.038258,0.058448,2.033210e-04
1477,48398336,507.40,95385,39.8260,163,865.7466,-0.002064,35.227791,0.058608,2.032554e-04
1478,48431104,507.72,95388,39.6210,163,861.3791,-0.038574,24.067926,0.063748,2.031899e-04
1479,48463872,508.05,95391,39.7900,163,864.9311,0.003401,16.660614,0.060088,2.031243e-04
1480,48496640,508.38,95394,39.7840,163,864.8283,0.070681,42.206268,0.063339,2.030588e-04
1481,48529408,509.02,95338,40.0400,163,870.2870,0.058961,59.846043,0.062745,2.029932e-04
1482,48562176,509.35,95341,40.2660,163,875.0551,-0.010747,10.080281,0.074729,2.029277e-04
1483,48594944,509.68,95344,39.9080,163,867.4987,0.018927,28.482605,0.054505,2.028621e-04
1484,48627712,510.01,95347,39.8930,163,867.1624,0.057872,46.367310,0.064777,2.027966e-04
1485,48660480,510.33,95350,39.8460,163,866.1496,0.028704,12.115231,0.065642,2.027310e-04
1486,48693248,510.66,95353,39.9550,163,868.4558,0.005095,22.246622,0.084378,2.026655e-04
1487,48726016,510.99,95356,40.1500,163,872.5518,-0.004913,28.100714,0.058943,2.026000e-04
1488,48758784,511.32,95359,40.0800,163,871.0395,0.007167,48.145031,0.066779,2.025344e-04
1489,48791552,511.64,95362,40.2830,163,875.3620,-0.000242,50.516190,0.061964,2.024689e-04
1490,48824320,511.97,95365,40.1820,163,873.2474,0.008401,13.505543,0.071707,2.024033e-04
1491,48857088,512.56,95320,39.8540,163,866.3266,0.030468,26.547585,0.064846,2.023378e-04
1492,48889856,512.88,95323,39.7500,163,864.1476,0.014660,18.203163,0.054980,2.022722e-04
1493,48922624,513.21,95326,39.8590,163,866.4456,-0.012295,6.680690,0.061893,2.022067e-04
1494,48955392,513.54,95329,39.8820,163,866.9440,0.004680,3.748867,0.058326,2.021411e-04
1495,48988160,513.87,95332,39.7340,163,863.8009,0.002949,17.546772,0.057801,2.020756e-04
1496,49020928,514.19,95335,39.5980,163,860.9433,0.071022,77.970551,0.059061,2.020101e-04
1497,49053696,514.52,95339,39.5120,163,859.1098,-0.041112,3.622392,0.065893,2.019445e-04
1498,49086464,514.85,95341,39.6820,163,862.7099,-0.010113,38.660629,0.039294,2.018790e-04
1499,49119232,515.17,95344,39.7090,163,863.2300,0.003179,21.058794,0.055397,2.018134e-04
1500,49152000,515.50,95347,39.5700,163,860.2730,-0.019813,5.555089,0.065650,2.017479e-04
1501,49184768,515.96,95325,39.5710,163,860.2382,-0.064167,6.305427,0.060485,2.016823e-04
1502,49217536,516.29,95328,39.4450,163,857.5676,0.025401,46.378948,0.038294,2.016168e-04
1503,49250304,516.62,95331,39.3840,163,856.3344,-0.034088,40.064522,0.056367,2.015512e-04
1504,49283072,516.95,95335,39.1880,163,852.2125,0.034539,80.149269,0.061143,2.014857e-04
1505,49315840,517.27,95338,39.0610,163,849.5400,-0.032586,27.467113,0.061196,2.014201e-04
1506,49348608,517.60,95341,38.8790,163,845.6944,0.032128,53.059437,0.054278,2.013546e-04
1507,49381376,517.93,95344,38.8620,163,845.3397,-0.024704,13.373089,0.065918,2.012891e-04
1508,49414144,518.25,95347,38.8070,163,844.1702,0.052780,47.064545,0.067855,2.012235e-04
1509,49446912,518.58,95350,38.7870,163,843.8006,-0.010409,35.984856,0.067838,2.011580e-04
1510,49479680,518.91,95353,38.8510,163,845.1331,0.013992,35.727741,0.066981,2.010924e-04
1511,49512448,519.40,95325,38.7550,163,843.1075,-0.043245,3.519870,0.052815,2.010269e-04
1512,49545216,519.73,95329,38.6580,163,841.0601,0.025121,52.967041,0.059374,2.009613e-04
1513,49577984,520.06,95332,38.8270,163,844.6330,0.003342,33.146286,0.071707,2.008958e-04
1514,49610752,520.38,95334,38.7760,163,843.5500,0.035571,52.556301,0.069085,2.008302e-04
1515,49643520,520.71,95338,38.8220,163,844.5300,0.001679,8.885891,0.058428,2.007647e-04
1516,49676288,521.04,95341,38.8380,163,844.8447,0.019098,29.493990,0.057926,2.006991e-04
1517,49709056,521.36,95344,38.6680,163,841.2962,-0.012968,23.254116,0.064615,2.006336e-04
1518,49741824,521.69,95347,38.6050,163,839.9610,0.003298,15.282356,0.065686,2.005681e-04
1519,49774592,522.02,95350,38.6520,163,840.8372,-0.026026,38.811996,0.060284,2.005025e-04
1520,49807360,522.35,95353,38.7330,163,842.5714,-0.004108,30.235535,0.056959,2.004370e-04
1521,49840128,522.93,95309,38.7330,163,842.5714,-0.010097,0.035739,0.050532,2.003714e-04
1522,49872896,523.25,95313,38.6910,163,841.6989,0.005726,17.833006,0.070465,2.003059e-04
1523,49905664,523.58,95316,38.4840,163,837.3712,-0.046049,5.268098,0.056369,2.002403e-04
1524,49938432,523.91,95319,38.6250,163,840.3491,-0.040557,6.228294,0.054737,2.001748e-04
1525,49971200,524.23,95322,38.8020,163,844.1224,-0.044331,19.640970,0.044869,2.001092e-04
1526,50003968,524.56,95325,38.9470,163,847.1522,0.058706,47.009716,0.052493,2.000437e-04
1527,50036736,524.88,95329,38.8860,163,845.8875,-0.055712,0.200073,0.056856,1.999782e-04
1528,50069504,525.21,95332,38.9460,163,847.1662,-0.011799,3.651337,0.067062,1.999126e-04
1529,50102272,525.54,95335,38.6780,163,841.5352,0.027767,64.439804,0.053669,1.998471e-04
1530,50135040,525.86,95338,38.5420,163,838.6716,-0.034382,1.100862,0.061347,1.997815e-04
1531,50167808,526.52,95281,38.5470,163,838.7565,-0.044963,11.304234,0.051697,1.997160e-04
1532,50200576,526.85,95284,38.4000,163,835.6486,-0.020910,1.200543,0.059330,1.996504e-04
1533,50233344,527.18,95287,38.5820,163,839.4543,0.077799,56.144054,0.061421,1.995849e-04
1534,50266112,527.50,95290,38.3870,163,835.3647,-0.031512,7.411966,0.055524,1.995193e-04
1535,50298880,527.83,95293,38.6450,163,840.8436,-0.021821,22.645611,0.065169,1.994538e-04
1536,50331648,528.16,95296,38.6820,163,841.6429,-0.011528,2.762507,0.079351,1.993882e-04
1537,50364416,528.49,95299,38.9130,163,846.4895,-0.004292,56.853920,0.048428,1.993227e-04
1538,50397184,528.81,95302,39.0760,163,849.8562,-0.032056,13.965206,0.058031,1.992572e-04
1539,50429952,529.14,95305,38.8720,163,845.5523,0.003161,11.711183,0.056680,1.991916e-04
1540,50462720,529.47,95308,38.8870,163,845.8764,-0.017036,20.571974,0.065572,1.991261e-04
1541,50495488,529.97,95279,38.8770,163,845.6516,-0.024517,1.815562,0.052528,1.990605e-04
1542,50528256,530.30,95282,38.9100,163,846.3465,-0.023421,0.028553,0.064366,1.989950e-04
1543,50561024,530.62,95285,39.0080,163,848.3937,-0.024914,0.962233,0.060283,1.989294e-04
1544,50593792,530.95,95288,39.0010,163,848.2465,-0.051541,0.306230,0.081325,1.988639e-04
1545,50626560,531.28,95291,38.3880,163,835.2669,0.011601,79.407814,0.063844,1.987983e-04
1546,50659328,531.61,95294,38.5180,163,838.0461,-0.036125,18.179565,0.062178,1.987328e-04
1547,50692096,531.93,95297,38.4490,163,836.6042,-0.010512,47.491165,0.059253,1.986672e-04
1548,50724864,532.26,95301,38.5320,163,838.4850,-0.017782,22.545477,0.073791,1.986017e-04
1549,50757632,532.59,95303,38.9130,163,846.5381,-0.018720,31.648464,0.077736,1.985362e-04
1550,50790400,532.93,95304,38.9150,163,846.6395,-0.049705,35.078636,0.059619,1.984706e-04
1551,50823168,533.41,95279,39.0980,163,850.5167,0.031292,89.089363,0.057742,1.984051e-04
1552,50855936,533.74,95282,38.8170,163,844.6029,-0.019171,78.744453,0.065197,1.983395e-04
1553,50888704,534.06,95285,38.7080,163,842.2796,0.007525,62.677132,0.066217,1.982740e-04
1554,50921472,534.39,95288,38.4930,163,837.7312,0.014042,35.732822,0.071938,1.982084e-04
1555,50954240,534.73,95290,38.5930,163,839.8286,0.020988,67.116402,0.048241,1.981429e-04
1556,50987008,535.07,95290,38.6570,163,841.1749,-0.049296,0.063247,0.056716,1.980773e-04
1557,51019776,535.40,95293,38.7670,163,843.4996,0.008534,23.514439,0.057202,1.980118e-04
1558,51052544,535.72,95296,38.8560,163,845.4091,0.000571,18.781136,0.079543,1.979463e-04
1559,51085312,536.05,95299,38.6870,163,841.8042,-0.009607,30.173851,0.072088,1.978807e-04
1560,51118080,536.38,95302,38.8030,163,844.2758,-0.030728,17.576981,0.078645,1.978152e-04
1561,51150848,536.87,95276,39.0610,163,849.7139,-0.019859,35.547245,0.059779,1.977496e-04
1562,51183616,537.20,95279,39.1470,163,851.5315,-0.070447,3.242953,0.067094,1.976841e-04
1563,51216384,537.53,95281,39.2410,163,853.5513,0.052942,42.382957,0.060684,1.976185e-04
1564,51249152,537.85,95284,39.2640,163,854.0213,0.081055,46.832630,0.074187,1.975530e-04
1565,51281920,538.18,95287,39.2860,163,854.4632,-0.025059,39.108612,0.069822,1.974874e-04
1566,51314688,538.51,95290,39.0990,163,850.5271,-0.001573,32.830467,0.069769,1.974219e-04
1567,51347456,538.84,95293,38.8660,163,845.6535,0.000019,28.429264,0.073390,1.973563e-04
1568,51380224,539.16,95295,39.0850,163,850.2556,0.024895,42.642242,0.065887,1.972908e-04
1569,51412992,539.49,95298,39.2430,163,853.6001,-0.008409,7.042472,0.055911,1.972253e-04
1570,51445760,539.82,95301,39.4340,163,857.6115,-0.000531,27.562248,0.070549,1.971597e-04
1571,51478528,540.46,95249,39.3830,163,856.5317,0.047060,62.608311,0.058328,1.970942e-04
1572,51511296,540.79,95252,39.2580,163,853.8485,0.011821,50.930397,0.054012,1.970286e-04
1573,51544064,541.12,95255,39.1550,163,851.7168,0.023663,34.769493,0.059421,1.969631e-04
1574,51576832,541.44,95258,39.2220,163,853.1208,-0.003331,10.224471,0.074444,1.968975e-04
1575,51609600,541.77,95261,39.3480,163,855.7870,0.015640,47.429008,0.047356,1.968320e-04
1576,51642368,542.10,95264,39.1900,163,852.4469,-0.026700,18.364815,0.062083,1.967664e-04
1577,51675136,542.42,95267,39.1200,163,850.9954,0.034357,50.351524,0.058612,1.967009e-04
1578,51707904,542.75,95270,39.0190,163,848.8167,-0.004849,21.070797,0.055230,1.966354e-04
1579,51740672,543.08,95273,38.7440,163,843.0533,0.006088,37.621674,0.054393,1.965698e-04
1580,51773440,543.40,95276,38.5470,163,838.8548,0.037441,31.724648,0.064685,1.965043e-04
1581,51806208,544.08,95217,38.3100,163,833.8804,-0.005449,27.164341,0.056403,1.964387e-04
1582,51838976,544.41,95221,38.3310,163,834.3035,0.012768,52.080360,0.057712,1.963732e-04
1583,51871744,544.73,95224,38.6440,163,840.8797,-0.040301,2.814737,0.046251,1.963076e-04
1584,51904512,545.06,95227,38.4620,163,837.0866,-0.004222,20.475952,0.049695,1.962421e-04
1585,51937280,545.39,95230,38.2910,163,833.4631,0.038915,15.953940,0.062888,1.961765e-04
1586,51970048,545.71,95233,38.3620,163,834.9759,-0.005863,17.708569,0.068836,1.961110e-04
1587,52002816,546.04,95236,38.4710,163,837.2791,0.009555,25.821768,0.052463,1.960454e-04
1588,52035584,546.37,95239,38.5960,163,839.9057,-0.015155,17.526722,0.064415,1.959799e-04
1589,52068352,546.69,95242,38.5730,163,839.4419,0.028710,31.993538,0.051880,1.959144e-04
1590,52101120,547.02,95245,38.4660,163,837.1913,0.009492,14.477160,0.064720,1.958488e-04
1591,52133888,547.66,95193,38.4060,163,835.9546,-0.036255,1.164935,0.047879,1.957833e-04
1592,52166656,547.99,95196,38.4450,163,836.7908,-0.019933,18.460436,0.050805,1.957177e-04
1593,52199424,548.31,95200,38.3420,163,834.5814,-0.046172,6.730269,0.072500,1.956522e-04
1594,52232192,548.64,95203,38.3350,163,834.4697,-0.017600,23.143015,0.058211,1.955866e-04
1595,52264960,548.97,95205,38.4960,163,837.8648,0.056336,56.530937,0.056444,1.955211e-04
1596,52297728,549.29,95208,38.3390,163,834.5806,0.007138,18.103504,0.054458,1.954555e-04
1597,52330496,549.62,95211,38.2420,163,832.5150,-0.056646,5.712504,0.062835,1.953900e-04
1598,52363264,549.95,95214,38.3270,163,834.3285,-0.034172,0.056147,0.058748,1.953244e-04
1599,52396032,550.28,95217,38.0730,163,828.9436,-0.044583,2.969774,0.057225,1.952589e-04
1600,52428800,550.60,95220,37.9050,163,825.4065,0.044839,41.623344,0.052772,1.951934e-04
1601,52461568,551.20,95176,37.8530,163,824.3333,0.068567,52.847919,0.079035,1.951278e-04
1602,52494336,551.53,95179,38.1050,163,829.6143,-0.014663,24.625168,0.055715,1.950623e-04
1603,52527104,551.86,95182,38.1020,163,829.5509,0.008385,44.016861,0.061960,1.949967e-04
1604,52559872,552.18,95185,38.0580,163,828.6186,0.052371,40.163490,0.058702,1.949312e-04
1605,52592640,552.51,95188,37.9740,163,826.9011,0.065327,58.940220,0.069644,1.948656e-04
1606,52625408,552.84,95191,37.9850,163,827.1229,0.046642,21.854002,0.066208,1.948001e-04
1607,52658176,553.16,95194,37.8920,163,825.2012,0.004192,16.566517,0.075248,1.947345e-04
1608,52690944,553.49,95197,38.0950,163,829.4481,-0.006117,23.354197,0.060275,1.946690e-04
1609,52723712,553.82,95200,38.1120,163,829.8083,-0.033055,0.071810,0.058924,1.946035e-04
1610,52756480,554.15,95203,37.8900,163,825.1367,0.018426,28.644407,0.055018,1.945379e-04
1611,52789248,554.83,95144,37.8980,163,825.3070,-0.048467,3.564800,0.065966,1.944724e-04
1612,52822016,555.16,95147,38.2190,163,832.0996,-0.014026,21.737604,0.060351,1.944068e-04
1613,52854784,555.48,95150,38.1620,163,830.9717,0.020654,33.217796,0.050073,1.943413e-04
1614,52887552,555.81,95154,38.2990,163,833.8975,-0.010799,13.833796,0.063070,1.942757e-04
1615,52920320,556.14,95157,38.2270,163,832.3675,-0.003896,15.508842,0.053053,1.942102e-04
1616,52953088,556.46,95160,38.2500,163,832.8564,0.022207,43.695946,0.051004,1.941446e-04
1617,52985856,556.79,95163,38.4440,163,836.9949,-0.040702,10.411555,0.069693,1.940791e-04
1618,53018624,557.11,95166,38.4010,163,836.1023,-0.027419,4.875861,0.061865,1.940135e-04
1619,53051392,557.44,95169,38.7070,163,842.5310,-0.023723,26.854635,0.063781,1.939480e-04
1620,53084160,557.77,95172,38.4920,163,837.9852,-0.037352,2.658937,0.065262,1.938825e-04
1621,53116928,558.26,95147,38.1440,163,830.6248,-0.009643,48.780632,0.057530,1.938169e-04
1622,53149696,558.59,95149,37.7590,163,822.5060,0.017418,36.254524,0.064764,1.937514e-04
1623,53182464,558.91,95153,37.8370,163,824.1766,0.018924,33.241924,0.064654,1.936858e-04
1624,53215232,559.24,95156,38.1980,163,831.7852,-0.021916,34.872364,0.059714,1.936203e-04
1625,53248000,559.56,95159,37.9760,163,827.0871,0.012445,44.804596,0.057646,1.935547e-04
1626,53280768,559.89,95162,38.0800,163,829.3464,0.012003,42.591526,0.060205,1.934892e-04
1627,53313536,560.22,95165,38.0840,163,829.4555,-0.006816,31.530415,0.073683,1.934236e-04
1628,53346304,560.55,95168,38.3660,163,835.3825,-0.054373,6.181414,0.044607,1.933581e-04
1629,53379072,560.87,95171,38.4670,163,837.5332,0.076716,28.264420,0.075436,1.932925e-04
1630,53411840,561.20,95174,38.3400,163,834.8680,-0.000621,25.760668,0.066224,1.932270e-04
1631,53444608,561.73,95143,38.1340,163,830.5188,0.018766,16.328760,0.059673,1.931615e-04
1632,53477376,562.05,95146,37.7210,163,821.8061,-0.026103,18.671391,0.054267,1.930959e-04
1633,53510144,562.38,95149,37.6640,163,820.5849,0.064045,46.105675,0.053236,1.930304e-04
1634,53542912,562.71,95152,37.8490,163,824.4428,0.018762,52.478600,0.055027,1.929648e-04
1635,53575680,563.04,95154,37.8690,163,824.9042,0.007757,49.405239,0.057794,1.928993e-04
1636,53608448,563.36,95157,37.5990,163,819.2924,0.050785,49.740002,0.060408,1.928337e-04
1637,53641216,563.69,95160,37.3890,163,814.8944,-0.029005,29.307556,0.048499,1.927682e-04
1638,53673984,564.02,95163,37.1490,163,809.8109,0.017596,45.901009,0.069255,1.927026e-04
1639,53706752,564.35,95166,37.3260,163,813.5721,0.023215,33.380081,0.057974,1.926371e-04
1640,53739520,564.68,95168,37.3550,163,814.1508,-0.047804,9.580234,0.062295,1.925716e-04
1641,53772288,565.27,95126,37.3790,163,814.6216,-0.026358,10.894582,0.058058,1.925060e-04
1642,53805056,565.60,95129,37.4490,163,816.0789,-0.030145,24.184599,0.062030,1.924405e-04
1643,53837824,565.92,95132,37.8900,163,825.4574,0.034443,25.390463,0.050799,1.923749e-04
1644,53870592,566.25,95135,38.0000,163,827.7703,-0.061159,7.988246,0.056496,1.923094e-04
1645,53903360,566.58,95138,37.9290,163,826.3068,-0.000233,24.822468,0.067640,1.922438e-04
1646,53936128,566.90,95141,38.0810,163,829.4811,0.047289,28.811127,0.064879,1.921783e-04
1647,53968896,567.23,95144,37.7510,163,822.5574,-0.027704,34.715496,0.055266,1.921127e-04
1648,54001664,567.56,95147,37.6180,163,819.7779,-0.071827,11.666966,0.049903,1.920472e-04
1649,54034432,567.88,95150,37.3480,163,814.0789,0.040334,62.209236,0.064085,1.919816e-04
1650,54067200,568.21,95153,37.1070,163,808.9267,0.002097,34.356998,0.076916,1.919161e-04
1651,54099968,568.78,95116,37.1250,163,809.3005,0.018463,5.492494,0.053182,1.918506e-04
1652,54132736,569.10,95119,37.0250,163,807.1504,-0.033589,17.702467,0.072442,1.917850e-04
1653,54165504,569.43,95122,37.2140,163,811.1019,-0.039881,11.101080,0.071822,1.917195e-04
1654,54198272,569.76,95125,37.2350,163,811.5442,-0.019121,7.443060,0.056342,1.916539e-04
1655,54231040,570.08,95128,37.3050,163,813.0355,-0.030746,23.553734,0.076247,1.915884e-04
1656,54263808,570.41,95131,37.2680,163,812.2862,0.014215,61.350643,0.048281,1.915228e-04
1657,54296576,570.74,95134,37.4680,163,816.4988,0.024816,28.077614,0.073313,1.914573e-04
1658,54329344,571.07,95136,37.3240,163,813.4579,-0.042432,6.313960,0.075179,1.913917e-04
1659,54362112,571.39,95139,37.5260,163,817.7588,0.020726,29.522419,0.063343,1.913262e-04
1660,54394880,571.72,95142,37.2870,163,812.7464,-0.013304,46.316521,0.066330,1.912607e-04
1661,54427648,572.32,95100,37.7170,163,821.8403,0.041514,46.367325,0.060869,1.911951e-04
1662,54460416,572.65,95103,37.6420,163,820.2667,-0.006434,22.649836,0.071057,1.911296e-04
1663,54493184,572.97,95106,37.5700,163,818.7323,-0.047436,2.362293,0.052038,1.910640e-04
1664,54525952,573.30,95109,37.5320,163,817.9191,-0.009811,9.322280,0.056461,1.909985e-04
1665,54558720,573.63,95111,37.5730,163,818.7909,-0.024109,10.085769,0.076453,1.909329e-04
1666,54591488,573.95,95114,37.7830,163,823.1634,0.027765,78.560852,0.053134,1.908674e-04
1667,54624256,574.28,95117,37.7880,163,823.2914,0.026374,46.982368,0.058790,1.908018e-04
1668,54657024,574.61,95120,37.6990,163,821.4284,-0.021942,8.882186,0.066738,1.907363e-04
1669,54689792,574.94,95123,37.7100,163,821.6914,0.011694,50.506783,0.055839,1.906707e-04
1670,54722560,575.27,95125,37.7200,163,821.9079,0.008626,6.551826,0.067169,1.906052e-04
1671,54755328,575.79,95096,37.3850,163,814.8123,0.006567,56.653252,0.049415,1.905397e-04
1672,54788096,576.12,95099,37.3350,163,813.8112,0.027205,29.448803,0.059687,1.904741e-04
1673,54820864,576.44,95101,37.2460,163,811.9455,0.035842,61.211628,0.056813,1.904086e-04
1674,54853632,576.77,95104,37.5210,163,817.6910,0.014013,62.461159,0.065782,1.903430e-04
1675,54886400,577.10,95107,37.5610,163,818.5134,-0.001684,26.061983,0.064721,1.902775e-04
1676,54919168,577.43,95110,37.3660,163,814.4720,0.033244,59.857681,0.077429,1.902119e-04
1677,54951936,577.75,95112,37.3330,163,813.8040,-0.059257,8.399393,0.066914,1.901464e-04
1678,54984704,578.08,95115,37.1080,163,809.0145,-0.049308,8.554779,0.063022,1.900808e-04
1679,55017472,578.41,95118,36.8440,163,803.4589,-0.010009,33.561535,0.050542,1.900153e-04
1680,55050240,578.74,95121,36.7320,163,801.1641,-0.022919,22.530441,0.062967,1.899497e-04
1681,55083008,579.39,95069,36.7410,163,801.3407,0.040376,45.002983,0.073717,1.898842e-04
1682,55115776,579.72,95072,37.0160,163,807.1992,0.001948,39.937683,0.054006,1.898187e-04
1683,55148544,580.05,95075,36.9190,163,805.1815,-0.023462,24.372364,0.074112,1.897531e-04
1684,55181312,580.38,95078,36.9140,163,805.1117,-0.005762,17.186739,0.065625,1.896876e-04
1685,55214080,580.70,95081,37.0960,163,808.9306,0.007613,30.894863,0.055723,1.896220e-04
1686,55246848,581.03,95084,37.2130,163,811.4101,-0.001002,30.801941,0.050860,1.895565e-04
1687,55279616,581.36,95087,37.2950,163,813.1193,-0.071194,6.483110,0.062038,1.894909e-04
1688,55312384,581.68,95090,37.3070,163,813.3439,-0.023423,26.794609,0.070210,1.894254e-04
1689,55345152,582.01,95092,36.8500,163,803.6389,-0.014412,29.868019,0.061575,1.893598e-04
1690,55377920,582.34,95095,36.7480,163,801.4815,0.015704,21.729393,0.063634,1.892943e-04
1691,55410688,583.02,95041,36.7730,163,801.9886,-0.003873,15.999809,0.062704,1.892288e-04
1692,55443456,583.34,95044,36.6060,163,798.4113,0.008454,60.109341,0.061685,1.891632e-04
1693,55476224,583.67,95047,36.6520,163,799.3264,0.033974,63.218090,0.062971,1.890977e-04
1694,55508992,584.00,95050,36.4890,163,795.9000,0.001676,17.692623,0.061682,1.890321e-04
1695,55541760,584.32,95052,36.4660,163,795.4344,-0.031372,3.155143,0.063799,1.889666e-04
1696,55574528,584.65,95055,36.5900,163,798.0504,-0.006051,22.418808,0.067234,1.889010e-04
1697,55607296,584.98,95058,36.5740,163,797.6612,-0.019701,38.562042,0.050888,1.888355e-04
1698,55640064,585.31,95061,36.7530,163,801.4364,-0.044068,7.047081,0.060099,1.887699e-04
1699,55672832,585.63,95064,36.8420,163,803.3374,-0.031515,8.070236,0.058662,1.887044e-04
1700,55705600,585.96,95067,37.0280,163,807.2679,-0.024544,5.365101,0.060949,1.886388e-04
1701,55738368,586.56,95026,37.1210,163,809.2227,-0.004455,24.088312,0.060701,1.885733e-04
1702,55771136,586.88,95029,36.9720,163,806.0696,-0.011239,6.012875,0.067704,1.885078e-04
1703,55803904,587.21,95032,36.9720,163,806.0444,-0.026091,2.141072,0.047545,1.884422e-04
1704,55836672,587.53,95035,36.9140,163,804.8689,0.001159,19.761982,0.067766,1.883767e-04
1705,55869440,587.86,95038,36.8380,163,803.2368,-0.037777,0.143858,0.070582,1.883111e-04
1706,55902208,588.19,95041,36.8730,163,803.9889,-0.044990,3.938906,0.062198,1.882456e-04
1707,55934976,588.51,95044,36.6860,163,800.0268,0.024284,25.913616,0.069522,1.881800e-04
1708,55967744,588.84,95047,36.9020,163,804.5763,0.006836,44.886696,0.063934,1.881145e-04
1709,56000512,589.17,95050,36.6580,163,799.4578,-0.014002,34.618698,0.070715,1.880489e-04
1710,56033280,589.49,95053,36.4680,163,795.4334,-0.038663,26.168079,0.066719,1.879834e-04
1711,56066048,590.17,94999,36.2870,163,791.5658,0.047916,65.695320,0.059230,1.879179e-04
1712,56098816,590.50,95002,36.3020,163,791.9075,-0.048465,18.637598,0.052523,1.878523e-04
1713,56131584,590.82,95005,35.8870,163,783.1761,0.027378,73.191673,0.068438,1.877868e-04
1714,56164352,591.17,95005,35.9770,163,785.0490,0.004019,60.481640,0.064250,1.877212e-04
1715,56197120,591.55,95000,35.7570,163,780.4047,0.051937,63.358742,0.070076,1.876557e-04
1716,56229888,591.88,95001,35.5150,163,775.2807,0.000939,48.250927,0.064601,1.875901e-04
1717,56262656,592.21,95004,35.6600,163,778.3531,-0.014432,41.753265,0.051010,1.875246e-04
1718,56295424,592.54,95007,35.4830,163,774.6090,0.031877,55.960487,0.052200,1.874590e-04
1719,56328192,592.87,95010,35.3080,163,770.9355,-0.019642,39.227165,0.055541,1.873935e-04
1720,56360960,593.19,95012,35.3680,163,772.1757,-0.022748,26.566250,0.053987,1.873279e-04
1721,56393728,593.95,94947,35.3730,163,772.2901,-0.012056,30.068962,0.067060,1.872624e-04
1722,56426496,594.28,94949,35.3690,163,772.2085,0.016301,33.693504,0.064714,1.871969e-04
1723,56459264,594.61,94952,35.4250,163,773.3658,-0.028703,18.480791,0.069398,1.871313e-04
1724,56492032,594.93,94955,35.5600,163,776.2492,-0.020068,20.119671,0.061477,1.870658e-04
1725,56524800,595.26,94957,35.6660,163,778.4504,0.019862,43.110409,0.053967,1.870002e-04
1726,56557568,595.59,94960,35.3670,163,772.1589,0.021840,32.099602,0.066702,1.869347e-04
1727,56590336,595.92,94963,35.1890,163,768.3891,-0.035432,9.343921,0.060614,1.868691e-04
1728,56623104,596.25,94965,35.3550,163,771.8395,0.032647,67.826096,0.059971,1.868036e-04
1729,56655872,596.58,94968,35.4340,163,773.5277,-0.022193,22.039736,0.073214,1.867380e-04
1730,56688640,596.91,94970,35.5600,163,776.1770,0.035045,38.064133,0.064965,1.866725e-04
1731,56721408,597.53,94926,35.5000,163,774.8518,-0.034928,25.849031,0.060956,1.866069e-04
1732,56754176,597.86,94929,35.4930,163,774.7396,-0.033837,11.151232,0.074242,1.865414e-04
1733,56786944,598.18,94932,35.3170,163,771.0073,0.005226,56.163551,0.054106,1.864759e-04
1734,56819712,598.51,94934,35.1990,163,768.4908,0.046715,50.372780,0.066702,1.864103e-04
1735,56852480,598.84,94937,35.0170,163,764.6813,0.024042,95.434822,0.078401,1.863448e-04
1736,56885248,599.17,94940,35.0100,163,764.5323,-0.015178,23.091953,0.057571,1.862792e-04
1737,56918016,599.49,94943,34.9750,163,763.7640,-0.023843,7.023322,0.064621,1.862137e-04
1738,56950784,599.82,94946,34.8100,163,760.2642,0.026034,49.304852,0.050425,1.861481e-04
1739,56983552,600.15,94949,34.8200,163,760.4555,-0.047294,8.428744,0.062276,1.860826e-04
1740,57016320,600.47,94952,34.7330,163,758.6234,0.002963,14.976549,0.062878,1.860170e-04
1741,57049088,601.38,94863,34.6950,163,757.7561,0.021979,48.832741,0.062625,1.859515e-04
1742,57081856,601.71,94866,34.6910,163,757.6454,-0.009943,26.715187,0.066359,1.858860e-04
1743,57114624,602.03,94869,34.8700,163,761.4047,0.024722,48.307892,0.065220,1.858204e-04
1744,57147392,602.36,94871,34.7930,163,759.7771,0.008399,17.688879,0.057273,1.857549e-04
1745,57180160,602.69,94875,34.8460,163,760.9189,0.003827,22.704615,0.060408,1.856893e-04
1746,57212928,603.02,94877,34.6020,163,755.7266,-0.037073,12.891809,0.061725,1.856238e-04
1747,57245696,603.35,94880,34.7310,163,758.4389,-0.011411,10.483324,0.068289,1.855582e-04
1748,57278464,603.67,94883,34.4950,163,753.3731,-0.016143,58.657085,0.061249,1.854927e-04
1749,57311232,604.00,94886,34.2200,163,747.5240,0.055222,40.230457,0.053925,1.854271e-04
1750,57344000,604.33,94888,33.9360,163,741.5396,0.005268,24.880833,0.063502,1.853616e-04
1751,57376768,604.88,94856,33.7740,163,738.1314,-0.031015,10.991541,0.056241,1.852960e-04
1752,57409536,605.21,94858,33.7650,163,737.9369,-0.008022,21.147467,0.065815,1.852305e-04
1753,57442304,605.54,94861,33.8430,163,739.6018,-0.016537,18.137486,0.067464,1.851650e-04
1754,57475072,605.86,94864,33.8210,163,739.1314,0.007439,30.268963,0.055193,1.850994e-04
1755,57507840,606.19,94867,33.7650,163,738.0072,-0.006130,24.095396,0.068607,1.850339e-04
1756,57540608,606.52,94870,33.5560,163,733.5526,-0.012919,29.869244,0.057102,1.849683e-04
1757,57573376,606.85,94873,33.4280,163,730.8725,-0.046407,15.563738,0.068038,1.849028e-04
1758,57606144,607.17,94875,33.4040,163,730.3840,0.009594,21.787727,0.044729,1.848372e-04
1759,57638912,607.50,94878,33.3340,163,728.8943,-0.014158,27.598629,0.064130,1.847717e-04
1760,57671680,607.83,94881,33.2570,163,727.2576,0.008721,10.406377,0.069768,1.847061e-04
1761,57704448,608.32,94859,33.2490,163,727.0664,-0.016285,18.419531,0.044890,1.846406e-04
1762,57737216,608.64,94862,33.2620,163,727.3319,-0.018254,32.232826,0.065908,1.845750e-04
1763,57769984,608.97,94865,33.4710,163,731.7539,-0.025688,5.181066,0.058253,1.845095e-04
1764,57802752,609.30,94868,33.6690,163,735.9688,-0.008187,15.856755,0.071426,1.844440e-04
1765,57835520,609.62,94871,33.7680,163,738.0668,0.000334,32.988960,0.057258,1.843784e-04
1766,57868288,609.95,94874,33.6940,163,736.5360,-0.027702,24.916103,0.054435,1.843129e-04
1767,57901056,610.28,94876,33.5640,163,733.8172,-0.010970,22.315250,0.063010,1.842473e-04
1768,57933824,610.60,94879,33.6700,163,736.0442,-0.008178,15.793442,0.069464,1.841818e-04
1769,57966592,610.93,94882,33.1820,163,725.6823,-0.004765,37.124760,0.057441,1.841162e-04
1770,57999360,611.25,94885,33.0190,163,722.2479,0.014068,19.335733,0.064767,1.840507e-04
1771,58032128,611.96,94830,32.8430,163,718.5692,-0.003479,30.844248,0.067188,1.839851e-04
1772,58064896,612.29,94832,32.9910,163,721.7017,0.003443,58.966927,0.061599,1.839196e-04
1773,58097664,612.62,94835,32.9250,163,720.3052,0.012252,21.931564,0.061454,1.838541e-04
1774,58130432,612.94,94838,33.0830,163,723.6411,-0.032484,19.758982,0.076855,1.837885e-04
1775,58163200,613.27,94840,33.0380,163,722.7324,-0.023490,26.357325,0.069849,1.837230e-04
1776,58195968,613.60,94843,32.7460,163,716.5166,0.024585,50.524849,0.064925,1.836574e-04
1777,58228736,613.93,94846,32.4540,163,710.3474,-0.024368,18.462708,0.057315,1.835919e-04
1778,58261504,614.25,94849,32.3660,163,708.4532,0.006216,39.988045,0.065985,1.835263e-04
1779,58294272,614.58,94851,32.4100,163,709.3783,-0.004820,24.662727,0.063684,1.834608e-04
1780,58327040,614.91,94854,32.2660,163,706.2955,0.003914,46.066978,0.069722,1.833952e-04
1781,58359808,615.78,94773,32.5540,163,712.3966,-0.005329,31.666615,0.076443,1.833297e-04
1782,58392576,616.11,94776,32.4140,163,709.4325,0.006334,31.439346,0.067134,1.832641e-04
1783,58425344,616.43,94779,32.3400,163,707.8853,0.073309,54.003395,0.059377,1.831986e-04
1784,58458112,616.76,94782,32.4280,163,709.7456,-0.053420,0.676668,0.054538,1.831331e-04
1785,58490880,617.09,94784,32.4320,163,709.8196,-0.003280,7.916426,0.062704,1.830675e-04
1786,58523648,617.42,94787,32.4050,163,709.2843,0.035181,37.854729,0.067673,1.830020e-04
1787,58556416,617.75,94790,32.2990,163,707.0773,0.004756,39.953400,0.058538,1.829364e-04
1788,58589184,618.07,94793,32.6100,163,713.6183,0.053461,53.413044,0.067258,1.828709e-04
1789,58621952,618.40,94796,32.5200,163,711.7267,-0.018025,15.562917,0.076438,1.828053e-04
1790,58654720,618.73,94798,32.6010,163,713.4240,-0.009331,27.198315,0.067901,1.827398e-04
1791,58687488,619.31,94762,32.6230,163,713.9231,0.031896,47.595760,0.060422,1.826742e-04
1792,58720256,619.64,94765,32.7260,163,715.9927,-0.027831,18.661133,0.059406,1.826087e-04
1793,58753024,619.97,94768,32.6620,163,714.6459,-0.065852,4.541235,0.058801,1.825432e-04
1794,58785792,620.29,94770,32.5200,163,711.6579,0.043312,11.841032,0.069937,1.824776e-04
1795,58818560,620.62,94773,32.2540,163,705.9922,-0.011407,10.210209,0.071775,1.824121e-04
1796,58851328,620.95,94776,32.4780,163,710.6888,-0.013783,6.137187,0.060521,1.823465e-04
1797,58884096,621.27,94779,32.4270,163,709.6007,0.013862,20.430393,0.050065,1.822810e-04
1798,58916864,621.60,94782,32.3000,163,706.9728,-0.019795,15.818771,0.065241,1.822154e-04
1799,58949632,621.93,94785,32.2260,163,705.4149,0.016678,43.138176,0.060886,1.821499e-04
1800,58982400,622.25,94788,32.4950,163,711.0781,0.059991,67.603165,0.065545,1.820843e-04
1801,59015168,623.05,94719,32.4130,163,709.3172,0.010627,56.477974,0.060708,1.820188e-04
1802,59047936,623.38,94722,32.4550,163,710.1784,-0.016532,37.284615,0.064682,1.819532e-04
1803,59080704,623.70,94725,32.4580,163,710.2650,0.005729,35.417839,0.059390,1.818877e-04
1804,59113472,624.03,94728,32.4630,163,710.3632,0.028147,19.313477,0.072577,1.818222e-04
1805,59146240,624.36,94731,32.5060,163,711.2382,-0.007550,7.763798,0.072681,1.817566e-04
1806,59179008,624.69,94734,32.7370,163,716.0760,0.015211,56.724731,0.060731,1.816911e-04
1807,59211776,625.06,94729,32.6610,163,714.5382,-0.026187,30.480883,0.062172,1.816255e-04
1808,59244544,625.39,94731,32.5740,163,712.6875,-0.015388,13.159063,0.071404,1.815600e-04
1809,59277312,625.72,94734,32.6740,163,714.7975,-0.019514,6.291074,0.060182,1.814944e-04
1810,59310080,626.05,94737,32.8720,163,718.9715,0.000244,40.664497,0.059557,1.814289e-04
1811,59342848,626.65,94698,32.8640,163,718.7743,-0.018022,12.543921,0.062483,1.813633e-04
1812,59375616,626.98,94700,32.6810,163,714.9725,-0.041884,22.515087,0.059127,1.812978e-04
1813,59408384,627.31,94703,32.4450,163,709.9468,0.006947,47.565441,0.059722,1.812322e-04
1814,59441152,627.63,94706,32.5010,163,711.0977,-0.019965,6.613464,0.062744,1.811667e-04
1815,59473920,627.96,94709,32.5830,163,712.8110,0.000266,47.609608,0.065434,1.811012e-04
1816,59506688,628.29,94712,32.8000,163,717.3549,0.038460,49.795170,0.061495,1.810356e-04
1817,59539456,628.62,94715,32.9110,163,719.6941,-0.002847,38.636719,0.059162,1.809701e-04
1818,59572224,628.94,94718,32.8130,163,717.6172,-0.015464,15.484516,0.063788,1.809045e-04
1819,59604992,629.27,94721,32.8440,163,718.2729,0.037365,29.958595,0.067284,1.808390e-04
1820,59637760,629.60,94723,32.6210,163,713.5671,0.010278,32.215816,0.066705,1.807734e-04
1821,59670528,630.16,94690,32.6050,163,713.2418,-0.027117,5.904252,0.069252,1.807079e-04
1822,59703296,630.49,94693,32.5940,163,713.0286,-0.019304,12.399757,0.074133,1.806423e-04
1823,59736064,630.82,94696,32.5180,163,711.4730,-0.042504,7.829144,0.063482,1.805768e-04
1824,59768832,631.15,94698,32.5720,163,712.6154,0.035983,72.101837,0.075813,1.805113e-04
1825,59801600,631.47,94701,32.3530,163,707.9822,-0.011196,21.802601,0.064123,1.804457e-04
1826,59834368,631.80,94704,32.3670,163,708.2780,-0.042589,5.952178,0.081394,1.803802e-04
1827,59867136,632.13,94707,32.4030,163,709.0502,0.055204,72.509453,0.067509,1.803146e-04
1828,59899904,632.46,94709,32.2320,163,705.4524,-0.053112,10.299793,0.064515,1.802491e-04
1829,59932672,632.78,94712,32.3920,163,708.7722,-0.041282,22.008171,0.072545,1.801835e-04
1830,59965440,633.11,94715,32.6090,163,713.3556,0.034652,68.803505,0.066683,1.801180e-04
1831,59998208,633.86,94655,32.6360,163,713.8330,-0.005935,74.946663,0.069488,1.800524e-04
1832,60030976,634.19,94658,32.4940,163,710.8362,-0.019065,28.843706,0.059562,1.799869e-04
1833,60063744,634.51,94661,32.6510,163,714.1233,-0.021541,22.816891,0.070919,1.799213e-04
1834,60096512,634.84,94664,32.4950,163,710.8234,0.018682,17.164730,0.063757,1.798558e-04
1835,60129280,635.17,94666,32.3770,163,708.3207,0.023428,37.431629,0.067369,1.797903e-04
1836,60162048,635.50,94669,32.1960,163,704.4592,-0.005148,51.791412,0.064937,1.797247e-04
1837,60194816,635.82,94672,32.0270,163,700.8837,0.051384,67.714035,0.063076,1.796592e-04
1838,60227584,636.15,94674,32.0800,163,701.9945,0.029644,70.566841,0.057361,1.795936e-04
1839,60260352,636.48,94677,31.9560,163,699.4019,0.023603,49.951424,0.063043,1.795281e-04
1840,60293120,636.80,94680,31.9510,163,699.2256,-0.031251,18.533524,0.066568,1.794625e-04
1841,60325888,637.38,94646,31.9430,163,699.0065,0.006734,47.734982,0.061581,1.793970e-04
1842,60358656,637.71,94648,31.9240,163,698.6056,-0.023500,8.787491,0.073289,1.793314e-04
1843,60391424,638.04,94651,32.1810,163,703.9979,0.029450,48.488945,0.053702,1.792659e-04
1844,60424192,638.37,94653,32.1920,163,704.2331,0.015057,15.770411,0.069211,1.792003e-04
1845,60456960,638.70,94656,32.2520,163,705.4855,-0.051528,5.118332,0.071720,1.791348e-04
1846,60489728,639.03,94659,32.2130,163,704.6617,-0.045294,5.766209,0.067220,1.790693e-04
1847,60522496,639.35,94662,32.2310,163,705.0598,-0.008971,7.878546,0.062053,1.790037e-04
1848,60555264,639.68,94664,32.0520,163,701.2875,-0.021815,18.476843,0.054862,1.789382e-04
1849,60588032,640.01,94667,32.2780,163,706.0452,-0.008492,23.150133,0.056168,1.788726e-04
1850,60620800,640.33,94670,32.3240,163,707.0267,-0.001083,8.938004,0.065864,1.788071e-04
1851,60653568,641.93,94486,32.2950,163,706.4273,0.034005,51.006847,0.073402,1.787415e-04
1852,60686336,642.25,94489,32.4520,163,709.7020,-0.020722,24.293545,0.062636,1.786760e-04
1853,60719104,642.58,94492,32.4290,163,709.2045,-0.053262,10.835516,0.063561,1.786104e-04
1854,60751872,642.91,94495,32.5530,163,711.8305,0.053410,45.171257,0.069333,1.785449e-04
1855,60784640,643.24,94498,32.7270,163,715.5343,0.032840,60.978951,0.077399,1.784794e-04
1856,60817408,643.56,94500,32.6860,163,714.6593,0.058580,82.828743,0.061075,1.784138e-04
1857,60850176,643.89,94503,32.6690,163,714.2437,-0.009196,43.819805,0.050564,1.783483e-04
1858,60882944,644.22,94506,32.6110,163,713.0098,-0.022357,14.271269,0.059465,1.782827e-04
1859,60915712,644.55,94509,32.6630,163,714.1475,-0.023300,20.108671,0.056572,1.782172e-04
1860,60948480,644.87,94512,32.7580,163,716.1759,-0.046808,3.521250,0.073594,1.781516e-04
1861,60981248,645.89,94413,32.3560,163,707.6867,-0.028182,23.099144,0.077693,1.780861e-04
1862,61014016,646.22,94416,32.3790,163,708.1423,-0.021645,12.138565,0.069680,1.780205e-04
1863,61046784,646.55,94419,32.0100,163,700.3424,-0.009342,22.333778,0.060690,1.779550e-04
1864,61079552,646.88,94422,32.2900,163,706.2706,-0.017178,19.088621,0.068473,1.778894e-04
1865,61112320,647.20,94424,32.3220,163,706.9545,0.038253,55.406960,0.059604,1.778239e-04
1866,61145088,647.53,94427,32.3600,163,707.7261,-0.058297,1.207311,0.069365,1.777584e-04
1867,61177856,647.86,94430,32.1510,163,703.3582,-0.047603,10.270554,0.051964,1.776928e-04
1868,61210624,648.19,94433,32.2850,163,706.1653,-0.024546,3.694663,0.071737,1.776273e-04
1869,61243392,648.51,94436,32.1510,163,703.3339,-0.004894,22.474686,0.053090,1.775617e-04
1870,61276160,648.85,94438,32.2240,163,704.9072,0.025440,37.078674,0.072926,1.774962e-04
1871,61308928,649.59,94380,32.3860,163,708.3160,-0.023418,20.153349,0.065298,1.774306e-04
1872,61341696,649.92,94383,32.4640,163,709.9753,0.006089,47.837646,0.063114,1.773651e-04
1873,61374464,650.24,94387,32.5930,163,712.7049,-0.034647,5.279820,0.075884,1.772995e-04
1874,61407232,650.57,94390,32.7570,163,716.2627,-0.000576,29.238621,0.066861,1.772340e-04
1875,61440000,650.89,94394,32.7460,163,716.0477,0.019316,27.021877,0.070979,1.771685e-04
1876,61472768,651.22,94396,32.8820,163,718.8887,-0.025597,21.902985,0.064654,1.771029e-04
1877,61505536,651.54,94399,33.0370,163,722.1678,-0.022759,32.383881,0.067312,1.770374e-04
1878,61538304,651.87,94402,32.8010,163,717.2175,-0.023684,20.369877,0.066670,1.769718e-04
1879,61571072,652.20,94405,32.9400,163,720.1332,-0.031173,35.276241,0.077307,1.769063e-04
1880,61603840,652.52,94408,32.9740,163,720.8853,0.015642,46.781677,0.062784,1.768407e-04
1881,61636608,653.15,94368,32.6790,163,714.6966,0.033574,70.018272,0.064561,1.767752e-04
1882,61669376,653.47,94371,32.4770,163,710.4685,-0.002772,53.323452,0.063229,1.767096e-04
1883,61702144,653.80,94374,32.6670,163,714.5110,-0.016949,22.522842,0.065052,1.766441e-04
1884,61734912,654.13,94377,32.6070,163,713.2685,0.004512,49.376152,0.061335,1.765785e-04
1885,61767680,654.46,94380,32.7860,163,717.0693,0.007225,69.442444,0.060036,1.765130e-04
1886,61800448,654.78,94382,32.8740,163,718.9125,-0.011191,42.180576,0.074667,1.764475e-04
1887,61833216,655.11,94385,32.6920,163,715.0917,-0.017629,22.301311,0.070133,1.763819e-04
1888,61865984,655.44,94388,32.5970,163,713.1393,0.002580,45.311546,0.073608,1.763164e-04
1889,61898752,655.77,94391,32.8630,163,718.7103,-0.012090,38.296928,0.069696,1.762508e-04
1890,61931520,656.09,94394,32.3740,162,708.4095,0.083994,86.527077,0.067727,1.761853e-04
1891,61964288,656.87,94332,32.0200,162,700.8809,-0.009948,28.341990,0.072562,1.761197e-04
1892,61997056,657.19,94336,32.0370,162,701.2143,-0.048247,3.541411,0.069548,1.760542e-04
1893,62029824,657.52,94338,32.0920,162,702.3418,-0.003688,40.273903,0.074893,1.759886e-04
1894,62062592,657.85,94341,32.1120,162,702.7768,0.054008,94.762527,0.074762,1.759231e-04
1895,62095360,658.18,94344,32.2600,163,705.8782,0.062965,64.622688,0.070324,1.758575e-04
1896,62128128,658.51,94347,32.3050,163,706.8038,0.010483,23.038441,0.071844,1.757920e-04
1897,62160896,658.83,94349,32.3660,163,708.1039,-0.018316,22.783079,0.062727,1.757265e-04
1898,62193664,659.16,94352,32.5400,163,711.7517,0.057405,94.958237,0.070036,1.756609e-04
1899,62226432,659.49,94355,32.2330,163,705.3117,0.011521,54.969917,0.065515,1.755954e-04
1900,62259200,659.82,94358,32.1940,163,704.5089,0.007980,63.985527,0.065156,1.755298e-04
1901,62291968,660.63,94292,31.9590,163,699.5582,0.010698,42.431335,0.066062,1.754643e-04
1902,62324736,660.95,94295,32.0470,163,701.4771,-0.042121,19.416195,0.065471,1.753987e-04
1903,62357504,661.28,94298,31.8770,163,697.8768,-0.040056,4.477129,0.054291,1.753332e-04
1904,62390272,661.61,94301,31.7930,163,696.0629,0.087496,154.239716,0.060718,1.752676e-04
1905,62423040,661.93,94304,31.5390,163,690.6818,0.007057,48.830353,0.070816,1.752021e-04
1906,62455808,662.26,94307,31.3890,163,687.5430,0.013918,59.629013,0.061416,1.751366e-04
1907,62488576,662.59,94310,30.9590,163,678.4752,0.003883,74.554680,0.073014,1.750710e-04
1908,62521344,662.91,94313,30.5850,163,670.5917,0.032819,50.262054,0.071035,1.750055e-04
1909,62554112,663.24,94315,30.3330,163,665.2063,-0.029334,38.213638,0.066155,1.749399e-04
1910,62586880,663.57,94318,30.0890,163,660.0993,-0.034916,31.156330,0.056389,1.748744e-04
1911,62619648,664.28,94266,29.7330,163,652.6198,-0.034560,28.595387,0.062560,1.748088e-04
1912,62652416,664.61,94269,29.6030,163,649.8741,0.011543,32.860031,0.065790,1.747433e-04
1913,62685184,664.94,94272,29.4300,163,646.2370,0.008473,39.035599,0.064647,1.746777e-04
1914,62717952,665.26,94275,29.3810,163,645.1712,0.003168,23.799133,0.060130,1.746122e-04
1915,62750720,665.59,94278,29.2380,163,642.1644,0.028430,26.967567,0.067034,1.745466e-04
1916,62783488,665.91,94281,28.9710,163,636.5841,0.008557,64.997314,0.060964,1.744811e-04
1917,62816256,666.24,94284,28.8930,163,634.9527,-0.024561,35.861431,0.069189,1.744156e-04
1918,62849024,666.57,94287,28.7690,163,632.3380,-0.001186,41.772377,0.059855,1.743500e-04
1919,62881792,666.90,94290,28.8280,163,633.5800,-0.019683,38.750515,0.059789,1.742845e-04
1920,62914560,667.22,94293,28.6490,163,629.8126,-0.046688,3.177270,0.063959,1.742189e-04
1921,62947328,667.87,94251,28.4480,163,625.6222,0.008770,55.436058,0.053954,1.741534e-04
1922,62980096,668.19,94254,28.3780,163,624.1626,-0.016458,27.518036,0.057153,1.740878e-04
1923,63012864,668.52,94257,28.3560,163,623.7141,0.009551,19.861305,0.054896,1.740223e-04
1924,63045632,668.85,94260,28.1180,163,618.6473,0.001093,37.580887,0.057151,1.739567e-04
1925,63078400,669.17,94262,28.2490,163,621.3947,-0.021751,9.463596,0.065899,1.738912e-04
1926,63111168,669.50,94265,28.2300,163,620.9358,-0.002009,26.652798,0.060724,1.738256e-04
1927,63143936,669.83,94268,28.5120,163,626.8468,-0.023555,30.169094,0.064706,1.737601e-04
1928,63176704,670.16,94271,28.3690,163,623.8528,-0.006104,20.006327,0.067431,1.736946e-04
1929,63209472,670.49,94274,28.4590,163,625.7453,-0.010384,21.710020,0.053683,1.736290e-04
1930,63242240,670.81,94276,28.1460,163,619.1204,-0.020892,28.854927,0.059350,1.735635e-04
1931,63275008,671.87,94178,28.1340,163,618.8051,-0.052368,14.054213,0.054051,1.734979e-04
1932,63307776,672.19,94180,27.9860,163,615.7137,0.000141,23.090622,0.064000,1.734324e-04
1933,63340544,672.52,94183,28.0310,163,616.6486,0.001059,41.333122,0.058809,1.733668e-04
1934,63373312,672.85,94186,28.0130,163,616.3038,-0.009063,7.956463,0.077624,1.733013e-04
1935,63406080,673.18,94189,28.0890,163,617.9032,-0.006164,60.467518,0.056643,1.732357e-04
1936,63438848,673.50,94192,28.1620,163,619.4837,-0.037539,22.984463,0.064604,1.731702e-04
1937,63471616,673.83,94195,28.1770,163,619.8289,-0.038342,10.305614,0.068423,1.731047e-04
1938,63504384,674.16,94198,28.1350,163,619.0082,-0.040828,52.963955,0.045123,1.730391e-04
1939,63537152,674.49,94200,28.0220,163,616.6594,-0.023772,24.897087,0.066954,1.729736e-04
1940,63569920,674.81,94203,28.1130,163,618.5354,-0.020928,26.651764,0.055295,1.729080e-04
1941,63602688,675.47,94160,27.5620,163,606.9455,-0.004194,50.912956,0.058361,1.728425e-04
1942,63635456,675.79,94163,27.3620,163,602.7910,-0.024781,19.103239,0.056032,1.727769e-04
1943,63668224,676.12,94167,27.3150,163,601.8216,0.013341,39.976871,0.052741,1.727114e-04
1944,63700992,676.45,94169,27.2410,163,600.2371,-0.020984,17.264778,0.071619,1.726458e-04
1945,63733760,676.77,94172,27.1760,163,598.9470,0.054106,59.228245,0.060389,1.725803e-04
1946,63766528,677.10,94175,27.2840,163,601.2421,0.011757,51.968525,0.047071,1.725147e-04
1947,63799296,677.43,94178,27.2990,163,601.5093,0.031353,38.524639,0.054923,1.724492e-04
1948,63832064,677.76,94181,27.3740,163,603.1230,0.041491,48.286770,0.068919,1.723837e-04
1949,63864832,678.08,94184,27.4440,163,604.5997,-0.031181,0.363655,0.069927,1.723181e-04
1950,63897600,678.41,94187,27.3760,163,603.1598,0.050337,41.299122,0.065878,1.722526e-04
1951,63930368,679.13,94135,27.3560,163,602.7408,-0.013417,22.232861,0.053345,1.721870e-04
1952,63963136,679.46,94137,27.3140,163,601.9083,-0.004724,18.425108,0.076353,1.721215e-04
1953,63995904,679.79,94140,27.4630,163,605.0708,0.023797,83.136444,0.053435,1.720559e-04
1954,64028672,680.12,94143,27.7040,163,610.1657,0.018391,74.034836,0.068378,1.719904e-04
1955,64061440,680.44,94146,27.2020,163,599.6143,-0.006657,66.401398,0.072682,1.719248e-04
1956,64094208,680.77,94149,27.3020,163,601.7675,-0.003687,42.284130,0.068388,1.718593e-04
1957,64126976,681.10,94152,27.2370,163,600.4439,0.065602,94.139465,0.065813,1.717938e-04
1958,64159744,681.43,94155,27.1220,163,597.9564,-0.012181,62.203995,0.055762,1.717282e-04
1959,64192512,681.75,94157,26.9480,163,594.3720,0.011236,52.282536,0.070124,1.716627e-04
1960,64225280,682.08,94160,26.5150,163,585.2387,-0.027398,40.211700,0.068003,1.715971e-04
1961,64258048,682.76,94115,26.5220,163,585.3805,-0.019903,36.324268,0.068706,1.715316e-04
1962,64290816,683.08,94118,26.4390,163,583.7199,-0.000765,41.831734,0.067811,1.714660e-04
1963,64323584,683.41,94121,26.3860,163,582.5652,0.082297,94.072952,0.059820,1.714005e-04
1964,64356352,683.74,94124,26.4360,163,583.6504,-0.002565,50.299149,0.070900,1.713349e-04
1965,64389120,684.06,94127,26.4030,163,582.9502,-0.015574,30.931366,0.066406,1.712694e-04
1966,64421888,684.39,94131,25.9950,163,574.3447,-0.002422,19.894291,0.068043,1.712038e-04
1967,64454656,684.71,94133,25.6540,163,567.2044,0.014650,44.433937,0.053342,1.711383e-04
1968,64487424,685.04,94136,25.6810,163,567.7167,0.027880,37.572247,0.072963,1.710728e-04
1969,64520192,685.37,94139,25.6380,163,566.7848,-0.026130,18.038870,0.062075,1.710072e-04
1970,64552960,685.70,94141,25.8190,163,570.6047,-0.014055,44.924107,0.069440,1.709417e-04
1971,64585728,686.62,94063,25.7840,163,569.7868,-0.046298,21.672043,0.070161,1.708761e-04
1972,64618496,686.95,94066,25.7520,163,569.1068,-0.057768,18.481445,0.050096,1.708106e-04
1973,64651264,687.27,94069,25.6770,163,567.5588,-0.028745,15.031613,0.058706,1.707450e-04
1974,64684032,687.60,94072,25.6510,163,566.9497,-0.001212,36.899841,0.055431,1.706795e-04
1975,64716800,687.93,94074,25.3220,163,559.9760,0.016799,47.484398,0.077395,1.706139e-04
1976,64749568,688.26,94077,24.8870,163,550.8108,0.063984,90.631180,0.056476,1.705484e-04
1977,64782336,688.58,94080,24.7970,163,548.9054,0.033990,38.576008,0.057573,1.704828e-04
1978,64815104,688.91,94083,24.6350,163,545.4869,-0.044623,10.048372,0.081074,1.704173e-04
1979,64847872,689.24,94086,24.4690,163,541.9594,-0.013863,19.328590,0.055068,1.703518e-04
1980,64880640,689.57,94089,24.1160,163,534.4666,-0.025403,19.763338,0.058962,1.702862e-04
1981,64913408,690.19,94051,24.1360,163,534.8787,0.007345,17.409775,0.066097,1.702207e-04
1982,64946176,690.52,94053,24.3230,163,538.8159,-0.014636,19.742556,0.051910,1.701551e-04
1983,64978944,690.85,94056,24.5190,163,542.9520,0.011220,29.975508,0.068450,1.700896e-04
1984,65011712,691.17,94059,24.5600,163,543.7777,0.030017,30.730839,0.056347,1.700240e-04
1985,65044480,691.50,94062,24.5930,163,544.3945,0.042917,68.312218,0.061913,1.699585e-04
1986,65077248,691.83,94065,24.4720,163,541.7626,0.054471,51.979130,0.065119,1.698929e-04
1987,65110016,692.16,94068,24.5000,163,542.3822,0.029272,23.919788,0.060377,1.698274e-04
1988,65142784,692.48,94071,24.4770,163,541.9132,-0.027080,18.746349,0.062397,1.697619e-04
1989,65175552,692.81,94073,24.5160,163,542.6995,0.005455,38.941505,0.071245,1.696963e-04
1990,65208320,693.14,94076,24.3250,163,538.6872,-0.030819,10.641909,0.067262,1.696308e-04
1991,65241088,693.64,94055,24.6720,163,545.9864,0.054818,92.582108,0.058101,1.695652e-04
1992,65273856,693.97,94058,24.7070,163,546.6938,0.019701,21.092428,0.068337,1.694997e-04
1993,65306624,694.30,94061,24.7250,163,547.0324,0.048934,66.059181,0.050098,1.694341e-04
1994,65339392,694.62,94064,24.4820,163,541.9434,-0.041108,19.527473,0.054680,1.693686e-04
1995,65372160,694.95,94067,24.4860,163,542.0024,0.015869,38.484917,0.056253,1.693030e-04
1996,65404928,695.28,94070,25.1320,163,555.6575,0.035146,99.737259,0.058787,1.692375e-04
1997,65437696,695.60,94073,25.1090,163,555.2079,-0.025953,19.915897,0.059253,1.691719e-04
1998,65470464,695.93,94076,24.7740,163,548.1454,0.005767,38.440281,0.055223,1.691064e-04
1999,65503232,696.25,94079,24.9340,163,551.4850,0.042848,48.945049,0.063166,1.690409e-04
2000,65536000,696.58,94082,25.1560,162,556.1532,0.000997,46.749752,0.066686,1.689753e-04
2001,65568768,697.45,94012,25.2490,162,558.0810,0.001339,42.327248,0.052474,1.689098e-04
2002,65601536,697.78,94015,25.0690,162,554.2948,-0.046860,35.890778,0.048893,1.688442e-04
2003,65634304,698.11,94017,25.1570,162,556.1411,-0.000249,11.928183,0.056962,1.687787e-04
2004,65667072,698.43,94020,25.1840,162,556.7385,-0.020267,35.672604,0.055187,1.687131e-04
2005,65699840,698.76,94023,25.0930,162,554.8054,-0.003493,31.809586,0.052755,1.686476e-04
2006,65732608,699.09,94026,25.0710,162,554.2844,0.041352,69.784241,0.055610,1.685820e-04
2007,65765376,699.41,94029,25.2890,162,558.9170,-0.027004,29.177113,0.050356,1.685165e-04
2008,65798144,699.74,94032,25.2800,162,558.7901,0.039950,25.896290,0.067451,1.684510e-04
2009,65830912,700.07,94035,25.3610,162,560.4300,-0.031896,30.361345,0.059078,1.683854e-04
2010,65863680,700.39,94038,25.2160,162,557.4744,-0.025325,29.590597,0.064043,1.683199e-04
2011,65896448,701.11,93989,25.3520,162,560.4018,-0.003289,38.366577,0.070631,1.682543e-04
2012,65929216,701.43,93992,25.4880,162,563.2422,0.025015,51.081223,0.048729,1.681888e-04
2013,65961984,701.76,93995,25.5520,162,564.5506,-0.007126,7.074135,0.063993,1.681232e-04
2014,65994752,702.08,93998,25.7690,163,569.0632,0.053576,58.185596,0.065010,1.680577e-04
2015,66027520,702.41,94000,25.8760,163,571.3109,0.030660,36.747547,0.075542,1.679921e-04
2016,66060288,702.74,94003,25.9330,163,572.5129,-0.020568,25.888763,0.065198,1.679266e-04
2017,66093056,703.07,94006,26.0030,163,573.9935,0.025354,36.333721,0.066806,1.678610e-04
2018,66125824,703.39,94009,25.9510,163,572.8702,0.003150,31.597904,0.069205,1.677955e-04
2019,66158592,703.72,94012,26.1650,163,577.4318,-0.033533,23.226496,0.062102,1.677300e-04
2020,66191360,704.05,94015,26.1680,163,577.4740,0.057146,59.761841,0.063553,1.676644e-04
2021,66224128,704.78,93964,26.1940,163,578.0315,-0.035500,11.497267,0.068665,1.675989e-04
2022,66256896,705.11,93967,26.0480,163,574.9582,-0.002628,26.271078,0.067286,1.675333e-04
2023,66289664,705.44,93969,26.0500,163,575.0262,0.004387,22.084932,0.066243,1.674678e-04
2024,66322432,705.76,93972,26.0130,163,574.2796,0.024615,47.726311,0.064217,1.674022e-04
2025,66355200,706.09,93975,26.1470,163,577.0604,-0.009256,45.216373,0.057889,1.673367e-04
2026,66387968,706.42,93978,26.4090,163,582.5607,0.011383,66.458878,0.060357,1.672711e-04
2027,66420736,706.75,93981,26.3640,163,581.6329,0.057536,64.571304,0.064540,1.672056e-04
2028,66453504,707.07,93984,26.2930,163,580.0781,0.010389,54.204559,0.062458,1.671400e-04
2029,66486272,707.40,93986,26.1500,163,577.0172,-0.017965,24.381836,0.057784,1.670745e-04
2030,66519040,707.73,93989,26.1660,163,577.3120,0.044642,42.545235,0.058742,1.670090e-04
2031,66551808,708.55,93926,26.0050,163,573.9123,0.010914,52.391983,0.068536,1.669434e-04
2032,66584576,708.87,93930,25.9180,163,572.0969,-0.034965,31.527571,0.046315,1.668779e-04
2033,66617344,709.20,93933,25.8980,163,571.6819,0.010958,54.690666,0.059359,1.668123e-04
2034,66650112,709.52,93936,25.9550,163,572.9458,-0.045421,10.648502,0.055641,1.667468e-04
2035,66682880,709.85,93939,25.8440,163,570.6378,-0.013309,31.879940,0.050659,1.666812e-04
2036,66715648,710.18,93942,25.8530,163,570.8486,0.055156,58.778442,0.062390,1.666157e-04
2037,66748416,710.50,93945,25.8100,163,569.9129,-0.013105,22.875908,0.043612,1.665501e-04
2038,66781184,710.83,93948,25.8810,163,571.4356,0.010480,29.850332,0.058391,1.664846e-04
2039,66813952,711.16,93951,25.9700,163,573.2627,-0.050867,16.507740,0.061900,1.664191e-04
2040,66846720,711.48,93953,26.1690,163,577.4088,0.008643,51.167538,0.059982,1.663535e-04
2041,66879488,712.25,93898,26.2380,163,578.8254,-0.012344,42.000107,0.068778,1.662880e-04
2042,66912256,712.58,93901,26.1960,163,577.9029,0.002393,36.070576,0.069454,1.662224e-04
2043,66945024,712.91,93904,26.2130,163,578.2258,0.022456,49.280540,0.060587,1.661569e-04
2044,66977792,713.23,93907,26.1320,163,576.4654,0.034439,64.532578,0.059197,1.660913e-04
2045,67010560,713.56,93910,26.0400,163,574.5309,0.077781,39.296207,0.057861,1.660258e-04
2046,67043328,713.89,93912,26.0030,163,573.7599,0.005232,19.566292,0.067628,1.659602e-04
2047,67076096,714.22,93915,25.8480,163,570.5279,0.016963,68.730522,0.056022,1.658947e-04
2048,67108864,714.54,93918,25.9830,163,573.3684,-0.053981,20.811642,0.057462,1.658291e-04
2049,67141632,714.87,93921,26.1590,163,577.0503,0.009334,50.486214,0.068346,1.657636e-04
2050,67174400,715.20,93924,26.2640,163,579.1758,-0.060138,37.521210,0.068016,1.656981e-04
2051,67207168,716.20,93838,26.1340,163,576.4157,-0.032198,26.401503,0.062023,1.656325e-04
2052,67239936,716.53,93840,26.1180,163,576.0872,-0.010917,28.011751,0.067859,1.655670e-04
2053,67272704,716.86,93843,25.9700,163,572.9875,-0.019437,37.125015,0.053419,1.655014e-04
2054,67305472,717.19,93846,25.8890,163,571.3293,0.036990,96.895721,0.054454,1.654359e-04
2055,67338240,717.51,93849,25.6900,163,567.0968,0.072988,98.215286,0.050770,1.653703e-04
2056,67371008,717.84,93852,25.4740,163,562.5693,-0.045195,4.275714,0.059576,1.653048e-04
2057,67403776,718.17,93855,25.3530,163,560.0450,-0.022126,13.803043,0.058778,1.652392e-04
2058,67436544,718.50,93857,25.4050,163,561.1726,0.035667,48.809467,0.057743,1.651737e-04
2059,67469312,718.82,93860,25.3960,163,560.9942,0.005160,24.433289,0.060908,1.651081e-04
2060,67502080,719.15,93863,25.3850,163,560.7634,0.022616,46.067844,0.054984,1.650426e-04
2061,67534848,720.73,93703,25.4910,163,562.9937,-0.025872,10.343587,0.052963,1.649771e-04
2062,67567616,721.06,93706,25.3820,163,560.6603,-0.043265,12.605860,0.057521,1.649115e-04
2063,67600384,721.39,93709,25.3510,163,560.0028,0.049434,47.332794,0.050966,1.648460e-04
2064,67633152,721.71,93712,25.5010,163,563.1664,0.059811,57.921013,0.050569,1.647804e-04
2065,67665920,722.04,93715,25.7130,163,567.6822,0.037349,51.392159,0.046114,1.647149e-04
2066,67698688,722.36,93718,25.5880,163,565.0005,-0.056450,15.625998,0.054904,1.646493e-04
2067,67731456,722.69,93721,25.8630,163,570.7604,-0.025447,31.671585,0.050190,1.645838e-04
2068,67764224,723.02,93724,25.8760,163,571.0218,0.007943,25.157991,0.057873,1.645182e-04
2069,67796992,723.34,93727,25.9510,163,572.6363,-0.040343,3.773896,0.063126,1.644527e-04
2070,67829760,723.67,93730,25.9630,163,572.9016,0.040931,22.208862,0.057976,1.643872e-04
2071,67862528,724.54,93663,25.9800,163,573.2115,0.037502,56.114067,0.054681,1.643216e-04
2072,67895296,724.86,93666,26.0450,163,574.5743,0.018907,7.636597,0.050642,1.642561e-04
2073,67928064,725.19,93669,26.1030,163,575.8004,-0.002953,19.123837,0.062350,1.641905e-04
2074,67960832,725.51,93672,26.2410,163,578.7180,0.002189,16.526031,0.072051,1.641250e-04
2075,67993600,725.84,93675,26.4130,163,582.2948,-0.058494,5.815475,0.060152,1.640594e-04
2076,68026368,726.17,93678,26.5520,163,585.2284,-0.016702,24.976730,0.065340,1.639939e-04
2077,68059136,726.49,93681,26.4600,163,583.2765,-0.002076,15.944140,0.071313,1.639283e-04
2078,68091904,726.82,93684,26.7380,163,589.0826,-0.001347,58.349590,0.063441,1.638628e-04
2079,68124672,727.15,93687,26.7700,163,589.7361,-0.020651,11.058598,0.071623,1.637972e-04
2080,68157440,727.47,93690,26.8040,163,590.4450,0.041963,35.082123,0.051805,1.637317e-04
2081,68190208,728.42,93614,26.7820,163,589.9882,-0.036166,26.847717,0.057395,1.636662e-04
2082,68222976,728.74,93617,26.9130,163,592.7609,0.034127,45.853497,0.059170,1.636006e-04
2083,68255744,729.07,93620,26.4700,163,583.4220,-0.001747,39.879272,0.060169,1.635351e-04
2084,68288512,729.39,93623,26.6200,163,586.5777,-0.003250,42.445690,0.061183,1.634695e-04
2085,68321280,729.72,93627,26.6650,163,587.5465,-0.029654,14.195547,0.057753,1.634040e-04
2086,68354048,730.04,93629,26.6160,163,586.5427,-0.018871,19.030355,0.052955,1.633384e-04
2087,68386816,730.37,93633,26.6710,163,587.6565,-0.031387,15.318643,0.058409,1.632729e-04
2088,68419584,730.70,93636,26.7650,163,589.6638,-0.036949,18.613346,0.055658,1.632073e-04
2089,68452352,731.02,93639,26.8240,163,590.8921,0.004802,23.991207,0.063800,1.631418e-04
2090,68485120,731.35,93642,26.8770,163,592.0317,-0.003462,33.024567,0.067449,1.630763e-04
2091,68517888,732.11,93589,26.9000,163,592.5367,0.014360,39.311043,0.059675,1.630107e-04
2092,68550656,732.44,93592,26.8610,163,591.7012,0.011269,27.926327,0.059687,1.629452e-04
2093,68583424,732.76,93595,27.0860,163,596.4600,0.002148,44.551060,0.049320,1.628796e-04
2094,68616192,733.09,93598,27.3450,163,601.9370,-0.005738,36.074104,0.055727,1.628141e-04
2095,68648960,733.41,93602,27.2520,163,599.9171,-0.005714,16.967966,0.059768,1.627485e-04
2096,68681728,733.74,93605,27.2540,163,599.9579,0.007897,38.851723,0.061185,1.626830e-04
2097,68714496,734.06,93608,27.4270,163,603.6829,-0.015360,32.830490,0.051985,1.626174e-04
2098,68747264,734.39,93611,27.5510,163,606.2912,-0.003099,69.353241,0.055358,1.625519e-04
2099,68780032,734.72,93614,27.3390,163,601.8101,0.027218,68.808807,0.054718,1.624863e-04
2100,68812800,735.04,93617,27.2640,163,600.2284,0.028287,72.494049,0.059389,1.624208e-04
2101,68845568,736.39,93490,27.0310,163,595.3494,-0.021825,37.539505,0.060959,1.623553e-04
2102,68878336,736.72,93493,27.0180,163,595.0964,0.006110,47.408680,0.064963,1.622897e-04
2103,68911104,737.04,93496,27.0410,163,595.5285,0.025600,86.079506,0.050307,1.622242e-04
2104,68943872,737.37,93499,27.1680,163,598.2233,0.036482,34.306377,0.063882,1.621586e-04
2105,68976640,737.69,93503,27.0400,163,595.4644,-0.022323,8.313696,0.062057,1.620931e-04
2106,69009408,738.02,93506,26.8260,163,590.9246,0.022005,23.362026,0.069669,1.620275e-04
2107,69042176,738.35,93509,26.8460,163,591.3051,0.020900,49.391289,0.062218,1.619620e-04
2108,69074944,738.67,93512,26.7870,163,590.0428,0.012824,52.708260,0.063643,1.618964e-04
2109,69107712,739.00,93515,26.6890,163,588.0060,0.010686,33.928352,0.059698,1.618309e-04
2110,69140480,739.33,93518,26.4660,163,583.3790,-0.006730,48.092411,0.057402,1.617653e-04
2111,69173248,740.30,93439,26.1150,163,575.9882,0.006435,49.512611,0.057898,1.616998e-04
2112,69206016,740.63,93442,26.0350,163,574.3072,-0.048472,0.433984,0.067802,1.616343e-04
2113,69238784,740.96,93445,26.2610,163,579.0394,0.028054,67.151871,0.058558,1.615687e-04
2114,69271552,741.28,93448,26.2100,163,577.9867,-0.021000,21.812613,0.062930,1.615032e-04
2115,69304320,741.61,93451,26.2530,163,578.8399,0.027121,63.111359,0.072849,1.614376e-04
2116,69337088,741.93,93454,26.2170,163,578.0488,-0.084527,7.071809,0.070112,1.613721e-04
2117,69369856,742.26,93457,26.1460,163,576.5058,-0.003040,48.222031,0.056641,1.613065e-04
2118,69402624,742.59,93460,26.0120,163,573.6384,0.010918,57.575882,0.067056,1.612410e-04
2119,69435392,742.91,93463,26.0810,163,575.1098,0.003295,51.817219,0.057411,1.611754e-04
2120,69468160,743.24,93466,25.8580,163,570.3777,-0.005069,30.339207,0.051937,1.611099e-04
2121,69500928,744.02,93413,25.7140,163,567.4225,-0.009697,68.483612,0.047962,1.610444e-04
2122,69533696,744.34,93416,25.6960,163,567.1268,-0.031683,28.827627,0.055214,1.609788e-04
2123,69566464,744.66,93419,26.0080,163,573.6758,-0.006228,70.429993,0.059407,1.609133e-04
2124,69599232,744.99,93422,26.1350,163,576.4001,-0.020720,34.228054,0.057626,1.608477e-04
2125,69632000,745.32,93425,26.1660,163,577.0737,0.000712,33.312263,0.046975,1.607822e-04
2126,69664768,745.65,93428,26.2030,163,577.8489,-0.017826,16.129271,0.053531,1.607166e-04
2127,69697536,745.97,93431,26.0610,163,574.8521,0.014544,51.519279,0.054733,1.606511e-04
2128,69730304,746.30,93434,26.1140,163,576.0196,0.034326,51.273678,0.064857,1.605855e-04
2129,69763072,746.62,93437,26.2810,163,579.5048,0.045307,39.373421,0.052022,1.605200e-04
2130,69795840,746.95,93441,26.2760,163,579.3179,0.088897,81.919456,0.054963,1.604544e-04
2131,69828608,748.05,93347,26.0190,163,573.9732,0.004409,56.751694,0.060816,1.603889e-04
2132,69861376,748.38,93350,26.0440,163,574.5122,-0.021004,11.705979,0.056822,1.603234e-04
2133,69894144,748.70,93353,26.0340,163,574.2822,-0.021065,44.803314,0.054800,1.602578e-04
2134,69926912,749.03,93356,26.0410,163,574.4447,0.065334,41.944298,0.049524,1.601923e-04
2135,69959680,749.36,93359,26.0110,163,573.8468,-0.010983,61.361076,0.052731,1.601267e-04
2136,69992448,749.68,93362,26.0790,163,575.3037,0.017876,35.171600,0.061083,1.600612e-04
2137,70025216,750.01,93365,26.2440,163,578.8749,0.004581,63.133366,0.061518,1.599956e-04
2138,70057984,750.34,93368,26.0130,163,573.9849,-0.016782,35.498684,0.067707,1.599301e-04
2139,70090752,750.66,93371,25.9630,163,572.9039,0.078220,86.870682,0.052259,1.598645e-04
2140,70123520,750.99,93374,26.0270,163,574.2283,0.035177,63.069801,0.058530,1.597990e-04
2141,70156288,752.57,93222,25.9750,163,573.0758,-0.017823,22.609467,0.061461,1.597334e-04
2142,70189056,752.90,93225,25.9860,163,573.3299,-0.006498,22.605429,0.062003,1.596679e-04
2143,70221824,753.22,93228,25.9800,163,573.1945,-0.005088,43.943523,0.054129,1.596024e-04
2144,70254592,753.55,93231,25.5810,163,564.8233,-0.007231,24.204285,0.064049,1.595368e-04
2145,70287360,753.87,93234,25.4470,163,562.0218,-0.005725,24.715998,0.055228,1.594713e-04
2146,70320128,754.20,93238,25.3240,163,559.4239,-0.001446,33.379818,0.054502,1.594057e-04
2147,70352896,754.53,93241,25.1210,163,555.1822,0.025980,42.682476,0.062127,1.593402e-04
2148,70385664,754.85,93244,24.9260,163,551.1001,0.007657,32.840462,0.048184,1.592746e-04
2149,70418432,755.18,93247,25.0820,163,554.3753,-0.041589,11.963636,0.059772,1.592091e-04
2150,70451200,755.50,93250,25.2240,163,557.4328,0.039732,78.313614,0.054681,1.591435e-04
2151,70483968,757.08,93099,25.2110,163,557.1608,0.031077,48.040207,0.059910,1.590780e-04
2152,70516736,757.41,93102,25.3940,163,560.9852,0.043051,53.769405,0.053295,1.590125e-04
2153,70549504,757.74,93105,25.4760,163,562.7192,-0.036865,37.457848,0.052406,1.589469e-04
2154,70582272,758.06,93108,25.4300,163,561.7413,0.017390,62.191753,0.056667,1.588814e-04
2155,70615040,758.39,93111,25.2780,163,558.5784,0.026994,64.373383,0.053234,1.588158e-04
2156,70647808,758.72,93114,25.3290,163,559.6982,0.003807,59.064598,0.058516,1.587503e-04
2157,70680576,759.05,93117,25.5950,163,565.3756,0.089962,113.437233,0.059730,1.586847e-04
2158,70713344,759.37,93120,25.4610,163,562.5344,0.022236,62.073200,0.051403,1.586192e-04
2159,70746112,759.70,93123,25.4430,163,562.1647,-0.003674,13.296539,0.062524,1.585536e-04
2160,70778880,760.03,93126,25.4740,163,562.7741,-0.009543,47.285191,0.055393,1.584881e-04
2161,70811648,760.92,93061,25.5480,163,564.3552,0.004158,24.938477,0.051801,1.584225e-04
2162,70844416,761.24,93064,25.5610,163,564.6288,-0.055790,2.170264,0.060388,1.583570e-04
2163,70877184,761.57,93067,25.6400,163,566.2890,-0.007932,63.088890,0.049229,1.582915e-04
2164,70909952,761.90,93070,25.6950,163,567.4487,-0.002462,43.778122,0.059438,1.582259e-04
2165,70942720,762.22,93073,25.6540,163,566.5853,0.011740,35.914505,0.053383,1.581604e-04
2166,70975488,762.55,93076,25.6670,163,566.8743,-0.020457,47.702404,0.055133,1.580948e-04
2167,71008256,762.87,93079,25.7150,163,567.8897,-0.020807,26.100914,0.068826,1.580293e-04
2168,71041024,763.20,93083,25.5550,163,564.5353,0.111609,103.016953,0.058067,1.579637e-04
2169,71073792,763.53,93086,25.3480,163,560.1898,0.005871,27.395393,0.059288,1.578982e-04
2170,71106560,763.85,93089,25.3480,163,560.1875,-0.018601,8.213204,0.058315,1.578326e-04
2171,71139328,764.92,93002,25.2980,163,559.0973,0.021860,56.170101,0.052906,1.577671e-04
2172,71172096,765.25,93005,25.1330,163,555.6510,-0.013232,27.430077,0.061121,1.577016e-04
2173,71204864,765.58,93008,25.2670,163,558.4265,0.034753,79.829285,0.063949,1.576360e-04
2174,71237632,765.90,93011,25.3050,163,559.2417,0.036792,49.905006,0.061466,1.575705e-04
2175,71270400,766.23,93014,25.3030,163,559.2459,0.020456,62.288292,0.061654,1.575049e-04
2176,71303168,766.56,93017,24.8170,163,548.9902,-0.012609,34.447720,0.060452,1.574394e-04
2177,71335936,766.88,93020,24.6390,163,545.2138,-0.029162,30.491314,0.046368,1.573738e-04
2178,71368704,767.21,93023,24.6570,163,545.6073,-0.001429,51.350178,0.055575,1.573083e-04
2179,71401472,767.53,93027,24.5730,163,543.8730,0.018670,53.186401,0.058053,1.572427e-04
2180,71434240,767.86,93030,24.8030,163,548.7036,-0.042388,20.711399,0.046498,1.571772e-04
2181,71467008,769.37,92890,24.8830,163,550.3988,-0.005955,28.461878,0.045530,1.571116e-04
2182,71499776,769.70,92893,24.7050,163,546.6557,0.070133,53.794155,0.052503,1.570461e-04
2183,71532544,770.02,92896,24.6930,163,546.4370,-0.010967,44.040009,0.060932,1.569806e-04
2184,71565312,770.35,92899,24.5120,163,542.5802,0.004567,51.078396,0.055776,1.569150e-04
2185,71598080,770.68,92902,24.1760,163,535.4565,0.005327,59.706146,0.053242,1.568495e-04
2186,71630848,771.01,92905,24.1620,163,535.1664,0.001183,67.578415,0.051643,1.567839e-04
2187,71663616,771.33,92908,24.1410,163,534.7102,-0.033297,20.474590,0.051965,1.567184e-04
2188,71696384,771.66,92911,24.0150,163,532.0901,0.008099,42.151779,0.065989,1.566528e-04
2189,71729152,771.99,92914,23.8230,163,528.0492,-0.072121,20.375439,0.052958,1.565873e-04
2190,71761920,772.32,92917,23.8580,163,528.8032,-0.049069,4.244760,0.064417,1.565217e-04
2191,71794688,773.29,92842,23.6850,163,525.1648,-0.037248,19.644363,0.053463,1.564562e-04
2192,71827456,773.62,92845,23.5370,163,522.0785,0.034029,45.623547,0.061833,1.563906e-04
2193,71860224,773.95,92848,23.5230,163,521.7751,-0.008104,14.828946,0.064208,1.563251e-04
2194,71892992,774.28,92851,23.3450,163,518.0355,-0.030787,29.533577,0.059961,1.562596e-04
2195,71925760,774.60,92854,23.3010,163,517.1903,-0.011105,23.348209,0.054300,1.561940e-04
2196,71958528,774.93,92858,23.2400,163,515.9387,-0.008934,28.558855,0.058250,1.561285e-04
2197,71991296,775.26,92861,23.2460,163,516.0595,-0.027542,8.891715,0.068166,1.560629e-04
2198,72024064,775.58,92864,23.3310,163,517.7957,0.009816,33.859348,0.053277,1.559974e-04
2199,72056832,775.91,92867,23.4050,163,519.3511,0.028884,59.900982,0.053374,1.559318e-04
2200,72089600,776.24,92870,23.5270,163,521.9203,0.047128,67.072319,0.053829,1.558663e-04
2201,72122368,777.48,92764,23.7640,163,526.9065,-0.032782,15.382520,0.062106,1.558007e-04
2202,72155136,777.80,92767,23.6830,163,525.2336,-0.034396,19.084507,0.055992,1.557352e-04
2203,72187904,778.13,92771,23.5760,163,523.0025,-0.040478,8.769077,0.048567,1.556697e-04
2204,72220672,778.45,92774,23.5780,163,523.0531,0.035428,32.725853,0.065711,1.556041e-04
2205,72253440,778.78,92777,23.4730,163,520.8609,-0.055067,0.616304,0.057354,1.555386e-04
2206,72286208,779.11,92780,23.6040,163,523.6117,-0.021956,26.442783,0.056643,1.554730e-04
2207,72318976,779.43,92783,23.6230,163,524.0500,-0.000555,39.250584,0.057414,1.554075e-04
2208,72351744,779.76,92787,24.0370,163,532.6976,-0.032829,83.982132,0.058363,1.553419e-04
2209,72384512,780.09,92790,24.0590,163,533.1742,0.006359,67.699944,0.064660,1.552764e-04
2210,72417280,780.41,92793,23.9670,163,531.2011,-0.029374,24.973284,0.044599,1.552108e-04
2211,72450048,781.30,92730,23.8710,163,529.1263,-0.010316,42.339088,0.050812,1.551453e-04
2212,72482816,781.63,92733,23.6810,163,525.1759,0.001405,59.014061,0.053851,1.550797e-04
2213,72515584,781.96,92736,23.5890,163,523.2967,0.004384,56.717041,0.063120,1.550142e-04
2214,72548352,782.28,92739,23.6690,163,525.0352,-0.018688,15.628948,0.058824,1.549487e-04
2215,72581120,782.61,92742,23.7080,163,525.8740,0.011175,46.924702,0.046577,1.548831e-04
2216,72613888,782.94,92745,23.6210,163,524.0497,0.005706,45.739002,0.057076,1.548176e-04
2217,72646656,783.27,92748,23.7360,163,526.4846,-0.044761,13.342688,0.059027,1.547520e-04
2218,72679424,783.60,92751,23.7820,163,527.3893,-0.011992,70.419739,0.061041,1.546865e-04
2219,72712192,783.93,92754,23.8410,163,528.5717,-0.025053,32.677853,0.054443,1.546209e-04
2220,72744960,784.25,92757,23.7100,163,525.8394,-0.024944,30.583567,0.051815,1.545554e-04
2221,72777728,785.60,92639,23.7010,163,525.6578,-0.024622,25.793289,0.054668,1.544898e-04
2222,72810496,785.93,92642,23.6260,163,524.0843,-0.023285,3.476277,0.055277,1.544243e-04
2223,72843264,786.25,92646,23.3630,163,518.5020,0.012898,41.801819,0.070237,1.543588e-04
2224,72876032,786.58,92649,23.2970,163,517.1713,-0.012626,36.365036,0.052499,1.542932e-04
2225,72908800,786.94,92647,23.4140,163,519.6311,-0.029716,8.680729,0.055602,1.542277e-04
2226,72941568,787.27,92650,23.7960,163,527.6188,-0.032932,18.076902,0.059550,1.541621e-04
2227,72974336,787.60,92653,23.6810,162,525.1634,-0.002008,60.437283,0.054210,1.540966e-04
2228,73007104,787.93,92656,23.6800,162,525.2053,-0.020771,12.174280,0.056686,1.540310e-04
2229,73039872,788.26,92659,23.7580,162,526.8218,-0.024307,15.014772,0.053664,1.539655e-04
2230,73072640,788.59,92662,23.8110,162,527.9511,-0.013550,44.090374,0.050178,1.538999e-04
2231,73105408,789.71,92572,24.0520,162,533.0186,0.050028,65.119553,0.050567,1.538344e-04
2232,73138176,790.04,92575,23.8320,162,528.4176,0.002672,62.136505,0.046624,1.537688e-04
2233,73170944,790.37,92578,23.9300,162,530.4959,-0.027311,25.231388,0.066547,1.537033e-04
2234,73203712,790.69,92581,23.8660,162,529.0926,0.000335,52.073708,0.070267,1.536378e-04
2235,73236480,791.02,92584,23.7250,162,526.0451,0.008901,42.368866,0.056953,1.535722e-04
2236,73269248,791.35,92588,23.6680,162,524.8661,0.028159,43.790295,0.043807,1.535067e-04
2237,73302016,791.67,92591,23.8530,162,528.8000,0.064773,84.382416,0.053237,1.534411e-04
2238,73334784,792.00,92594,23.8790,162,529.3719,0.030810,39.645954,0.056317,1.533756e-04
2239,73367552,792.33,92597,23.9140,162,530.0863,-0.023667,23.824623,0.047584,1.533100e-04
2240,73400320,792.65,92600,23.8280,162,528.3218,-0.001438,25.783962,0.066364,1.532445e-04
2241,73433088,794.24,92457,23.5050,162,521.5391,-0.001356,26.541550,0.066339,1.531789e-04
2242,73465856,794.56,92460,23.5100,162,521.6626,0.000638,24.056229,0.057426,1.531134e-04
2243,73498624,794.89,92463,23.5650,162,522.7963,0.020258,61.364994,0.051786,1.530478e-04
2244,73531392,795.22,92467,23.8260,162,528.3066,0.019448,60.171131,0.064489,1.529823e-04
2245,73564160,795.54,92470,23.8800,162,529.4436,-0.004771,26.957056,0.067721,1.529168e-04
2246,73596928,795.87,92473,23.9410,162,530.7047,-0.020436,23.470604,0.051800,1.528512e-04
2247,73629696,796.19,92477,23.9950,162,531.7763,-0.031257,20.154331,0.051780,1.527857e-04
2248,73662464,796.52,92480,23.8510,162,528.8114,-0.017119,25.506783,0.058122,1.527201e-04
2249,73695232,796.84,92484,23.7880,162,527.4805,0.011431,45.950546,0.051661,1.526546e-04
2250,73728000,797.16,92487,23.9040,162,529.9588,0.092867,104.649620,0.044794,1.525890e-04
2251,73760768,798.74,92346,23.9110,162,530.1386,0.012043,28.670433,0.060239,1.525235e-04
2252,73793536,799.06,92350,23.9120,162,530.1255,0.045492,84.330460,0.052279,1.524579e-04
2253,73826304,799.38,92354,23.8690,162,529.2365,0.011909,35.765030,0.043876,1.523924e-04
2254,73859072,799.70,92358,23.8900,162,529.6908,-0.026288,29.093399,0.049805,1.523269e-04
2255,73891840,800.03,92361,23.7660,162,527.0538,0.044185,76.879028,0.066193,1.522613e-04
2256,73924608,800.35,92364,23.4930,162,521.2755,0.036982,61.152931,0.056346,1.521958e-04
2257,73957376,800.68,92368,23.4710,162,520.8358,0.008364,37.089962,0.058723,1.521302e-04
2258,73990144,801.01,92371,23.5560,162,522.6319,-0.006728,59.626068,0.065127,1.520647e-04
2259,74022912,801.33,92374,23.3720,162,518.7331,0.038141,88.915771,0.064414,1.519991e-04
2260,74055680,801.66,92378,23.4950,162,521.3400,0.017243,68.274193,0.055988,1.519336e-04
2261,74088448,802.72,92296,23.5150,162,521.7165,0.053080,79.406403,0.056156,1.518680e-04
2262,74121216,803.04,92300,23.3210,162,517.6509,0.013958,43.933830,0.062237,1.518025e-04
2263,74153984,803.37,92303,23.4560,162,520.4339,-0.020192,17.807362,0.052748,1.517369e-04
2264,74186752,803.69,92307,23.2890,162,516.9597,-0.007628,57.062447,0.053089,1.516714e-04
2265,74219520,804.02,92310,23.2770,162,516.6782,-0.029861,27.811333,0.059871,1.516059e-04
2266,74252288,804.34,92314,23.2250,162,515.6227,-0.058678,10.337870,0.069962,1.515403e-04
2267,74285056,804.67,92317,23.2990,162,517.2122,0.009921,50.754021,0.067964,1.514748e-04
2268,74317824,804.99,92321,23.4180,162,519.7425,0.018380,43.619328,0.058850,1.514092e-04
2269,74350592,805.32,92324,23.2460,162,516.0425,0.053775,99.248444,0.057917,1.513437e-04
2270,74383360,805.64,92328,23.0760,162,512.4132,-0.003341,66.887497,0.059366,1.512781e-04
2271,74416128,806.65,92253,23.0120,162,511.0831,-0.008201,32.798000,0.064759,1.512126e-04
2272,74448896,806.97,92257,23.0520,162,511.9547,-0.014491,43.764122,0.051054,1.511470e-04
2273,74481664,807.30,92260,23.1490,162,513.9952,0.012345,56.545464,0.055398,1.510815e-04
2274,74514432,807.62,92263,23.1170,162,513.3262,-0.001253,49.684402,0.060316,1.510159e-04
2275,74547200,807.95,92267,23.0180,162,511.2917,0.006966,55.367867,0.051616,1.509504e-04
2276,74579968,808.27,92271,22.9820,162,510.5089,-0.003104,19.260080,0.059772,1.508849e-04
2277,74612736,808.59,92274,23.0330,162,511.5309,0.004605,51.308029,0.056092,1.508193e-04
2278,74645504,808.92,92278,23.0540,162,512.0255,0.003382,56.351112,0.055408,1.507538e-04
2279,74678272,809.24,92281,22.9080,162,508.9351,-0.009317,32.140297,0.041857,1.506882e-04
2280,74711040,809.57,92285,23.1330,162,513.7215,0.003574,67.036789,0.053305,1.506227e-04
2281,74743808,810.30,92242,23.0390,162,511.7564,-0.032908,29.406082,0.052531,1.505571e-04
2282,74776576,810.63,92245,22.9460,162,509.8517,0.014853,65.083427,0.040665,1.504916e-04
2283,74809344,810.95,92248,22.9180,162,509.2408,0.016984,55.477242,0.068451,1.504260e-04
2284,74842112,811.27,92252,22.8770,162,508.4034,0.038303,69.687645,0.044428,1.503605e-04
2285,74874880,811.60,92255,22.8690,162,508.2108,0.024503,54.351887,0.055638,1.502950e-04
2286,74907648,811.92,92259,22.8350,162,507.4531,0.015619,61.853271,0.066415,1.502294e-04
2287,74940416,812.25,92263,22.7720,162,506.0748,-0.000133,46.817986,0.054625,1.501639e-04
2288,74973184,812.90,92228,22.7190,162,504.8913,-0.052235,34.632816,0.047267,1.500983e-04
2289,75005952,813.23,92232,22.8430,162,507.4217,0.010531,62.151085,0.047296,1.500328e-04
2290,75038720,813.55,92235,22.7900,162,506.3094,-0.048527,8.024680,0.074582,1.499672e-04
2291,75071488,814.88,92125,22.6500,162,503.3372,0.004555,25.356022,0.064051,1.499017e-04
2292,75104256,815.21,92128,22.2520,162,494.9875,-0.009002,60.893791,0.046964,1.498361e-04
2293,75137024,815.54,92132,22.3610,162,497.2696,-0.044001,7.064905,0.062623,1.497706e-04
2294,75169792,815.86,92135,22.5880,162,502.0329,0.004846,38.798893,0.054892,1.497050e-04
2295,75202560,816.19,92139,22.4760,162,499.7212,0.007985,51.084736,0.050467,1.496395e-04
2296,75235328,816.51,92142,22.4870,162,499.9043,-0.018130,43.846466,0.061833,1.495740e-04
2297,75268096,816.84,92145,22.0790,162,491.2806,-0.006359,24.738546,0.071362,1.495084e-04
2298,75300864,817.16,92149,22.0570,162,490.8152,-0.014354,25.342615,0.049901,1.494429e-04
2299,75333632,817.49,92152,22.1080,162,491.9370,0.059760,70.783157,0.060350,1.493773e-04
2300,75366400,817.81,92156,22.1210,162,492.1995,-0.023974,29.962429,0.060569,1.493118e-04
2301,75399168,819.17,92043,22.1080,162,491.9957,-0.003096,54.989639,0.061438,1.492462e-04
2302,75431936,819.49,92047,22.0900,162,491.6365,-0.029055,28.262123,0.063156,1.491807e-04
2303,75464704,819.82,92050,22.1470,162,492.8511,0.000005,38.209232,0.054797,1.491151e-04
2304,75497472,820.14,92053,22.1320,162,492.4738,-0.001548,31.889090,0.049206,1.490496e-04
2305,75530240,820.47,92057,22.0130,162,489.9888,-0.040420,23.136568,0.060071,1.489841e-04
2306,75563008,820.80,92060,22.0210,162,490.1529,0.004458,41.208996,0.053246,1.489185e-04
2307,75595776,821.12,92063,22.0170,162,490.0619,0.017319,86.403740,0.066643,1.488530e-04
2308,75628544,821.45,92066,21.8180,162,485.8934,-0.009973,50.554031,0.058145,1.487874e-04
2309,75661312,821.78,92070,21.8910,162,487.4124,-0.008732,39.313740,0.049784,1.487219e-04
2310,75694080,822.10,92073,21.8950,162,487.4317,0.036860,63.511162,0.059606,1.486563e-04
2311,75726848,823.68,91937,21.7060,162,483.4313,0.042345,79.348541,0.057535,1.485908e-04
2312,75759616,824.01,91940,21.6900,162,483.1426,0.000581,36.961201,0.060593,1.485252e-04
2313,75792384,824.33,91944,21.7330,162,484.0316,-0.021517,19.293957,0.053890,1.484597e-04
2314,75825152,824.66,91947,21.5350,162,479.8160,-0.006383,44.872417,0.055152,1.483941e-04
2315,75857920,824.98,91950,21.2320,162,473.4220,-0.022561,45.399292,0.062905,1.483286e-04
2316,75890688,825.31,91954,21.0560,162,469.7238,-0.008563,41.935184,0.057512,1.482631e-04
2317,75923456,825.64,91957,21.0820,162,470.2430,0.003230,37.217274,0.059170,1.481975e-04
2318,75956224,825.96,91960,20.9880,162,468.2478,-0.033854,21.954136,0.075682,1.481320e-04
2319,75988992,826.29,91964,20.6930,162,462.0110,-0.020563,22.133839,0.063867,1.480664e-04
2320,76021760,826.61,91967,20.9040,162,466.4338,0.023894,63.907612,0.060151,1.480009e-04
2321,76054528,827.51,91907,20.8450,162,465.2299,-0.016545,30.831882,0.054909,1.479353e-04
2322,76087296,827.84,91910,20.9490,162,467.4775,0.021098,78.880798,0.070781,1.478698e-04
2323,76120064,828.17,91913,21.0290,162,469.1623,-0.003805,53.510990,0.053639,1.478042e-04
2324,76152832,828.50,91916,20.9490,162,467.5276,-0.009247,28.169302,0.058575,1.477387e-04
2325,76185600,828.83,91919,20.7750,162,463.8781,-0.005459,16.501518,0.057778,1.476731e-04
2326,76218368,829.15,91923,20.7860,162,464.1035,-0.042878,7.273850,0.048593,1.476076e-04
2327,76251136,829.48,91926,20.7850,162,464.0826,0.056656,31.688673,0.062545,1.475421e-04
2328,76283904,829.80,91930,20.8330,162,465.1134,-0.040488,12.019951,0.054075,1.474765e-04
2329,76316672,830.12,91934,20.9410,162,467.3771,0.045009,75.016182,0.066992,1.474110e-04
2330,76349440,830.45,91937,21.0050,162,468.7526,-0.003294,20.954391,0.063058,1.473454e-04
2331,76382208,831.52,91858,20.8790,162,466.0575,0.002875,85.954979,0.052174,1.472799e-04
2332,76414976,831.85,91861,20.7180,162,462.6356,0.004586,43.560562,0.059833,1.472143e-04
2333,76447744,832.17,91865,20.6790,162,461.8011,0.025215,46.750641,0.064118,1.471488e-04
2334,76480512,832.50,91868,20.4670,162,457.2944,-0.017298,32.968773,0.055186,1.470832e-04
2335,76513280,832.85,91869,20.2710,162,453.1827,-0.014351,30.549137,0.056090,1.470177e-04
2336,76546048,833.17,91872,20.2090,162,451.8504,0.016540,52.197994,0.051994,1.469522e-04
2337,76578816,833.50,91875,20.0990,162,449.5179,-0.002386,65.924736,0.062172,1.468866e-04
2338,76611584,833.83,91879,19.9850,162,447.1167,-0.008345,31.812082,0.065219,1.468211e-04
2339,76644352,834.16,91882,20.1010,162,449.5545,-0.002777,44.060863,0.058435,1.467555e-04
2340,76677120,834.49,91885,20.2760,162,453.2254,0.040586,80.801109,0.067998,1.466900e-04
2341,76709888,835.88,91770,20.2780,162,453.2207,0.017859,70.836777,0.060313,1.466244e-04
2342,76742656,836.21,91774,20.1840,162,451.2614,0.050609,80.178398,0.055596,1.465589e-04
2343,76775424,836.54,91777,20.1920,162,451.4232,0.007189,49.149471,0.064685,1.464933e-04
2344,76808192,836.87,91780,20.3790,162,455.3354,-0.059583,18.208181,0.055245,1.464278e-04
2345,76840960,837.19,91784,20.4440,162,456.7198,-0.032765,27.593355,0.061686,1.463622e-04
2346,76873728,837.52,91787,20.2960,162,453.6072,-0.063642,9.662641,0.057842,1.462967e-04
2347,76906496,837.85,91790,20.3660,162,455.0654,0.002970,14.635889,0.053606,1.462312e-04
2348,76939264,838.18,91793,20.3370,162,454.4061,-0.033940,33.052307,0.056687,1.461656e-04
2349,76972032,838.50,91797,20.2720,162,453.0346,-0.020523,27.018547,0.061814,1.461001e-04
2350,77004800,838.83,91800,20.3090,162,453.7805,0.002599,26.610825,0.069217,1.460345e-04
2351,77037568,839.75,91738,19.9880,162,446.9556,0.043714,77.612381,0.059895,1.459690e-04
2352,77070336,840.08,91742,19.8940,162,444.9774,-0.003390,46.288803,0.064152,1.459034e-04
2353,77103104,840.40,91745,20.0040,162,447.2841,0.000439,56.567635,0.063096,1.458379e-04
2354,77135872,840.73,91749,19.9850,162,446.8951,0.010982,72.754723,0.055871,1.457723e-04
2355,77168640,841.05,91752,20.0500,162,448.2595,0.022584,68.373314,0.063626,1.457068e-04
2356,77201408,841.38,91755,20.1240,162,449.8318,-0.005925,51.439068,0.049941,1.456412e-04
2357,77234176,841.71,91759,19.9700,162,446.6075,-0.024450,12.673285,0.052879,1.455757e-04
2358,77266944,842.03,91762,19.6760,162,440.4211,0.020255,66.633698,0.049418,1.455102e-04
2359,77299712,842.36,91765,19.6150,162,439.1346,-0.062231,20.457302,0.058564,1.454446e-04
2360,77332480,842.69,91769,19.5330,162,437.3496,-0.024318,35.868393,0.047247,1.453791e-04
2361,77365248,844.04,91661,19.6550,162,439.9698,0.016535,76.233124,0.049986,1.453135e-04
2362,77398016,844.36,91664,19.6080,162,439.0027,-0.022157,21.700979,0.053459,1.452480e-04
2363,77430784,844.69,91667,19.5440,162,437.6507,0.030130,50.185093,0.060816,1.451824e-04
2364,77463552,845.02,91670,19.5160,162,437.1511,-0.047441,29.581324,0.056669,1.451169e-04
2365,77496320,845.34,91674,19.5540,162,437.9651,-0.001544,60.146496,0.055678,1.450513e-04
2366,77529088,845.67,91677,19.5720,162,438.3661,0.019825,53.692005,0.054883,1.449858e-04
2367,77561856,845.99,91681,19.3580,162,433.8517,-0.027812,26.858631,0.055666,1.449203e-04
2368,77594624,846.32,91684,19.4740,162,436.3401,0.022223,55.038147,0.046448,1.448547e-04
2369,77627392,846.65,91688,19.5170,162,437.2542,0.090193,60.517628,0.053351,1.447892e-04
2370,77660160,846.97,91691,19.4240,162,435.3071,-0.027090,22.375961,0.056386,1.447236e-04
2371,77692928,847.85,91634,19.5700,162,438.4378,-0.014932,48.807247,0.058453,1.446581e-04
2372,77725696,848.19,91637,19.6190,162,439.5383,0.019602,61.607056,0.056171,1.445925e-04
2373,77758464,848.51,91641,19.5820,162,438.7597,-0.028982,23.911959,0.054255,1.445270e-04
2374,77791232,848.84,91644,19.7250,162,441.7785,0.008529,37.250313,0.058554,1.444614e-04
2375,77824000,849.16,91647,19.7250,162,441.7923,-0.052196,31.078907,0.051224,1.443959e-04
2376,77856768,849.49,91651,19.4280,162,435.5224,0.011212,58.918766,0.050612,1.443303e-04
2377,77889536,849.81,91654,19.3150,162,433.1758,-0.014265,43.941444,0.052186,1.442648e-04
2378,77922304,850.14,91658,19.2240,162,431.2662,0.037002,37.497288,0.054556,1.441993e-04
2379,77955072,850.46,91662,19.2890,162,432.6910,-0.022784,21.903671,0.057344,1.441337e-04
2380,77987840,850.78,91665,19.2420,162,431.7179,-0.001394,29.916412,0.051341,1.440682e-04
2381,78020608,852.04,91569,19.1140,162,429.0129,-0.006135,40.635708,0.055837,1.440026e-04
2382,78053376,852.37,91572,18.9980,162,426.5870,-0.007069,32.483055,0.054281,1.439371e-04
2383,78086144,852.69,91575,18.9490,162,425.5360,0.031781,62.525471,0.058601,1.438715e-04
2384,78118912,853.02,91579,18.9030,162,424.5120,-0.024642,29.249359,0.055626,1.438060e-04
2385,78151680,853.35,91582,19.0730,162,428.0385,-0.016961,21.860300,0.055794,1.437404e-04
2386,78184448,853.67,91586,19.0460,162,427.4459,-0.020777,20.923132,0.050827,1.436749e-04
2387,78217216,853.99,91589,19.0250,162,427.0392,-0.012450,33.220360,0.060948,1.436094e-04
2388,78249984,854.32,91593,18.8880,162,424.1635,0.024007,49.598362,0.067653,1.435438e-04
2389,78282752,854.64,91597,18.9600,162,425.6753,0.010507,42.376999,0.049998,1.434783e-04
2390,78315520,854.96,91600,18.9350,162,425.1223,0.000980,19.289265,0.040398,1.434127e-04
2391,78348288,856.54,91470,18.9780,162,426.0548,0.041599,49.446918,0.056896,1.433472e-04
2392,78381056,856.87,91473,19.1320,162,429.3238,0.027202,51.082977,0.056294,1.432816e-04
2393,78413824,857.19,91477,19.2210,162,431.1629,0.003568,31.318600,0.066019,1.432161e-04
2394,78446592,857.52,91481,19.1380,162,429.4663,0.025859,38.403709,0.045918,1.431505e-04
2395,78479360,857.84,91484,19.1100,162,428.9364,-0.010387,47.736961,0.054492,1.430850e-04
2396,78512128,858.17,91488,19.1300,162,429.3506,-0.024862,12.593603,0.065899,1.430194e-04
2397,78544896,858.49,91491,19.1500,162,429.7786,-0.020659,44.391838,0.076316,1.429539e-04
2398,78577664,858.82,91495,19.0520,162,427.7262,-0.026978,22.623796,0.049737,1.428884e-04
2399,78610432,859.14,91499,19.1610,162,430.0197,-0.022680,21.410267,0.053527,1.428228e-04
2400,78643200,859.46,91502,19.1140,162,429.0447,-0.019259,31.373249,0.066240,1.427573e-04
2401,78675968,861.04,91373,19.3870,162,434.7650,0.068054,86.823738,0.049407,1.426917e-04
2402,78708736,861.37,91376,19.5250,162,437.6905,-0.046320,13.923530,0.052723,1.426262e-04
2403,78741504,861.69,91380,19.4410,162,435.9938,0.007412,50.617447,0.062656,1.425606e-04
2404,78774272,862.02,91383,19.4790,162,436.8116,-0.003676,39.873123,0.065406,1.424951e-04
2405,78807040,862.34,91386,19.6750,162,440.9533,-0.033619,21.011000,0.047698,1.424295e-04
2406,78839808,862.67,91390,19.5050,162,437.3738,0.013495,57.279888,0.064459,1.423640e-04
2407,78872576,863.00,91393,19.4720,162,436.6723,-0.035664,16.955700,0.050029,1.422984e-04
2408,78905344,863.33,91396,19.4320,162,435.8319,0.030399,58.551567,0.052681,1.422329e-04
2409,78938112,863.65,91400,19.6070,162,439.4936,-0.033918,12.813917,0.062295,1.421674e-04
2410,78970880,863.98,91403,19.5040,162,437.3228,0.023620,18.135420,0.056042,1.421018e-04
2411,79003648,865.15,91318,19.5670,162,438.6872,-0.021161,34.614815,0.066972,1.420363e-04
2412,79036416,865.47,91321,19.8910,162,445.5187,-0.003799,23.161942,0.063074,1.419707e-04
2413,79069184,865.80,91324,20.0910,162,449.7130,-0.039006,33.941612,0.055648,1.419052e-04
2414,79101952,866.13,91328,20.3040,162,454.1413,0.032773,58.122311,0.062819,1.418396e-04
2415,79134720,866.46,91331,20.3880,162,455.8444,-0.062733,21.387417,0.048379,1.417741e-04
2416,79167488,866.78,91334,20.2010,162,451.9460,0.021739,82.514870,0.055477,1.417085e-04
2417,79200256,867.11,91338,20.2170,162,452.2277,0.009394,24.474903,0.054644,1.416430e-04
2418,79233024,867.44,91341,20.1080,162,449.9860,-0.035918,23.263420,0.053213,1.415775e-04
2419,79265792,867.76,91344,20.0250,162,448.2243,0.032962,69.266541,0.058943,1.415119e-04
2420,79298560,868.09,91348,20.0720,162,449.1935,-0.001150,26.511354,0.067006,1.414464e-04
2421,79331328,868.96,91294,20.1670,162,451.1792,0.002857,16.164471,0.062333,1.413808e-04
2422,79364096,869.29,91297,20.2160,162,452.2293,-0.018356,39.398682,0.057665,1.413153e-04
2423,79396864,869.62,91300,20.0190,162,448.0481,0.009720,58.658508,0.058857,1.412497e-04
2424,79429632,869.95,91304,20.2990,162,453.9485,-0.046924,25.506775,0.062378,1.411842e-04
2425,79462400,870.27,91307,20.5150,162,458.4557,0.019802,75.945465,0.063138,1.411186e-04
2426,79495168,870.61,91309,20.3780,162,455.4976,-0.018312,17.605127,0.049029,1.410531e-04
2427,79527936,870.94,91313,20.3070,162,454.0296,-0.022898,41.146111,0.060914,1.409875e-04
2428,79560704,871.26,91316,20.1870,162,451.4955,0.024531,41.605591,0.062001,1.409220e-04
2429,79593472,871.59,91319,20.2750,162,453.3599,-0.037175,26.543306,0.066014,1.408565e-04
2430,79626240,871.92,91322,20.4500,162,457.0855,-0.038292,27.336277,0.062962,1.407909e-04
2431,79659008,873.16,91231,20.4610,162,457.3252,-0.056873,13.566515,0.059861,1.407254e-04
2432,79691776,873.48,91234,20.2370,162,452.6507,0.046721,63.903378,0.059902,1.406598e-04
2433,79724544,873.81,91237,20.2800,162,453.5315,0.013857,47.674065,0.058579,1.405943e-04
2434,79757312,874.14,91241,20.4850,163,457.8539,-0.036228,40.244308,0.056620,1.405287e-04
2435,79790080,874.47,91244,20.5710,163,459.6612,0.020454,61.612247,0.068012,1.404632e-04
2436,79822848,874.79,91247,20.5300,163,458.8107,-0.006238,28.128540,0.059393,1.403976e-04
2437,79855616,875.12,91250,20.5280,163,458.7940,-0.016712,24.669168,0.055506,1.403321e-04
2438,79888384,875.45,91254,20.3990,163,456.0887,-0.011802,31.330185,0.060717,1.402666e-04
2439,79921152,875.78,91257,20.4350,163,456.8571,0.085750,77.660492,0.068193,1.402010e-04
2440,79953920,876.10,91260,20.5080,163,458.4162,0.013107,63.585262,0.055060,1.401355e-04
2441,79986688,877.69,91133,20.4400,163,456.9613,0.013883,51.316532,0.066820,1.400699e-04
2442,80019456,878.01,91136,20.5160,163,458.5987,0.021723,68.595253,0.061415,1.400044e-04
2443,80052224,878.34,91140,20.5460,163,459.2554,0.037100,48.542305,0.053392,1.399388e-04
2444,80084992,878.67,91143,20.6350,163,461.1540,0.044200,31.179821,0.051515,1.398733e-04
2445,80117760,879.00,91146,20.6350,163,461.1439,0.087948,80.185974,0.053408,1.398077e-04
2446,80150528,879.33,91149,20.5460,163,459.3265,-0.017093,21.125698,0.051854,1.397422e-04
2447,80183296,879.66,91153,20.6830,163,462.1895,-0.014947,14.224546,0.062093,1.396766e-04
2448,80216064,879.98,91156,20.6590,163,461.6592,-0.034570,3.541487,0.075294,1.396111e-04
2449,80248832,880.31,91159,20.8360,163,465.3467,-0.025237,22.353748,0.054957,1.395456e-04
2450,80281600,880.64,91163,20.9770,163,468.2847,0.021570,42.944534,0.044649,1.394800e-04
2451,80314368,882.22,91036,21.0990,163,470.7751,0.004431,39.649830,0.064334,1.394145e-04
2452,80347136,882.55,91039,21.2580,163,474.1189,-0.002679,29.656939,0.054484,1.393489e-04
2453,80379904,882.88,91042,21.2720,163,474.4513,0.023160,61.198067,0.053123,1.392834e-04
2454,80412672,883.21,91046,21.2790,163,474.5716,0.008094,36.795143,0.059516,1.392178e-04
2455,80445440,883.53,91049,21.2080,163,473.0715,-0.006972,41.049973,0.062148,1.391523e-04
2456,80478208,883.86,91053,21.3310,163,475.6759,0.006176,51.745533,0.061801,1.390867e-04
2457,80510976,884.19,91056,21.2550,163,474.0138,-0.020069,16.997320,0.055075,1.390212e-04
2458,80543744,884.51,91059,21.2960,163,474.8326,-0.033165,35.706551,0.053116,1.389556e-04
2459,80576512,884.84,91063,21.4150,163,477.3106,-0.010494,25.183147,0.070974,1.388901e-04
2460,80609280,885.17,91066,21.5050,163,479.1488,-0.004909,34.071964,0.059153,1.388246e-04
2461,80642048,886.76,90939,21.6920,163,483.0846,-0.033005,28.400801,0.064035,1.387590e-04
2462,80674816,887.09,90943,21.7400,163,484.0683,0.008967,43.536732,0.057972,1.386935e-04
2463,80707584,887.41,90946,21.9080,163,487.5732,0.030732,52.596542,0.054306,1.386279e-04
2464,80740352,887.74,90950,22.1350,163,492.3253,-0.045879,22.415947,0.057857,1.385624e-04
2465,80773120,888.07,90953,22.0610,163,490.7398,0.059632,106.562248,0.064709,1.384968e-04
2466,80805888,888.40,90957,22.1850,163,493.3478,-0.003692,48.917728,0.068772,1.384313e-04
2467,80838656,888.72,90960,22.2350,163,494.3763,0.024705,49.842373,0.058806,1.383657e-04
2468,80871424,889.05,90964,22.0780,163,491.0903,0.006823,47.925632,0.068796,1.383002e-04
2469,80904192,889.38,90967,22.0480,163,490.4580,-0.003688,19.192495,0.059418,1.382347e-04
2470,80936960,889.70,90970,22.0340,163,490.1339,0.021148,38.730247,0.060041,1.381691e-04
2471,80969728,891.29,90845,21.9790,163,488.9826,-0.020512,13.040558,0.055396,1.381036e-04
2472,81002496,891.62,90848,22.0240,163,489.9317,0.014287,50.512146,0.062516,1.380380e-04
2473,81035264,891.95,90852,22.1280,163,492.1485,-0.020321,20.447350,0.051630,1.379725e-04
2474,81068032,892.27,90855,22.1180,163,491.8917,0.014159,49.954140,0.049758,1.379069e-04
2475,81100800,892.60,90859,22.2370,163,494.4021,0.004183,38.162838,0.057668,1.378414e-04
2476,81133568,892.92,90862,22.4330,163,498.4879,-0.008512,17.857548,0.053660,1.377758e-04
2477,81166336,893.25,90866,22.4030,163,497.8641,0.037150,78.202065,0.063997,1.377103e-04
2478,81199104,893.58,90869,22.4320,163,498.4704,0.035189,44.863392,0.051969,1.376447e-04
2479,81231872,893.90,90873,22.3750,163,497.2738,-0.016532,27.948477,0.051145,1.375792e-04
2480,81264640,894.23,90876,22.2680,163,495.0546,0.034635,88.346405,0.050213,1.375137e-04
2481,81297408,895.82,90752,22.4380,163,498.6562,-0.038611,14.628069,0.060280,1.374481e-04
2482,81330176,896.14,90755,22.5850,163,501.7260,-0.005568,22.228249,0.058544,1.373826e-04
2483,81362944,896.47,90758,22.6080,163,502.1960,0.008272,40.883705,0.065645,1.373170e-04
2484,81395712,896.80,90762,22.8230,163,506.7566,0.046517,58.499443,0.056156,1.372515e-04
2485,81428480,897.13,90765,22.8730,163,507.8365,0.026273,28.226847,0.058594,1.371859e-04
2486,81461248,897.46,90769,23.0340,163,511.1967,0.035134,46.243958,0.060780,1.371204e-04
2487,81494016,897.78,90772,22.9850,163,510.1809,-0.020285,33.795113,0.054990,1.370548e-04
2488,81526784,898.11,90775,23.0740,163,512.1187,-0.024138,38.949215,0.063615,1.369893e-04
2489,81559552,898.44,90779,23.0620,163,511.8440,-0.014155,22.412788,0.066856,1.369237e-04
2490,81592320,898.77,90782,23.1020,163,512.6582,0.015760,24.736652,0.061167,1.368582e-04
2491,81625088,900.35,90659,23.0880,163,512.4130,-0.017749,38.655022,0.059680,1.367927e-04
2492,81657856,900.68,90662,23.0380,163,511.3734,0.016996,46.841293,0.064343,1.367271e-04
2493,81690624,901.01,90665,23.1160,163,513.0168,0.024128,39.916607,0.066527,1.366616e-04
2494,81723392,901.34,90669,23.1280,163,513.2887,-0.014049,33.079773,0.061734,1.365960e-04
2495,81756160,901.67,90672,23.1540,163,513.8840,0.016917,41.194153,0.057558,1.365305e-04
2496,81788928,901.99,90675,23.1860,163,514.5258,-0.011604,38.223549,0.058744,1.364649e-04
2497,81821696,902.32,90679,23.0040,163,510.6897,-0.038290,28.331490,0.055140,1.363994e-04
2498,81854464,902.65,90682,22.9540,163,509.5721,0.002587,21.900383,0.057058,1.363338e-04
2499,81887232,902.97,90686,22.9550,163,509.5797,-0.002452,30.206133,0.066200,1.362683e-04
2500,81920000,903.30,90689,23.0480,163,511.5205,0.021425,38.042225,0.061281,1.362028e-04
2501,81952768,904.88,90567,23.0140,163,510.8110,0.035172,55.566315,0.056887,1.361372e-04
2502,81985536,905.21,90571,23.0120,163,510.7931,-0.020574,29.698959,0.062679,1.360717e-04
2503,82018304,905.53,90574,23.0790,163,512.1702,0.029295,101.531212,0.048715,1.360061e-04
2504,82051072,905.86,90578,23.1190,163,512.9985,-0.010816,20.382446,0.049833,1.359406e-04
2505,82083840,906.19,90581,23.1740,163,514.1836,-0.062669,12.676355,0.049470,1.358750e-04
2506,82116608,906.52,90584,23.1010,163,512.6429,-0.003957,22.883801,0.055831,1.358095e-04
2507,82149376,906.84,90588,22.9180,163,508.7291,0.025329,31.726088,0.060742,1.357439e-04
2508,82182144,907.17,90591,22.8540,163,507.3482,0.042676,68.531471,0.055294,1.356784e-04
2509,82214912,907.50,90595,22.8160,163,506.5366,-0.010635,29.185282,0.061287,1.356128e-04
2510,82247680,907.83,90598,22.8480,163,507.2664,-0.022653,49.651554,0.047557,1.355473e-04
2511,82280448,908.73,90544,22.8070,163,506.4145,0.052123,56.793213,0.044223,1.354818e-04
2512,82313216,909.05,90548,22.8280,163,506.9416,0.043375,56.020348,0.055252,1.354162e-04
2513,82345984,909.38,90551,22.8810,163,508.0525,0.023988,33.172394,0.062136,1.353507e-04
2514,82378752,909.71,90554,22.9990,163,510.5407,0.045961,27.968847,0.056682,1.352851e-04
2515,82411520,910.04,90558,23.0530,163,511.7217,-0.046885,10.954070,0.054605,1.352196e-04
2516,82444288,910.37,90561,23.1210,163,513.1434,0.021092,56.831421,0.076953,1.351540e-04
2517,82477056,910.69,90565,23.2180,163,515.2314,-0.011229,42.202179,0.051948,1.350885e-04
2518,82509824,911.02,90568,23.1650,163,514.1307,0.000401,32.892094,0.056399,1.350229e-04
2519,82542592,911.35,90572,23.0750,163,512.2661,-0.027839,35.936913,0.064292,1.349574e-04
2520,82575360,911.68,90575,23.1520,163,513.9209,0.010614,54.615280,0.048886,1.348919e-04
2521,82608128,913.12,90467,23.0780,163,512.3759,-0.051420,9.357130,0.061748,1.348263e-04
2522,82640896,913.45,90470,22.8840,163,508.3167,-0.049976,9.253990,0.056665,1.347608e-04
2523,82673664,913.78,90474,22.8410,163,507.4514,-0.012943,42.665638,0.048075,1.346952e-04
2524,82706432,914.11,90477,22.9090,163,508.9078,0.040734,60.524582,0.054701,1.346297e-04
2525,82739200,914.43,90481,22.7490,163,505.5545,0.022080,37.934242,0.051543,1.345641e-04
2526,82771968,914.76,90484,22.9140,163,509.0042,-0.038208,17.301468,0.060980,1.344986e-04
2527,82804736,915.09,90488,22.9890,163,510.5504,0.013199,53.152710,0.058914,1.344330e-04
2528,82837504,915.42,90491,23.0560,163,511.9545,0.044102,90.939644,0.054431,1.343675e-04
2529,82870272,915.74,90495,23.1800,163,514.6060,-0.038373,30.174557,0.075351,1.343019e-04
2530,82903040,916.07,90498,23.4300,163,519.8265,-0.029568,15.258949,0.065917,1.342364e-04
2531,82935808,917.66,90377,23.5100,163,521.4838,-0.021315,14.966591,0.065266,1.341709e-04
2532,82968576,917.99,90381,23.3280,163,517.6584,0.023972,52.211456,0.060491,1.341053e-04
2533,83001344,918.31,90384,23.2930,163,516.9141,-0.050066,8.333826,0.051583,1.340398e-04
2534,83034112,918.64,90388,23.2470,162,515.9424,0.037540,19.312859,0.055560,1.339742e-04
2535,83066880,918.97,90391,23.3060,162,517.1421,-0.024603,35.692348,0.045189,1.339087e-04
2536,83099648,919.29,90395,23.4180,162,519.4875,-0.012592,18.520531,0.073597,1.338431e-04
2537,83132416,919.62,90398,23.6040,162,523.3297,-0.025514,32.344055,0.067011,1.337776e-04
2538,83165184,919.95,90402,23.7010,162,525.3754,-0.007217,34.422672,0.060898,1.337120e-04
2539,83197952,920.27,90405,23.6990,162,525.3660,-0.027672,23.171703,0.054480,1.336465e-04
2540,83230720,920.60,90409,23.6560,162,524.4727,0.042681,51.378574,0.065582,1.335809e-04
2541,83263488,922.18,90289,23.7120,162,525.6530,-0.020608,17.622986,0.057531,1.335154e-04
2542,83296256,922.51,90293,23.8710,161,529.0134,0.023892,85.580940,0.054185,1.334499e-04
2543,83329024,922.83,90296,24.1830,161,535.5698,0.053648,61.420738,0.049893,1.333843e-04
2544,83361792,923.16,90300,24.1340,161,534.4872,0.071445,92.690033,0.055659,1.333188e-04
2545,83394560,923.49,90303,24.0680,161,533.0791,0.042842,63.003304,0.063253,1.332532e-04
2546,83427328,923.82,90307,23.8770,161,529.0543,0.013549,27.515026,0.058576,1.331877e-04
2547,83460096,924.14,90310,23.5980,161,523.1950,-0.018462,51.639297,0.048258,1.331221e-04
2548,83492864,924.47,90314,23.6390,161,524.1232,0.012641,40.968834,0.054836,1.330566e-04
2549,83525632,924.80,90317,23.6290,161,523.9727,-0.010649,49.113037,0.065933,1.329910e-04
2550,83558400,925.13,90320,23.6580,161,524.5723,-0.009493,45.342590,0.055352,1.329255e-04
2551,83591168,926.03,90268,23.7820,161,527.2395,-0.031256,35.190441,0.062423,1.328600e-04
2552,83623936,926.36,90271,23.7340,161,526.2311,-0.030786,39.191563,0.052328,1.327944e-04
2553,83656704,926.69,90274,23.5750,161,522.8705,-0.032001,22.201332,0.053736,1.327289e-04
2554,83689472,927.02,90278,23.6190,161,523.8011,-0.053156,25.216585,0.042341,1.326633e-04
2555,83722240,927.34,90281,23.4640,161,520.5295,-0.006915,43.370743,0.044988,1.325978e-04
2556,83755008,927.67,90285,23.5050,161,521.3957,-0.014765,22.623943,0.056618,1.325322e-04
2557,83787776,928.00,90288,23.4820,161,520.9334,-0.029453,19.968311,0.050703,1.324667e-04
2558,83820544,928.33,90291,23.4590,161,520.4666,0.016071,21.580057,0.059929,1.324011e-04
2559,83853312,928.66,90295,23.4180,161,519.5842,0.012254,23.447208,0.062554,1.323356e-04
2560,83886080,928.98,90298,23.4580,161,520.4230,-0.005512,36.105495,0.062083,1.322700e-04
2561,83918848,930.57,90179,23.2370,161,515.7749,0.003365,49.983788,0.062576,1.322045e-04
2562,83951616,930.90,90183,23.0140,161,511.1203,-0.054670,17.444780,0.065598,1.321390e-04
2563,83984384,931.22,90187,23.2450,161,515.9630,-0.006052,47.351833,0.058175,1.320734e-04
2564,84017152,931.55,90190,23.1940,161,514.8826,-0.024741,22.422520,0.061516,1.320079e-04
2565,84049920,931.88,90193,23.0230,161,511.2753,0.022302,30.984440,0.061194,1.319423e-04
2566,84082688,932.21,90197,23.1020,161,512.9141,-0.022076,21.493225,0.061378,1.318768e-04
2567,84115456,932.54,90200,23.0270,161,511.3235,-0.040810,13.103186,0.049285,1.318112e-04
2568,84148224,932.86,90204,23.0640,161,512.0586,-0.072961,11.010213,0.049100,1.317457e-04
2569,84180992,933.19,90207,23.2600,161,516.1895,-0.013953,28.112827,0.046839,1.316801e-04
2570,84213760,933.52,90210,23.4380,161,519.9076,-0.002072,42.776524,0.059403,1.316146e-04
2571,84246528,935.11,90092,23.5490,161,522.2576,-0.006368,16.375399,0.048605,1.315490e-04
2572,84279296,935.44,90096,23.6500,161,524.3302,0.009246,58.414330,0.049597,1.314835e-04
2573,84312064,935.76,90099,23.8780,163,529.1703,-0.040856,26.500566,0.057999,1.314180e-04
2574,84344832,936.09,90103,23.8970,163,529.5999,-0.044356,10.126622,0.074094,1.313524e-04
2575,84377600,936.42,90106,23.7310,163,526.1320,-0.003194,64.622124,0.053416,1.312869e-04
2576,84410368,936.74,90110,23.7820,163,527.1110,0.001368,59.090179,0.057268,1.312213e-04
2577,84443136,937.07,90113,23.9650,163,530.9507,0.008602,51.847084,0.054225,1.311558e-04
2578,84475904,937.40,90117,24.0120,163,531.9591,-0.027223,27.926720,0.052227,1.310902e-04
2579,84508672,937.72,90121,23.6890,163,525.1072,-0.037145,34.230606,0.054961,1.310247e-04
2580,84541440,938.05,90124,23.7870,163,527.1657,-0.038627,20.144365,0.058111,1.309591e-04
2581,84574208,939.64,90006,23.5790,163,522.7436,-0.028455,22.549294,0.061582,1.308936e-04
2582,84606976,939.97,90010,23.4460,163,519.9296,-0.059264,16.521870,0.061869,1.308281e-04
2583,84639744,940.30,90013,23.2990,163,516.8178,-0.013368,29.450865,0.059513,1.307625e-04
2584,84672512,940.63,90016,23.2050,163,514.8043,-0.040876,23.218840,0.058805,1.306970e-04
2585,84705280,940.96,90020,23.1610,163,513.8539,0.024736,42.995182,0.049476,1.306314e-04
2586,84738048,941.29,90023,23.5170,163,521.3107,0.034609,60.125816,0.065563,1.305659e-04
2587,84770816,941.61,90027,23.5710,163,522.4402,0.013232,18.762753,0.057438,1.305003e-04
2588,84803584,941.94,90030,23.5330,163,521.6492,-0.009093,20.524101,0.067008,1.304348e-04
2589,84836352,942.27,90033,23.5940,163,522.9041,-0.015048,44.975109,0.059076,1.303692e-04
2590,84869120,942.60,90037,23.3930,163,518.6262,0.040381,61.291039,0.055789,1.303037e-04
2591,84901888,943.81,89956,23.3360,163,517.4562,-0.012625,32.659081,0.044954,1.302381e-04
2592,84934656,944.14,89960,23.3880,163,518.6576,-0.022683,35.636608,0.063383,1.301726e-04
2593,84967424,944.46,89963,23.4790,163,520.6061,-0.010787,38.527935,0.052982,1.301071e-04
2594,85000192,944.79,89967,23.3700,163,518.3053,0.030244,39.354950,0.051193,1.300415e-04
2595,85032960,945.12,89970,23.2530,163,515.8186,-0.008571,33.171516,0.056387,1.299760e-04
2596,85065728,945.44,89974,23.1890,163,514.4910,-0.005563,29.104271,0.040921,1.299104e-04
2597,85098496,945.77,89978,23.2160,163,515.0481,0.094011,81.428574,0.050042,1.298449e-04
2598,85131264,946.10,89981,23.2920,163,516.6815,-0.006390,47.602417,0.050730,1.297793e-04
2599,85164032,946.43,89984,23.1340,163,513.3570,-0.049105,17.312651,0.058532,1.297138e-04
2600,85196800,946.75,89988,23.1200,163,513.0305,0.032553,50.472240,0.057474,1.296482e-04
2601,85229568,948.31,89875,22.9250,163,508.9259,0.007257,52.715324,0.063257,1.295827e-04
2602,85262336,948.64,89878,22.8760,163,507.9187,0.033227,54.299183,0.052342,1.295172e-04
2603,85295104,948.97,89882,22.8930,163,508.2757,0.030301,51.454586,0.048510,1.294516e-04
2604,85327872,949.29,89885,22.9300,163,509.0264,-0.028136,16.953014,0.049197,1.293861e-04
2605,85360640,949.62,89889,22.9800,163,510.0719,-0.034597,13.703358,0.058555,1.293205e-04
2606,85393408,949.95,89892,22.8550,163,507.4493,0.012578,38.279266,0.061019,1.292550e-04
2607,85426176,950.27,89896,22.6560,163,503.2308,-0.021852,21.556234,0.057902,1.291894e-04
2608,85458944,950.60,89900,22.6600,163,503.2914,-0.013016,18.669125,0.058662,1.291239e-04
2609,85491712,950.92,89903,22.5570,163,501.0727,-0.004407,68.044243,0.063935,1.290583e-04
2610,85524480,951.25,89907,22.4740,163,499.2884,-0.027929,6.826150,0.057232,1.289928e-04
2611,85557248,952.38,89835,22.5380,163,500.6189,-0.000355,53.528419,0.054941,1.289272e-04
2612,85590016,952.71,89838,22.4990,163,499.7758,0.014865,39.127407,0.058438,1.288617e-04
2613,85622784,953.03,89842,22.5550,163,500.9193,0.061470,45.615658,0.054472,1.287962e-04
2614,85655552,953.36,89846,22.5480,163,500.7714,-0.029867,1.805055,0.057393,1.287306e-04
2615,85688320,953.68,89849,22.6390,163,502.6645,-0.035050,15.183237,0.060716,1.286651e-04
2616,85721088,954.01,89853,22.6820,163,503.5426,-0.018828,18.922184,0.063680,1.285995e-04
2617,85753856,954.34,89857,22.7590,163,505.1440,0.035265,25.600965,0.061108,1.285340e-04
2618,85786624,954.66,89860,22.7200,163,504.3014,0.037100,39.788589,0.058958,1.284684e-04
2619,85819392,954.99,89864,22.7810,163,505.5744,0.008078,42.061779,0.070618,1.284029e-04
2620,85852160,955.32,89867,22.8370,163,506.7307,-0.028340,14.079275,0.077674,1.283373e-04
2621,85884928,956.66,89775,23.0490,163,511.1772,0.034761,61.537754,0.048734,1.282718e-04
2622,85917696,956.99,89779,23.1110,163,512.4316,-0.009841,35.859913,0.075454,1.282062e-04
2623,85950464,957.32,89782,23.1950,163,514.2247,0.011813,35.289520,0.054463,1.281407e-04
2624,85983232,957.64,89786,23.1080,163,512.4023,-0.028540,22.677393,0.056307,1.280752e-04
2625,86016000,957.97,89789,22.9480,163,509.0654,0.030435,63.841385,0.049904,1.280096e-04
2626,86048768,958.30,89793,23.0980,163,512.2258,0.035067,60.006817,0.054795,1.279441e-04
2627,86081536,958.62,89797,23.1270,163,512.7494,-0.033549,14.864681,0.057861,1.278785e-04
2628,86114304,958.95,89800,22.8080,163,506.0498,-0.040662,30.994034,0.052109,1.278130e-04
2629,86147072,959.28,89804,22.9900,163,509.8737,0.114002,111.509079,0.051186,1.277474e-04
2630,86179840,959.60,89807,23.1000,163,512.2488,-0.067951,34.470982,0.077498,1.276819e-04
2631,86212608,960.92,89718,23.1160,163,512.5664,-0.023696,10.148723,0.048817,1.276163e-04
2632,86245376,961.25,89722,22.9630,163,509.3724,-0.022999,43.838116,0.054178,1.275508e-04
2633,86278144,961.58,89725,22.9090,163,508.2482,-0.007760,65.566444,0.050045,1.274853e-04
2634,86310912,961.98,89722,22.8830,163,507.6592,-0.008324,35.562195,0.065901,1.274197e-04
2635,86343680,962.30,89725,22.9190,163,508.4099,-0.012350,35.367706,0.051239,1.273542e-04
2636,86376448,962.63,89729,22.7880,163,505.6377,-0.026668,9.964624,0.054613,1.272886e-04
2637,86409216,962.96,89733,22.9240,163,508.5195,0.034830,56.580704,0.066276,1.272231e-04
2638,86441984,963.28,89736,22.6390,163,502.5456,0.023838,33.950310,0.057655,1.271575e-04
2639,86474752,963.61,89740,22.4230,163,497.9692,-0.002420,36.624283,0.045029,1.270920e-04
2640,86507520,963.93,89744,22.4410,163,498.3417,-0.032017,14.393875,0.058875,1.270264e-04
2641,86540288,965.51,89631,22.6170,163,502.0664,0.018214,51.749084,0.058776,1.269609e-04
2642,86573056,965.84,89635,22.6320,163,502.3750,0.041802,45.455204,0.062949,1.268953e-04
2643,86605824,966.16,89638,22.8680,163,507.2923,0.074478,80.152649,0.056941,1.268298e-04
2644,86638592,966.49,89642,22.9800,163,509.6541,0.005723,53.507740,0.055484,1.267643e-04
2645,86671360,966.82,89646,22.9530,163,509.0305,-0.041686,42.877159,0.056832,1.266987e-04
2646,86704128,967.14,89649,22.9860,163,509.7093,-0.033614,7.375194,0.069866,1.266332e-04
2647,86736896,967.47,89653,23.0280,163,510.5904,-0.014454,57.819077,0.045793,1.265676e-04
2648,86769664,967.80,89656,22.8440,163,506.7326,0.059823,69.389267,0.058145,1.265021e-04
2649,86802432,968.13,89660,22.8070,163,505.9248,0.000679,50.137848,0.056963,1.264365e-04
2650,86835200,968.45,89663,22.9680,163,509.3404,-0.041185,13.448359,0.055150,1.263710e-04
2651,86867968,970.03,89552,22.9390,163,508.6875,0.014060,46.030567,0.056428,1.263054e-04
2652,86900736,970.35,89555,23.0650,163,511.3187,0.029992,36.906723,0.056099,1.262399e-04
2653,86933504,970.68,89559,23.2570,163,515.3984,-0.005326,27.268166,0.054434,1.261744e-04
2654,86966272,971.01,89563,23.2780,163,515.8595,-0.031689,20.245110,0.059100,1.261088e-04
2655,86999040,971.33,89566,23.3070,163,516.4668,0.075040,78.735672,0.053014,1.260433e-04
2656,87031808,971.66,89570,23.2540,163,515.2890,-0.014690,42.383991,0.046452,1.259777e-04
2657,87064576,971.99,89573,23.2960,163,516.1853,-0.003678,15.655602,0.051290,1.259122e-04
2658,87097344,972.32,89577,23.4670,163,519.7732,-0.026027,19.964579,0.062532,1.258466e-04
2659,87130112,972.64,89580,23.4620,163,519.6714,0.060092,70.761467,0.053357,1.257811e-04
2660,87162880,972.97,89584,23.2560,163,515.3503,-0.010700,30.919018,0.064449,1.257155e-04
2661,87195648,974.29,89496,23.1880,163,513.9025,-0.009599,24.860462,0.064554,1.256500e-04
2662,87228416,974.61,89500,23.1440,163,513.0136,-0.047967,12.805977,0.041040,1.255844e-04
2663,87261184,974.94,89504,23.0960,163,512.0391,0.001312,36.718151,0.070634,1.255189e-04
2664,87293952,975.27,89507,23.1940,163,514.1527,0.009610,30.732964,0.053623,1.254534e-04
2665,87326720,975.60,89511,23.3890,163,518.2557,-0.014330,17.885485,0.059933,1.253878e-04
2666,87359488,975.92,89514,23.2840,163,516.0676,-0.009857,34.602730,0.055397,1.253223e-04
2667,87392256,976.25,89518,23.2800,163,515.9960,-0.031216,19.078819,0.055667,1.252567e-04
2668,87425024,976.58,89522,23.2510,163,515.3719,-0.006183,11.396947,0.058695,1.251912e-04
2669,87457792,976.90,89525,23.3660,163,517.7720,-0.005053,23.774265,0.045947,1.251256e-04
2670,87490560,977.23,89529,23.0230,163,510.5784,0.023522,75.839432,0.053969,1.250601e-04
2671,87523328,978.73,89425,22.7210,163,504.1562,0.022132,46.481693,0.061129,1.249945e-04
2672,87556096,979.06,89428,22.7490,163,504.7206,-0.025164,21.765434,0.046585,1.249290e-04
2673,87588864,979.39,89432,22.6460,163,502.5481,0.006151,38.356518,0.047762,1.248634e-04
2674,87621632,979.71,89436,22.8490,163,506.8564,0.014847,29.924496,0.055745,1.247979e-04
2675,87654400,980.04,89439,22.8410,163,506.6653,-0.054491,15.946587,0.058924,1.247324e-04
2676,87687168,980.36,89443,22.8470,163,506.8254,0.041975,75.532448,0.060279,1.246668e-04
2677,87719936,980.69,89447,22.8870,163,507.6742,0.066339,73.642052,0.059344,1.246013e-04
2678,87752704,981.02,89450,22.8470,163,506.8437,-0.025935,18.415781,0.052759,1.245357e-04
2679,87785472,981.34,89454,22.8490,163,506.8829,-0.031522,12.153220,0.044957,1.244702e-04
2680,87818240,981.67,89458,22.8930,163,507.8217,0.017612,52.613476,0.056303,1.244046e-04
2681,87851008,982.70,89397,22.9930,163,509.8555,0.001723,59.263447,0.055927,1.243391e-04
2682,87883776,983.03,89400,23.0340,163,510.7113,0.044664,46.274788,0.069265,1.242735e-04
2683,87916544,983.36,89404,23.0530,163,511.1343,-0.006698,19.263168,0.056193,1.242080e-04
2684,87949312,983.68,89408,23.2060,163,514.3781,0.000064,32.746269,0.053892,1.241425e-04
2685,87982080,984.01,89411,23.3330,163,517.0682,-0.011150,13.810558,0.068122,1.240769e-04
2686,88014848,984.34,89415,23.4620,163,519.7652,-0.010137,36.157368,0.055284,1.240114e-04
2687,88047616,984.66,89418,23.3890,163,518.2042,-0.006172,22.517353,0.067105,1.239458e-04
2688,88080384,984.99,89422,23.5730,163,522.0696,0.013685,34.038185,0.060482,1.238803e-04
2689,88113152,985.32,89426,23.4670,163,519.7682,0.035690,69.754715,0.063828,1.238147e-04
2690,88145920,985.64,89429,23.7220,163,525.0889,0.029515,72.723808,0.062784,1.237492e-04
2691,88178688,987.23,89319,23.7340,163,525.3474,0.076929,54.051025,0.051146,1.236836e-04
2692,88211456,987.55,89323,23.8740,163,528.2559,0.020761,69.531822,0.045385,1.236181e-04
2693,88244224,987.88,89326,23.9170,163,529.1274,0.014682,30.751759,0.073931,1.235525e-04
2694,88276992,988.21,89330,23.6520,163,523.5254,0.032430,82.024193,0.064662,1.234870e-04
2695,88309760,988.53,89334,23.6030,163,522.5197,0.012892,33.162067,0.077091,1.234215e-04
2696,88342528,988.86,89337,23.6160,163,522.7329,-0.016766,47.183533,0.048574,1.233559e-04
2697,88375296,989.19,89341,23.7760,163,526.0990,0.013709,49.237114,0.060143,1.232904e-04
2698,88408064,989.51,89345,23.9070,163,528.8385,-0.005825,52.312973,0.047834,1.232248e-04
2699,88440832,989.84,89348,23.9660,163,530.0714,-0.022331,47.297081,0.055737,1.231593e-04
2700,88473600,990.17,89352,24.0660,163,532.1637,-0.018466,34.649738,0.062685,1.230937e-04
2701,88506368,991.23,89289,24.0310,163,531.4355,-0.032244,24.173603,0.050807,1.230282e-04
2702,88539136,991.56,89292,24.1420,163,533.7557,0.045820,30.189222,0.052919,1.229626e-04
2703,88571904,991.88,89296,23.9710,163,530.1507,-0.009796,21.643232,0.058070,1.228971e-04
2704,88604672,992.21,89300,24.0240,163,531.2709,-0.047702,25.768255,0.044933,1.228315e-04
2705,88637440,992.54,89303,23.8640,163,527.8878,0.017404,45.693275,0.054752,1.227660e-04
2706,88670208,992.87,89307,24.0650,163,532.1173,-0.019182,29.020414,0.052497,1.227005e-04
2707,88702976,993.19,89310,24.0690,163,532.2083,-0.060678,19.133442,0.055011,1.226349e-04
2708,88735744,993.52,89314,24.0750,163,532.3348,-0.021574,15.240767,0.067870,1.225694e-04
2709,88768512,993.85,89318,24.1000,163,532.8747,-0.041592,8.973722,0.061769,1.225038e-04
2710,88801280,994.17,89321,24.1890,163,534.7467,-0.012956,37.947105,0.054392,1.224383e-04
2711,88834048,995.75,89212,24.1750,163,534.4241,0.050389,39.870037,0.062416,1.223727e-04
2712,88866816,996.08,89216,24.3480,163,538.0814,-0.001559,25.138531,0.063020,1.223072e-04
2713,88899584,996.40,89220,24.2070,163,535.1226,-0.006630,15.315643,0.065661,1.222416e-04
2714,88932352,996.73,89223,24.2630,163,536.2526,-0.014420,33.491428,0.062572,1.221761e-04
2715,88965120,997.06,89227,24.3240,163,537.4921,0.013027,37.838699,0.077014,1.221106e-04
2716,88997888,997.38,89231,24.2240,163,535.3840,0.012429,32.563576,0.058258,1.220450e-04
2717,89030656,997.71,89234,24.2540,163,535.9971,0.061067,51.369343,0.059400,1.219795e-04
2718,89063424,998.04,89238,24.2160,163,535.2098,0.017404,19.123343,0.057863,1.219139e-04
2719,89096192,998.36,89242,24.2300,163,535.4809,0.006548,33.637665,0.063577,1.218484e-04
2720,89128960,998.69,89245,24.2360,163,535.6357,0.058738,82.629120,0.051084,1.217828e-04
2721,89161728,1000.27,89137,24.3550,163,538.1250,0.033494,15.830938,0.063462,1.217173e-04
2722,89194496,1000.59,89141,24.2050,163,534.9614,0.067617,75.580032,0.057950,1.216517e-04
2723,89227264,1000.92,89145,24.2690,163,536.2552,0.045730,70.231140,0.072268,1.215862e-04
2724,89260032,1001.25,89148,24.1420,163,533.5538,-0.031648,15.105492,0.069133,1.215206e-04
2725,89292800,1001.58,89152,24.2430,163,535.6694,0.006277,30.617197,0.047282,1.214551e-04
2726,89325568,1001.91,89155,24.3110,163,537.0638,-0.023522,11.641958,0.050967,1.213896e-04
2727,89358336,1002.23,89159,24.2960,163,536.7455,0.006621,20.490772,0.055035,1.213240e-04
2728,89391104,1002.56,89162,24.2870,163,536.5078,-0.046659,23.214464,0.060006,1.212585e-04
2729,89423872,1002.89,89166,24.1210,163,533.0245,0.042590,59.961246,0.061690,1.211929e-04
2730,89456640,1003.22,89169,24.0080,163,530.6937,0.021412,33.378922,0.072314,1.211274e-04
2731,89489408,1004.29,89107,23.8820,163,528.0187,-0.011706,33.012783,0.060816,1.210618e-04
2732,89522176,1004.61,89110,23.9450,163,529.2932,0.024726,53.159290,0.064878,1.209963e-04
2733,89554944,1004.94,89114,23.9550,163,529.5125,0.044309,58.588371,0.059867,1.209307e-04
2734,89587712,1005.27,89118,23.9090,163,528.5649,0.004837,47.286694,0.057063,1.208652e-04
2735,89620480,1005.60,89121,24.0030,163,530.5270,-0.045418,12.228012,0.048594,1.207997e-04
2736,89653248,1005.92,89125,23.9110,163,528.6033,-0.016219,37.240295,0.061719,1.207341e-04
2737,89686016,1006.25,89128,23.9760,163,529.9690,0.000204,48.869053,0.066494,1.206686e-04
2738,89718784,1006.58,89132,24.4100,163,539.0768,-0.051164,16.075655,0.050784,1.206030e-04
2739,89751552,1006.91,89135,24.5560,163,542.1644,-0.020983,29.095829,0.063280,1.205375e-04
2740,89784320,1007.23,89139,24.5730,163,542.5253,0.048720,53.116295,0.047298,1.204719e-04
2741,89817088,1008.82,89032,24.7500,163,546.2634,-0.005149,37.402130,0.064519,1.204064e-04
2742,89849856,1009.14,89035,24.6170,163,543.4617,0.007775,44.758141,0.062512,1.203408e-04
2743,89882624,1009.47,89039,24.6480,163,544.1190,0.018594,67.321114,0.058867,1.202753e-04
2744,89915392,1009.80,89043,24.3950,163,538.8078,-0.050613,15.359754,0.056819,1.202097e-04
2745,89948160,1010.12,89046,24.2750,163,536.2704,0.020977,40.943382,0.060872,1.201442e-04
2746,89980928,1010.45,89050,24.3870,163,538.6634,-0.041662,16.311804,0.066753,1.200787e-04
2747,90013696,1010.77,89054,24.3160,163,537.1688,0.011671,46.950340,0.064914,1.200131e-04
2748,90046464,1011.10,89058,24.0660,163,531.9324,-0.000418,35.157944,0.039510,1.199476e-04
2749,90079232,1011.43,89061,24.1760,163,534.2427,-0.007154,18.935352,0.051578,1.198820e-04
2750,90112000,1011.75,89065,24.1060,163,532.7644,-0.013985,17.774006,0.051132,1.198165e-04
2751,90144768,1013.34,88957,24.1300,163,533.2351,-0.001589,16.101406,0.053742,1.197509e-04
2752,90177536,1013.67,88961,24.1100,163,532.8178,-0.029336,24.119251,0.052378,1.196854e-04
2753,90210304,1014.00,88965,24.1030,163,532.6521,-0.007773,34.673340,0.056135,1.196198e-04
2754,90243072,1014.32,88968,24.2130,163,534.9635,0.021951,41.264156,0.056334,1.195543e-04
2755,90275840,1014.65,88972,24.1330,163,533.2964,0.023112,35.646187,0.056826,1.194887e-04
2756,90308608,1014.98,88975,24.1720,163,534.1323,0.025525,24.511700,0.055834,1.194232e-04
2757,90341376,1015.30,88979,23.9950,163,530.3192,-0.037568,15.834602,0.051532,1.193577e-04
2758,90374144,1015.63,88983,24.1540,163,533.6901,-0.046051,12.358530,0.060850,1.192921e-04
2759,90406912,1015.96,88986,24.1030,163,532.6400,-0.019192,21.505054,0.067010,1.192266e-04
2760,90439680,1016.28,88990,24.1810,163,534.3160,0.048761,57.030502,0.070020,1.191610e-04
2761,90472448,1017.87,88884,24.2140,163,535.0092,0.023908,51.647209,0.045442,1.190955e-04
2762,90505216,1018.20,88887,24.2060,163,534.8458,-0.002500,20.506893,0.055228,1.190299e-04
2763,90537984,1018.53,88891,24.3010,163,536.8131,-0.009091,18.897570,0.055085,1.189644e-04
2764,90570752,1018.85,88894,24.4410,163,539.7409,0.083786,75.604729,0.058190,1.188988e-04
2765,90603520,1019.18,88898,24.7870,163,547.0065,-0.034651,50.244125,0.049243,1.188333e-04
2766,90636288,1019.51,88901,24.8790,163,548.9514,0.010390,40.113426,0.056943,1.187678e-04
2767,90669056,1019.84,88905,24.8830,163,548.9663,-0.006037,32.714813,0.058478,1.187022e-04
2768,90701824,1020.17,88908,24.7540,163,546.2471,-0.023536,34.614964,0.055676,1.186367e-04
2769,90734592,1020.50,88912,24.9050,163,549.4055,-0.013298,13.038578,0.060809,1.185711e-04
2770,90767360,1020.82,88915,24.9790,163,550.9000,0.039055,50.997864,0.059923,1.185056e-04
2771,90800128,1022.40,88810,24.9010,163,549.3098,0.006616,38.058670,0.055636,1.184400e-04
2772,90832896,1022.73,88814,24.6260,163,543.5442,-0.046229,15.333826,0.051700,1.183745e-04
2773,90865664,1023.06,88817,24.6560,163,544.1668,0.008331,28.811197,0.047900,1.183089e-04
2774,90898432,1023.39,88821,24.7030,163,545.1434,0.010052,40.946297,0.044953,1.182434e-04
2775,90931200,1023.71,88824,24.6460,163,543.9077,0.043107,31.726549,0.052520,1.181778e-04
2776,90963968,1024.04,88828,24.6540,163,544.1093,-0.008717,30.226250,0.047092,1.181123e-04
2777,90996736,1024.37,88831,24.8390,163,547.9981,0.029265,37.349316,0.073344,1.180468e-04
2778,91029504,1024.70,88835,24.5530,163,541.9910,0.020787,44.926407,0.058094,1.179812e-04
2779,91062272,1025.03,88838,24.7500,163,546.1836,0.008426,32.032608,0.056700,1.179157e-04
2780,91095040,1025.36,88842,24.7950,163,547.1403,0.041152,44.652195,0.060802,1.178501e-04
2781,91127808,1026.94,88737,24.8070,163,547.4144,-0.007229,8.616572,0.053547,1.177846e-04
2782,91160576,1027.27,88740,25.1290,163,554.2143,-0.022726,40.053596,0.063954,1.177190e-04
2783,91193344,1027.60,88744,25.2120,163,555.9740,0.025425,40.283463,0.054618,1.176535e-04
2784,91226112,1027.92,88747,25.3640,163,559.2114,-0.007012,55.548035,0.047380,1.175879e-04
2785,91258880,1028.25,88751,25.2520,163,556.9130,-0.033669,39.956806,0.061809,1.175224e-04
2786,91291648,1028.58,88754,25.1430,163,554.5891,0.031837,62.691795,0.056617,1.174568e-04
2787,91324416,1028.91,88758,25.1890,163,555.4451,0.034261,55.503273,0.052375,1.173913e-04
2788,91357184,1029.24,88762,25.2150,163,556.0307,-0.044598,18.836821,0.066805,1.173258e-04
2789,91389952,1029.56,88765,25.1150,163,553.9461,0.005406,56.467480,0.051944,1.172602e-04
2790,91422720,1029.89,88769,24.8080,163,547.5079,-0.011167,45.211891,0.052370,1.171947e-04
2791,91455488,1031.27,88682,24.7750,163,546.8133,0.073606,75.593040,0.064550,1.171291e-04
2792,91488256,1031.59,88686,24.6340,163,543.8557,0.062891,59.599640,0.060954,1.170636e-04
2793,91521024,1031.92,88690,24.5430,163,541.9648,0.041572,61.007469,0.063044,1.169980e-04
2794,91553792,1032.25,88693,24.4560,163,540.1023,0.001688,13.572256,0.056041,1.169325e-04
2795,91586560,1032.57,88697,24.7210,163,545.7094,0.003730,36.293064,0.057225,1.168669e-04
2796,91619328,1032.90,88700,24.7490,163,546.2738,0.074518,35.049942,0.073105,1.168014e-04
2797,91652096,1033.23,88704,24.7640,163,546.6095,0.043132,48.332451,0.064682,1.167359e-04
2798,91684864,1033.56,88708,24.7420,163,546.1835,-0.036019,23.114988,0.065012,1.166703e-04
2799,91717632,1033.88,88711,24.6850,163,544.9768,-0.000732,53.538227,0.058276,1.166048e-04
2800,91750400,1034.21,88715,24.7220,163,545.7360,0.009809,24.552509,0.069360,1.165392e-04
2801,91783168,1035.80,88611,24.9880,163,551.3241,0.020877,43.240967,0.052423,1.164737e-04
2802,91815936,1036.13,88614,25.0060,163,551.6595,0.043862,61.626740,0.072312,1.164081e-04
2803,91848704,1036.46,88617,24.7970,163,547.2508,0.053876,77.609772,0.062579,1.163426e-04
2804,91881472,1036.79,88621,24.8740,163,548.9360,0.014772,72.926079,0.065039,1.162770e-04
2805,91914240,1037.11,88625,24.7260,163,545.8351,-0.026674,3.492846,0.065984,1.162115e-04
2806,91947008,1037.44,88628,24.8320,163,548.0670,-0.023860,26.743591,0.051940,1.161459e-04
2807,91979776,1037.77,88632,24.8090,163,547.5651,0.007135,27.655298,0.049408,1.160804e-04
2808,92012544,1038.10,88635,24.9110,163,549.6992,-0.039684,24.445621,0.060548,1.160149e-04
2809,92045312,1038.43,88639,24.7790,163,546.8978,-0.073747,8.875283,0.073025,1.159493e-04
2810,92078080,1038.75,88642,24.7690,163,546.6804,-0.045505,9.910118,0.054078,1.158838e-04
2811,92110848,1040.34,88538,24.6280,163,543.7615,0.018858,49.014057,0.055428,1.158182e-04
2812,92143616,1040.67,88542,24.7810,163,546.9633,0.055166,38.106586,0.058922,1.157527e-04
2813,92176384,1041.00,88546,24.7870,163,547.0966,0.055875,66.084099,0.053856,1.156871e-04
2814,92209152,1041.33,88549,24.7170,163,545.6991,-0.006612,39.759613,0.052289,1.156216e-04
2815,92241920,1041.65,88553,24.6260,163,543.7937,0.018354,33.619869,0.062390,1.155560e-04
2816,92274688,1041.98,88557,24.6190,163,543.6403,-0.024540,11.545129,0.067182,1.154905e-04
2817,92307456,1042.31,88560,24.4470,163,540.0010,-0.010538,30.173409,0.060666,1.154250e-04
2818,92340224,1042.63,88564,24.6720,163,544.7775,0.012549,30.801714,0.061144,1.153594e-04
2819,92372992,1042.96,88568,24.7980,163,547.4744,-0.006688,40.390987,0.054901,1.152939e-04
2820,92405760,1043.29,88571,24.9740,163,551.1839,-0.038582,25.490139,0.055693,1.152283e-04
2821,92438528,1044.88,88468,25.0130,163,552.0296,-0.041893,17.722145,0.046718,1.151628e-04
2822,92471296,1045.21,88471,24.7000,163,545.4074,0.036018,52.169388,0.055927,1.150972e-04
2823,92504064,1045.53,88475,24.7210,163,545.8959,-0.020166,18.159531,0.059277,1.150317e-04
2824,92536832,1045.86,88479,24.6090,163,543.5298,-0.024001,20.009554,0.070800,1.149661e-04
2825,92569600,1046.19,88482,24.7950,163,547.4610,0.029426,71.675941,0.061387,1.149006e-04
2826,92602368,1046.52,88486,24.9250,163,550.2552,-0.019103,30.815041,0.059585,1.148350e-04
2827,92635136,1046.85,88489,25.1490,163,554.9087,-0.051899,13.097460,0.060743,1.147695e-04
2828,92667904,1047.17,88493,25.1440,163,554.8252,-0.021349,25.273560,0.074131,1.147040e-04
2829,92700672,1047.50,88496,25.0500,163,552.8763,-0.033784,46.559437,0.055231,1.146384e-04
2830,92733440,1047.83,88500,25.0430,163,552.7300,-0.015351,49.364525,0.066397,1.145729e-04
2831,92766208,1049.42,88397,24.9790,163,551.3843,-0.012322,43.825584,0.058178,1.145073e-04
2832,92798976,1049.75,88400,24.8540,163,548.6898,0.058579,58.288723,0.063593,1.144418e-04
2833,92831744,1050.08,88404,24.8700,163,549.0344,-0.025321,27.361889,0.065589,1.143762e-04
2834,92864512,1050.40,88408,24.7690,163,546.8891,0.029538,54.598312,0.060105,1.143107e-04
2835,92897280,1050.73,88411,24.8610,163,548.8418,0.003710,12.196622,0.045396,1.142451e-04
2836,92930048,1051.06,88415,24.9170,163,549.9735,-0.014289,36.545544,0.058338,1.141796e-04
2837,92962816,1051.39,88419,24.8770,163,549.0875,0.003937,59.929062,0.052147,1.141140e-04
2838,92995584,1051.72,88422,24.8520,163,548.5484,-0.050623,17.257687,0.058814,1.140485e-04
2839,93028352,1052.04,88426,24.8710,163,548.9549,0.042557,34.659931,0.065804,1.139830e-04
2840,93061120,1052.37,88429,24.4030,163,539.0942,0.035907,80.217918,0.041690,1.139174e-04
2841,93093888,1053.43,88372,24.1190,162,533.0187,0.010436,46.188297,0.056644,1.138519e-04
2842,93126656,1053.76,88375,24.1740,162,534.1912,0.008649,25.728249,0.063366,1.137863e-04
2843,93159424,1054.08,88379,24.2160,162,535.0588,-0.010052,21.962471,0.058699,1.137208e-04
2844,93192192,1054.41,88383,24.2020,162,534.7844,0.003007,36.595924,0.055105,1.136552e-04
2845,93224960,1054.74,88386,24.0080,162,530.6804,-0.011093,28.415585,0.060109,1.135897e-04
2846,93257728,1055.06,88390,24.0860,162,532.3399,-0.034063,8.548387,0.059935,1.135241e-04
2847,93290496,1055.39,88394,24.1470,162,533.6434,0.018541,25.588358,0.053711,1.134586e-04
2848,93323264,1055.72,88397,24.1710,162,534.1423,0.029363,54.863670,0.071295,1.133931e-04
2849,93356032,1056.05,88401,24.3080,162,537.0081,0.012178,63.541428,0.055232,1.133275e-04
2850,93388800,1056.37,88405,24.2630,162,536.0455,-0.044599,18.982445,0.058630,1.132620e-04
2851,93421568,1057.57,88336,24.4420,162,539.8248,-0.019942,45.703926,0.060140,1.131964e-04
2852,93454336,1057.90,88339,24.7220,162,545.7965,-0.045864,37.985611,0.049942,1.131309e-04
2853,93487104,1058.22,88343,24.5150,162,541.4099,0.012480,52.450539,0.047496,1.130653e-04
2854,93519872,1058.55,88347,24.5520,162,542.1773,0.001775,33.676098,0.060939,1.129998e-04
2855,93552640,1058.88,88350,24.5640,162,542.4595,0.009473,22.880562,0.056961,1.129342e-04
2856,93585408,1059.21,88354,24.5210,162,541.5005,-0.030712,22.185640,0.057876,1.128687e-04
2857,93618176,1059.53,88357,24.5340,162,541.7675,-0.011395,46.056919,0.053930,1.128031e-04
2858,93650944,1059.86,88361,24.4880,162,540.8136,0.014674,49.206085,0.056571,1.127376e-04
2859,93683712,1060.19,88365,24.4950,162,540.9583,-0.012325,28.964584,0.053041,1.126721e-04
2860,93716480,1060.52,88368,24.2510,162,535.8304,-0.060241,4.335776,0.048750,1.126065e-04
2861,93749248,1062.10,88268,24.2480,162,535.7721,0.004992,59.279118,0.055410,1.125410e-04
2862,93782016,1062.42,88271,24.2310,162,535.4037,-0.023460,1.905844,0.066289,1.124754e-04
2863,93814784,1062.75,88275,24.2310,162,535.3824,-0.033475,8.953344,0.049691,1.124099e-04
2864,93847552,1063.08,88279,24.0390,162,531.3513,-0.059525,7.697875,0.042986,1.123443e-04
2865,93880320,1063.41,88282,24.0310,162,531.2173,0.008045,41.497643,0.045316,1.122788e-04
2866,93913088,1063.73,88286,24.0830,162,532.3453,0.039160,59.682037,0.057225,1.122132e-04
2867,93945856,1064.06,88290,24.5830,162,542.8850,-0.008193,64.938919,0.050198,1.121477e-04
2868,93978624,1064.39,88293,24.5060,162,541.2616,-0.047145,9.653687,0.058053,1.120821e-04
2869,94011392,1064.71,88297,24.4490,162,540.0617,-0.007262,24.415096,0.054933,1.120166e-04
2870,94044160,1065.04,88301,24.3000,162,536.9732,-0.003721,38.215508,0.057226,1.119511e-04
2871,94076928,1066.63,88200,24.4150,162,539.3333,0.019000,62.326645,0.054767,1.118855e-04
2872,94109696,1066.96,88203,24.6440,162,544.1124,-0.023955,35.338417,0.062960,1.118200e-04
2873,94142464,1067.28,88207,24.8230,162,547.8452,0.003924,24.990292,0.055700,1.117544e-04
2874,94175232,1067.61,88211,24.7230,162,545.7966,0.027513,60.513062,0.051439,1.116889e-04
2875,94208000,1067.94,88214,24.7110,162,545.5029,-0.036185,21.294924,0.056702,1.116233e-04
2876,94240768,1068.27,88218,24.6930,162,545.1214,-0.011482,32.862465,0.053045,1.115578e-04
2877,94273536,1068.60,88221,24.5840,162,542.8350,0.006290,25.390661,0.060576,1.114922e-04
2878,94306304,1068.92,88225,24.4640,162,540.2995,-0.020895,44.039635,0.048253,1.114267e-04
2879,94339072,1069.25,88229,24.2520,162,535.8392,-0.014539,35.198830,0.054532,1.113612e-04
2880,94371840,1069.58,88232,24.0010,162,530.5663,-0.009728,35.607307,0.064398,1.112956e-04
2881,94404608,1071.16,88133,24.0170,162,530.8927,-0.025972,30.220968,0.048091,1.112301e-04
2882,94437376,1071.49,88136,24.0420,162,531.4628,0.037957,78.942841,0.047897,1.111645e-04
2883,94470144,1071.81,88140,24.0480,162,531.6336,0.036174,52.468254,0.052366,1.110990e-04
2884,94502912,1072.14,88144,23.9540,162,529.7183,-0.006029,44.806831,0.052048,1.110334e-04
2885,94535680,1072.47,88148,23.7410,162,525.2480,-0.027962,33.544071,0.055741,1.109679e-04
2886,94568448,1072.79,88151,23.7620,162,525.6723,0.065219,49.858707,0.059008,1.109023e-04
2887,94601216,1073.12,88155,23.7700,162,525.8389,0.001473,22.559774,0.045857,1.108368e-04
2888,94633984,1073.45,88158,23.9550,162,529.7467,0.015794,52.853558,0.058595,1.107712e-04
2889,94666752,1073.77,88162,23.9950,162,530.6583,0.046572,53.295387,0.061135,1.107057e-04
2890,94699520,1074.10,88166,23.8350,162,527.2981,0.008646,41.919991,0.052596,1.106402e-04
2891,94732288,1075.67,88067,23.8450,162,527.5139,-0.005824,10.896966,0.050978,1.105746e-04
2892,94765056,1076.00,88071,23.8750,162,528.1496,0.021151,40.892246,0.046143,1.105091e-04
2893,94797824,1076.33,88075,23.6620,162,523.6956,-0.033816,29.199047,0.057959,1.104435e-04
2894,94830592,1076.66,88078,23.6540,162,523.5408,0.054635,51.660877,0.047496,1.103780e-04
2895,94863360,1076.99,88082,23.6230,162,522.8637,-0.029100,13.589600,0.063880,1.103124e-04
2896,94896128,1077.31,88085,23.8220,162,527.0063,0.021509,32.433456,0.048573,1.102469e-04
2897,94928896,1077.64,88089,23.9920,162,530.5987,0.014906,17.763290,0.053623,1.101813e-04
2898,94961664,1077.97,88093,23.9700,162,530.1198,-0.003012,46.114334,0.051750,1.101158e-04
2899,94994432,1078.29,88097,24.0640,162,532.1303,0.012600,27.744370,0.049352,1.100503e-04
2900,95027200,1078.62,88100,24.0840,162,532.5520,0.019390,19.114725,0.056699,1.099847e-04
2901,95059968,1080.19,88002,23.7840,162,526.2578,-0.049473,8.348893,0.047380,1.099192e-04
2902,95092736,1080.52,88006,23.7800,162,526.1873,-0.039289,14.426476,0.066548,1.098536e-04
2903,95125504,1080.85,88009,23.8400,162,527.4567,-0.018964,73.211510,0.043813,1.097881e-04
2904,95158272,1081.18,88013,24.0490,162,531.8655,-0.027944,31.458891,0.056314,1.097225e-04
2905,95191040,1081.50,88017,23.8260,162,527.1558,-0.004676,40.534317,0.054363,1.096570e-04
2906,95223808,1081.83,88020,23.9490,162,529.8244,0.027730,48.079449,0.051995,1.095914e-04
2907,95256576,1082.16,88024,23.8950,162,528.6624,0.005749,31.050306,0.053218,1.095259e-04
2908,95289344,1082.49,88028,24.0050,162,530.9750,0.004711,52.837280,0.054929,1.094603e-04
2909,95322112,1082.81,88032,24.1020,162,533.0243,0.025897,45.557156,0.052750,1.093948e-04
2910,95354880,1083.14,88035,24.0500,162,531.8952,0.030624,40.835907,0.048890,1.093293e-04
2911,95387648,1084.72,87937,24.0120,162,531.1138,0.012823,31.893641,0.048113,1.092637e-04
2912,95420416,1085.05,87941,23.9480,162,529.7236,0.022080,33.416767,0.056584,1.091982e-04
2913,95453184,1085.38,87944,24.2080,162,535.1523,-0.002930,53.484695,0.055295,1.091326e-04
2914,95485952,1085.70,87948,24.3090,162,537.2985,0.026664,68.281906,0.069112,1.090671e-04
2915,95518720,1086.03,87952,24.5300,162,541.9768,0.021118,50.081463,0.067613,1.090015e-04
2916,95551488,1086.36,87955,24.0740,162,532.4492,-0.033790,22.277958,0.061613,1.089360e-04
2917,95584256,1086.68,87959,23.9030,162,528.8121,-0.022242,39.430790,0.048692,1.088704e-04
2918,95617024,1087.01,87963,24.0190,162,531.3061,0.019856,36.723236,0.058620,1.088049e-04
2919,95649792,1087.34,87967,23.8670,162,528.1014,-0.058350,10.024166,0.064002,1.087393e-04
2920,95682560,1087.66,87970,23.9940,162,530.7700,-0.027968,36.781273,0.059775,1.086738e-04
2921,95715328,1089.09,87885,23.8050,162,526.8079,0.059712,68.784370,0.042782,1.086083e-04
2922,95748096,1089.42,87889,23.5180,162,520.8236,0.007699,51.555817,0.045406,1.085427e-04
2923,95780864,1089.74,87893,23.3690,162,517.6269,0.006240,30.607124,0.053685,1.084772e-04
2924,95813632,1090.07,87896,23.4110,162,518.5654,0.012971,55.063087,0.071343,1.084116e-04
2925,95846400,1090.40,87900,23.3670,162,517.6363,-0.025211,22.532816,0.052889,1.083461e-04
2926,95879168,1090.72,87904,23.4150,162,518.5969,-0.009772,47.018059,0.047321,1.082805e-04
2927,95911936,1091.05,87907,23.2730,162,515.6264,0.018442,69.150024,0.046672,1.082150e-04
2928,95944704,1091.38,87911,23.2940,162,516.0220,0.008023,26.705988,0.059763,1.081494e-04
2929,95977472,1091.71,87915,23.3330,162,516.8326,-0.011140,21.582260,0.053414,1.080839e-04
2930,96010240,1092.03,87918,23.3710,162,517.6687,-0.033497,4.464580,0.054947,1.080184e-04
2931,96043008,1093.61,87822,23.4790,162,520.0008,-0.009731,14.361109,0.059231,1.079528e-04
2932,96075776,1093.93,87826,23.4820,162,520.0628,-0.018377,7.761554,0.051995,1.078873e-04
2933,96108544,1094.26,87829,23.5720,162,521.9269,-0.029641,26.403475,0.059310,1.078217e-04
2934,96141312,1094.58,87833,23.4170,162,518.6657,0.000134,50.724705,0.055495,1.077562e-04
2935,96174080,1094.91,87837,23.6240,162,523.0266,0.043772,64.152435,0.054209,1.076906e-04
2936,96206848,1095.24,87841,23.6440,162,523.4532,0.007213,32.111782,0.049309,1.076251e-04
2937,96239616,1095.56,87844,23.6480,162,523.5599,0.010509,42.081589,0.066976,1.075595e-04
2938,96272384,1095.89,87848,23.7660,162,526.0498,0.007556,18.257305,0.063268,1.074940e-04
2939,96305152,1096.22,87852,23.7960,162,526.6775,0.073606,55.709232,0.054713,1.074284e-04
2940,96337920,1096.54,87855,23.6880,162,524.4383,-0.004965,13.061083,0.070325,1.073629e-04
2941,96370688,1098.12,87759,23.5930,162,522.4889,0.004793,53.817116,0.063401,1.072974e-04
2942,96403456,1098.45,87763,23.7290,162,525.3638,-0.047842,8.553078,0.061724,1.072318e-04
2943,96436224,1098.77,87767,23.6350,162,523.4303,-0.027554,25.984625,0.049342,1.071663e-04
2944,96468992,1099.10,87770,23.9290,162,529.6761,-0.035262,13.232458,0.051366,1.071007e-04
2945,96501760,1099.42,87774,23.9610,162,530.3479,-0.025423,28.826490,0.046206,1.070352e-04
2946,96534528,1099.75,87778,24.2230,162,535.8805,0.038794,44.102959,0.045256,1.069696e-04
2947,96567296,1100.08,87781,24.1730,162,534.8013,0.022925,38.163399,0.064110,1.069041e-04
2948,96600064,1100.41,87785,24.4070,162,539.7411,-0.001518,41.113548,0.042751,1.068385e-04
2949,96632832,1100.73,87789,24.5190,162,542.1057,-0.034676,16.052231,0.041699,1.067730e-04
2950,96665600,1101.06,87793,24.6180,162,544.1635,-0.022829,21.388006,0.056445,1.067075e-04
2951,96698368,1102.63,87697,24.5090,162,541.8771,0.044842,45.562706,0.056033,1.066419e-04
2952,96731136,1102.96,87701,24.5510,162,542.7147,0.022097,51.836578,0.067279,1.065764e-04
2953,96763904,1103.29,87705,24.8010,162,548.0193,-0.024018,45.704784,0.052556,1.065108e-04
2954,96796672,1103.62,87708,24.7030,162,545.9811,0.047589,77.076485,0.063999,1.064453e-04
2955,96829440,1103.94,87712,24.4990,162,541.6940,-0.012845,25.490503,0.052439,1.063797e-04
2956,96862208,1104.27,87716,24.5800,162,543.3681,-0.013405,43.996651,0.057870,1.063142e-04
2957,96894976,1104.60,87719,24.5200,162,542.1674,0.010263,74.256355,0.058597,1.062486e-04
2958,96927744,1104.92,87723,24.6040,162,543.9631,0.020715,61.722015,0.069830,1.061831e-04
2959,96960512,1105.25,87727,24.6780,162,545.5305,-0.011537,29.877859,0.054562,1.061175e-04
2960,96993280,1105.58,87730,24.9310,162,550.8272,-0.009659,36.411480,0.053322,1.060520e-04
2961,97026048,1107.16,87635,24.8800,162,549.7719,0.038571,32.790962,0.058797,1.059865e-04
2962,97058816,1107.49,87638,24.8290,162,548.6773,0.021353,48.210152,0.059969,1.059209e-04
2963,97091584,1107.81,87642,24.8780,162,549.7177,-0.012042,16.890247,0.065529,1.058554e-04
2964,97124352,1108.14,87646,24.7950,162,547.9386,0.088329,91.279869,0.063073,1.057898e-04
2965,97157120,1108.47,87649,24.6290,162,544.4330,-0.040280,33.408051,0.068948,1.057243e-04
2966,97189888,1108.80,87653,24.7350,162,546.6486,0.000299,45.454472,0.063171,1.056587e-04
2967,97222656,1109.12,87657,24.3150,162,537.8574,0.012781,56.203678,0.063371,1.055932e-04
2968,97255424,1109.45,87660,24.3630,162,538.8770,-0.046928,2.368371,0.051774,1.055276e-04
2969,97288192,1109.78,87664,24.4070,162,539.8241,-0.033134,41.072914,0.055624,1.054621e-04
2970,97320960,1110.11,87667,24.4260,162,540.2079,0.026203,58.275463,0.057554,1.053965e-04
2971,97353728,1111.65,87576,24.5680,162,543.2136,-0.021225,23.722944,0.043273,1.053310e-04
2972,97386496,1111.97,87580,24.5390,162,542.6179,0.021785,41.898865,0.053130,1.052655e-04
2973,97419264,1112.30,87583,24.3680,162,539.0130,-0.009479,33.622879,0.056283,1.051999e-04
2974,97452032,1112.62,87587,24.1870,162,535.2043,-0.024614,17.111378,0.060294,1.051344e-04
2975,97484800,1112.95,87591,24.2610,162,536.7527,-0.016299,26.050205,0.042554,1.050688e-04
2976,97517568,1113.28,87595,24.1840,162,535.1305,-0.014127,7.501838,0.057454,1.050033e-04
2977,97550336,1113.61,87598,24.1500,162,534.4229,0.007909,25.881048,0.064702,1.049377e-04
2978,97583104,1113.93,87602,24.1070,162,533.4954,-0.003175,18.158470,0.053671,1.048722e-04
2979,97615872,1114.26,87605,24.0630,162,532.5820,-0.037163,11.085015,0.059206,1.048066e-04
2980,97648640,1114.59,87609,24.0980,162,533.2745,-0.019043,34.460812,0.062142,1.047411e-04
2981,97681408,1115.99,87529,24.1310,162,533.9732,0.009846,39.955330,0.052800,1.046756e-04
2982,97714176,1116.32,87532,24.1210,162,533.7328,0.056575,85.998871,0.050730,1.046100e-04
2983,97746944,1116.64,87536,24.2720,162,536.8316,0.058228,97.278191,0.057975,1.045445e-04
2984,97779712,1116.97,87540,24.1270,162,533.7828,-0.020242,31.299644,0.061622,1.044789e-04
2985,97812480,1117.30,87543,24.1530,162,534.2750,0.028325,43.623314,0.057862,1.044134e-04
2986,97845248,1117.62,87547,23.9690,162,530.3944,-0.018009,33.164417,0.059344,1.043478e-04
2987,97878016,1117.95,87551,24.2540,162,536.3959,0.053487,33.702358,0.060511,1.042823e-04
2988,97910784,1118.28,87555,24.1060,162,533.2648,0.016854,46.305210,0.056536,1.042167e-04
2989,97943552,1118.60,87558,24.1190,162,533.5770,0.005082,48.429813,0.051710,1.041512e-04
2990,97976320,1118.93,87562,24.2540,163,536.4420,0.008705,42.294880,0.059034,1.040856e-04
2991,98009088,1120.51,87467,24.2840,163,537.0593,-0.024663,40.926777,0.073499,1.040201e-04
2992,98041856,1120.84,87471,24.1460,163,534.1559,-0.003514,8.859487,0.064135,1.039546e-04
2993,98074624,1121.17,87475,24.3010,163,537.4291,-0.023713,19.467716,0.050920,1.038890e-04
2994,98107392,1121.49,87479,24.4480,163,540.4506,0.026938,58.702339,0.052869,1.038235e-04
2995,98140160,1121.82,87483,24.4790,163,541.0951,0.023394,23.939285,0.061051,1.037579e-04
2996,98172928,1122.15,87486,24.4560,163,540.6228,0.028254,42.266479,0.061425,1.036924e-04
2997,98205696,1122.47,87490,24.5160,163,541.8843,0.007578,21.923668,0.052480,1.036268e-04
2998,98238464,1122.80,87494,24.7050,163,545.8424,0.041549,60.962990,0.056369,1.035613e-04
2999,98271232,1123.12,87498,24.6250,163,544.1579,0.040356,46.796265,0.044236,1.034957e-04
3000,98304000,1123.45,87501,24.4840,163,541.2422,0.026545,52.394360,0.055023,1.034302e-04
3001,98336768,1125.04,87407,24.3480,163,538.3655,0.045930,41.989124,0.054482,1.033646e-04
3002,98369536,1125.36,87411,24.5040,163,541.6420,0.008916,48.980999,0.055341,1.032991e-04
3003,98402304,1125.69,87415,24.5620,163,542.8699,-0.012893,44.682720,0.067570,1.032336e-04
3004,98435072,1126.01,87418,24.7680,163,547.2157,0.022972,47.462555,0.057271,1.031680e-04
3005,98467840,1126.34,87422,24.6140,163,543.9402,0.018979,44.538265,0.047982,1.031025e-04
3006,98500608,1126.67,87426,24.4310,163,540.0670,0.021806,65.634918,0.067870,1.030369e-04
3007,98533376,1127.00,87429,24.4330,163,540.1144,-0.027241,13.074674,0.069028,1.029714e-04
3008,98566144,1127.32,87433,24.5200,163,541.9456,0.003970,30.305042,0.053034,1.029058e-04
3009,98598912,1127.65,87437,24.6590,163,544.8737,-0.038485,11.272393,0.051028,1.028403e-04
3010,98631680,1127.98,87441,24.6710,163,545.1034,-0.006567,33.370636,0.064369,1.027747e-04
3011,98664448,1129.56,87347,24.7920,163,547.7038,-0.010341,25.006025,0.047464,1.027092e-04
3012,98697216,1129.89,87351,24.6500,163,544.6856,0.007630,31.844818,0.049567,1.026437e-04
3013,98729984,1130.22,87354,24.5350,163,542.2813,-0.031313,27.786125,0.050212,1.025781e-04
3014,98762752,1130.54,87358,24.6560,163,544.8598,-0.000226,39.989693,0.055395,1.025126e-04
3015,98795520,1130.87,87362,24.8260,163,548.4505,-0.067821,1.973777,0.065420,1.024470e-04
3016,98828288,1131.20,87365,24.8650,163,549.2764,-0.001972,33.816841,0.060002,1.023815e-04
3017,98861056,1131.53,87369,24.8780,163,549.5733,0.080756,49.144924,0.051160,1.023159e-04
3018,98893824,1131.86,87373,24.7770,163,547.4118,0.035056,42.102497,0.061471,1.022504e-04
3019,98926592,1132.18,87376,24.6400,163,544.5344,0.035494,38.077316,0.056827,1.021848e-04
3020,98959360,1132.51,87380,24.6530,163,544.8138,0.001011,20.297041,0.055920,1.021193e-04
3021,98992128,1134.10,87287,24.7020,163,545.8495,0.018325,46.856701,0.064258,1.020537e-04
3022,99024896,1134.42,87290,24.8410,163,548.8014,0.008390,25.018560,0.052936,1.019882e-04
3023,99057664,1134.76,87294,25.1430,163,555.0623,0.004667,70.733772,0.051526,1.019227e-04
3024,99090432,1135.08,87297,25.1750,163,555.7656,-0.024966,25.554060,0.052033,1.018571e-04
3025,99123200,1135.41,87301,24.9780,163,551.5808,0.062385,51.714977,0.050062,1.017916e-04
3026,99155968,1135.74,87305,25.2390,163,557.0671,-0.016320,38.851357,0.063349,1.017260e-04
3027,99188736,1136.07,87308,25.3300,163,558.9728,-0.050876,9.992238,0.054076,1.016605e-04
3028,99221504,1136.39,87312,25.3300,163,558.9702,-0.032506,18.078636,0.050806,1.015949e-04
3029,99254272,1136.72,87316,25.3880,163,560.2131,-0.009950,21.893101,0.047474,1.015294e-04
3030,99287040,1137.05,87320,25.4280,163,561.0150,-0.036484,11.572875,0.044685,1.014638e-04
3031,99319808,1138.59,87230,25.3200,163,558.7697,-0.042439,9.167719,0.056353,1.013983e-04
3032,99352576,1138.91,87234,25.4280,163,561.1120,0.031550,78.080338,0.041198,1.013328e-04
3033,99385344,1139.24,87238,25.2440,163,557.2075,-0.001138,50.844074,0.049616,1.012672e-04
3034,99418112,1139.57,87241,25.4130,163,560.8288,-0.036474,19.623253,0.055386,1.012017e-04
3035,99450880,1139.90,87245,25.6390,163,565.5595,-0.013621,28.826805,0.050048,1.011361e-04
3036,99483648,1140.22,87249,25.3980,163,560.5428,-0.001014,41.764347,0.055513,1.010706e-04
3037,99516416,1140.55,87252,25.4100,163,560.8331,-0.014690,6.458715,0.056700,1.010050e-04
3038,99549184,1140.88,87256,25.5610,163,564.0441,-0.009528,29.089008,0.049217,1.009395e-04
3039,99581952,1141.21,87260,25.7370,163,567.7616,0.052646,41.548458,0.050292,1.008739e-04
3040,99614720,1141.53,87263,25.8250,163,569.6858,0.039220,39.511810,0.051235,1.008084e-04
3041,99647488,1143.12,87171,25.9240,163,571.7902,0.000974,33.268799,0.045849,1.007428e-04
3042,99680256,1143.45,87175,25.8480,163,570.2017,0.003136,27.441408,0.049497,1.006773e-04
3043,99713024,1143.77,87178,25.8780,163,570.8737,0.017974,39.700195,0.053772,1.006118e-04
3044,99745792,1144.10,87182,26.2970,163,579.6542,-0.017932,33.818695,0.051008,1.005462e-04
3045,99778560,1144.43,87186,26.1780,163,577.1376,-0.030416,34.811520,0.052092,1.004807e-04
3046,99811328,1144.76,87189,26.2640,163,578.9003,0.012240,35.253838,0.045528,1.004151e-04
3047,99844096,1145.09,87193,26.2230,163,577.9934,-0.014305,16.415258,0.044472,1.003496e-04
3048,99876864,1145.41,87197,26.0290,163,573.9735,0.020763,62.187702,0.045539,1.002840e-04
3049,99909632,1145.74,87200,25.9140,163,571.5204,0.006765,31.458929,0.054354,1.002185e-04
3050,99942400,1146.07,87204,25.6600,163,566.0949,-0.023460,21.492798,0.057973,1.001529e-04
3051,99975168,1147.40,87131,25.5090,163,562.9585,-0.000774,75.640419,0.045957,1.000874e-04
3052,100007936,1147.73,87135,25.4280,163,561.2410,-0.008507,56.174339,0.059404,1.000218e-04
3053,100040704,1148.05,87139,25.2840,163,558.2152,0.015898,55.304279,0.049419,9.995630e-05
3054,100073472,1148.38,87143,25.5030,163,562.8513,0.010650,48.536140,0.049060,9.989076e-05
3055,100106240,1148.71,87146,25.4050,163,560.7917,-0.007531,39.624043,0.053643,9.982521e-05
3056,100139008,1149.03,87150,25.3350,163,559.2722,0.052810,99.937805,0.056542,9.975967e-05
3057,100171776,1149.36,87154,25.3940,163,560.5000,0.042793,36.992321,0.049693,9.969412e-05
3058,100204544,1149.68,87158,25.2390,163,557.2026,-0.025858,24.159613,0.058818,9.962858e-05
3059,100237312,1150.01,87162,25.3720,163,559.9925,-0.007745,54.005981,0.048753,9.956303e-05
3060,100270080,1150.34,87165,25.3260,163,559.0099,-0.019349,38.577187,0.057539,9.949749e-05
3061,100302848,1151.40,87114,25.4150,163,560.9442,0.093601,127.158600,0.050072,9.943194e-05
3062,100335616,1151.72,87117,25.2950,163,558.4012,-0.013054,28.390985,0.053262,9.936640e-05
3063,100368384,1152.05,87121,25.1570,163,555.4674,0.026041,72.491394,0.058809,9.930085e-05
3064,100401152,1152.38,87125,25.0310,163,552.8261,-0.013089,30.388411,0.053478,9.923531e-05
3065,100433920,1152.70,87129,24.8340,163,548.6852,0.026635,72.631668,0.047036,9.916976e-05
3066,100466688,1153.03,87132,24.8280,163,548.5760,-0.008388,16.510302,0.059584,9.910422e-05
3067,100499456,1153.36,87136,24.8650,163,549.4163,0.017830,46.447758,0.045246,9.903867e-05
3068,100532224,1153.68,87140,24.7560,163,547.1565,-0.009977,35.847328,0.053330,9.897313e-05
3069,100564992,1154.01,87143,24.8560,163,549.2523,0.020891,58.617207,0.053833,9.890758e-05
3070,100597760,1154.34,87147,24.8170,163,548.4060,0.048027,43.043724,0.060259,9.884204e-05
3071,100630528,1155.92,87056,24.8520,163,549.1575,-0.013260,38.379917,0.061664,9.877649e-05
3072,100663296,1156.25,87060,24.9120,163,550.3805,-0.008617,36.021603,0.056969,9.871095e-05
3073,100696064,1156.57,87064,24.8120,163,548.3182,0.022114,48.346184,0.054589,9.864540e-05
3074,100728832,1156.89,87068,24.7090,163,546.1545,-0.037353,19.210247,0.047654,9.857986e-05
3075,100761600,1157.21,87072,24.6900,163,545.7583,-0.053794,4.946214,0.053596,9.851431e-05
3076,100794368,1157.54,87076,24.7850,163,547.7933,-0.018112,23.858170,0.068006,9.844877e-05
3077,100827136,1157.86,87080,24.9890,163,552.0960,0.012656,39.110306,0.051058,9.838322e-05
3078,100859904,1158.18,87084,24.9660,163,551.6151,0.034714,59.640198,0.067351,9.831768e-05
3079,100892672,1158.51,87088,25.0010,163,552.3681,-0.019512,23.988075,0.053812,9.825213e-05
3080,100925440,1158.83,87092,25.0940,163,554.3806,0.016615,45.873512,0.065376,9.818659e-05
3081,100958208,1160.41,87002,25.1080,163,554.6623,0.014039,25.110600,0.056621,9.812104e-05
3082,100990976,1160.73,87006,25.1970,163,556.5211,0.008292,33.243912,0.055381,9.805549e-05
3083,101023744,1161.06,87009,25.2190,163,556.9814,-0.008559,30.184566,0.058740,9.798995e-05
3084,101056512,1161.39,87013,25.1580,163,555.7056,0.035439,65.755035,0.059254,9.792440e-05
3085,101089280,1161.72,87017,25.2460,163,557.5755,0.018537,26.677155,0.066709,9.785886e-05
3086,101122048,1162.04,87021,25.2850,163,558.4292,0.006479,44.464737,0.054211,9.779331e-05
3087,101154816,1162.37,87024,25.2460,163,557.6040,-0.026991,33.705307,0.060570,9.772777e-05
3088,101187584,1162.69,87028,25.3340,163,559.4657,-0.004010,23.559778,0.055325,9.766222e-05
3089,101220352,1163.02,87032,25.4950,163,562.8645,0.005416,32.152504,0.060352,9.759668e-05
3090,101253120,1163.35,87036,25.1090,163,554.6846,0.047843,53.763107,0.067109,9.753113e-05
3091,101285888,1164.93,86946,25.0810,163,554.0894,0.020748,33.602905,0.064841,9.746559e-05
3092,101318656,1165.25,86949,25.1650,163,555.8410,0.006519,35.400475,0.070312,9.740004e-05
3093,101351424,1165.58,86953,25.2440,162,557.4978,-0.055834,15.530304,0.063828,9.733450e-05
3094,101384192,1165.91,86957,25.5400,162,563.7762,-0.004743,39.013306,0.059419,9.726895e-05
3095,101416960,1166.23,86961,25.6380,162,565.7610,0.057197,35.974110,0.056559,9.720341e-05
3096,101449728,1166.56,86964,25.7060,162,567.1897,-0.029941,26.861275,0.059970,9.713786e-05
3097,101482496,1166.89,86968,25.4250,162,561.3059,-0.001818,34.142994,0.052970,9.707232e-05
3098,101515264,1167.21,86972,25.5470,162,563.8855,-0.017212,17.818493,0.056170,9.700677e-05
3099,101548032,1167.54,86976,25.5280,162,563.4772,0.025563,37.675514,0.062319,9.694123e-05
3100,101580800,1167.86,86979,25.5860,162,564.6915,-0.031908,16.090937,0.062270,9.687568e-05
3101,101613568,1169.11,86915,25.4760,162,562.4112,-0.019906,19.716866,0.060415,9.681014e-05
3102,101646336,1169.44,86918,25.6990,162,567.0992,0.025239,39.764759,0.046464,9.674459e-05
3103,101679104,1169.77,86922,25.6750,162,566.5797,-0.018032,31.956245,0.047405,9.667905e-05
3104,101711872,1170.09,86926,25.6660,162,566.3924,-0.007955,9.767723,0.054404,9.661350e-05
3105,101744640,1170.42,86930,25.7700,162,568.5915,-0.035259,24.834406,0.049374,9.654796e-05
3106,101777408,1170.74,86933,25.4740,162,562.3488,-0.048345,7.717341,0.060124,9.648241e-05
3107,101810176,1171.07,86937,25.3560,162,559.8619,-0.046038,27.764294,0.053665,9.641687e-05
3108,101842944,1171.40,86941,25.3090,162,558.8514,0.008418,50.525696,0.054374,9.635132e-05
3109,101875712,1171.72,86945,25.3120,162,558.9475,-0.010596,28.532053,0.046314,9.628578e-05
3110,101908480,1172.05,86948,25.6720,162,566.5155,0.001629,62.947624,0.048705,9.622023e-05
3111,101941248,1172.92,86912,25.5180,162,563.2720,-0.038348,14.460217,0.053925,9.615469e-05
3112,101974016,1173.25,86916,25.4350,162,561.5254,-0.026152,22.794292,0.053176,9.608914e-05
3113,102006784,1173.58,86919,25.3620,162,559.9795,0.058102,65.269829,0.059733,9.602360e-05
3114,102039552,1173.90,86923,25.2700,162,557.9813,-0.018988,17.072887,0.066792,9.595805e-05
3115,102072320,1174.23,86926,25.2540,162,557.6481,-0.004400,19.345476,0.051258,9.589251e-05
3116,102105088,1174.56,86930,25.4390,162,561.5330,0.064311,41.600014,0.051891,9.582696e-05
3117,102137856,1174.89,86934,25.4050,162,560.8105,-0.014149,11.790033,0.056358,9.576142e-05
3118,102170624,1175.21,86937,25.4970,162,562.7925,-0.007407,27.313330,0.062992,9.569587e-05
3119,102203392,1175.54,86941,25.5100,162,563.0561,0.026398,48.359230,0.062430,9.563033e-05
3120,102236160,1175.87,86945,25.4410,162,561.6111,0.031002,27.400883,0.058410,9.556478e-05
3121,102268928,1177.09,86883,25.3440,162,559.5909,-0.021784,22.915020,0.061995,9.549924e-05
3122,102301696,1177.41,86886,25.3140,162,558.9992,-0.040595,3.888563,0.062053,9.543369e-05
3123,102334464,1177.74,86890,25.3240,162,559.1808,-0.031187,11.866380,0.058309,9.536815e-05
3124,102367232,1178.06,86894,25.4470,162,561.7425,0.004849,32.408379,0.051305,9.530260e-05
3125,102400000,1178.39,86898,25.1340,162,555.1488,0.047868,62.419701,0.074762,9.523705e-05
3126,102432768,1178.72,86901,24.9950,162,552.2175,-0.017128,32.772518,0.057958,9.517151e-05
3127,102465536,1179.04,86905,25.1380,162,555.2303,0.019340,60.916817,0.067725,9.510596e-05
3128,102498304,1179.37,86909,25.2510,162,557.6472,0.044469,51.905598,0.054336,9.504042e-05
3129,102531072,1179.69,86913,25.2190,162,556.9556,0.013993,41.521500,0.050090,9.497487e-05
3130,102563840,1180.02,86916,25.0660,162,553.7393,-0.018005,15.049825,0.066812,9.490933e-05
3131,102596608,1181.61,86827,25.1010,162,554.4346,-0.023378,20.948149,0.042250,9.484378e-05
3132,102629376,1181.94,86831,25.1110,162,554.6490,-0.040453,21.796360,0.049936,9.477824e-05
3133,102662144,1182.26,86835,25.3300,162,559.2643,0.000421,25.870411,0.050814,9.471269e-05
3134,102694912,1182.59,86838,25.3220,162,559.0748,0.017347,32.676929,0.057457,9.464715e-05
3135,102727680,1182.92,86842,25.2000,162,556.5141,-0.019480,34.073032,0.050380,9.458160e-05
3136,102760448,1183.24,86846,25.2040,162,556.6069,-0.020458,25.961895,0.060608,9.451606e-05
3137,102793216,1183.57,86850,24.9060,162,550.3026,0.014375,20.913960,0.065312,9.445051e-05
3138,102825984,1183.89,86854,24.8310,162,548.7240,-0.033394,0.155151,0.052558,9.438497e-05
3139,102858752,1184.22,86857,24.7940,162,547.9870,-0.060300,5.457198,0.066196,9.431942e-05
3140,102891520,1184.55,86861,24.9650,162,551.5509,-0.032075,25.655735,0.053226,9.425388e-05
3141,102924288,1185.62,86810,24.7980,162,547.9397,0.007207,67.055283,0.053272,9.418833e-05
3142,102957056,1185.95,86813,24.7020,162,545.7895,-0.033276,31.672867,0.055304,9.412279e-05
3143,102989824,1186.28,86817,24.7390,162,546.5822,0.043326,56.924156,0.052819,9.405724e-05
3144,103022592,1186.60,86821,24.6170,162,544.0104,-0.028254,27.086811,0.055209,9.399170e-05
3145,103055360,1186.93,86825,24.1880,162,534.9562,-0.032222,34.823357,0.054326,9.392615e-05
3146,103088128,1187.26,86828,24.2520,162,536.3025,0.020105,90.665100,0.053896,9.386061e-05
3147,103120896,1187.58,86832,24.1910,162,535.0481,-0.051281,37.771236,0.056888,9.379506e-05
3148,103153664,1187.91,86836,24.1390,162,533.9221,-0.029015,31.295422,0.053930,9.372952e-05
3149,103186432,1188.24,86839,24.0950,162,532.9867,-0.034235,23.474751,0.053277,9.366397e-05
3150,103219200,1188.57,86843,24.1890,162,534.9165,0.006051,59.466362,0.052885,9.359843e-05
3151,103251968,1189.78,86782,23.9900,162,530.6692,0.022143,91.469620,0.052248,9.353288e-05
3152,103284736,1190.11,86785,23.8460,162,527.6461,0.025101,63.686710,0.059541,9.346734e-05
3153,103317504,1190.44,86789,23.5480,162,521.3407,0.008484,54.002926,0.043312,9.340179e-05
3154,103350272,1190.77,86793,23.8190,162,527.0397,0.003455,41.339539,0.060059,9.333625e-05
3155,103383040,1191.09,86796,23.5810,162,521.9896,-0.010516,53.744484,0.055277,9.327070e-05
3156,103415808,1191.42,86800,23.5170,162,520.6675,0.068059,53.083427,0.050279,9.320516e-05
3157,103448576,1191.75,86804,23.5050,162,520.4005,0.022277,16.203373,0.051188,9.313961e-05
3158,103481344,1192.08,86807,23.5900,162,522.2055,0.024410,50.186565,0.050179,9.307407e-05
3159,103514112,1192.40,86811,23.8010,162,526.6310,-0.058708,29.545061,0.060353,9.300852e-05
3160,103546880,1192.73,86815,23.8970,162,528.5884,0.013211,40.948891,0.068343,9.294298e-05
3161,103579648,1193.53,86784,23.6930,162,524.2860,0.033431,87.739250,0.044485,9.287743e-05
3162,103612416,1193.86,86788,23.9450,162,529.5926,-0.014699,45.106739,0.053697,9.281189e-05
3163,103645184,1194.18,86791,23.8360,162,527.2438,0.033035,43.535999,0.055937,9.274634e-05
3164,103677952,1194.51,86795,23.8610,162,527.7378,-0.025445,24.897360,0.046203,9.268080e-05
3165,103710720,1194.84,86798,23.9420,162,529.4272,-0.024389,23.217773,0.059433,9.261525e-05
3166,103743488,1195.17,86802,23.7990,162,526.3813,-0.042223,14.682686,0.055225,9.254971e-05
3167,103776256,1195.49,86806,23.8450,162,527.3204,0.010843,34.205971,0.049407,9.248416e-05
3168,103809024,1195.82,86809,23.7120,162,524.5126,-0.007461,16.712181,0.064961,9.241861e-05
3169,103841792,1196.15,86813,23.7180,162,524.6735,-0.009284,34.168083,0.060345,9.235307e-05
3170,103874560,1196.48,86817,23.6460,162,523.1937,0.004806,43.492043,0.066369,9.228752e-05
3171,103907328,1198.06,86729,23.5630,162,521.4358,-0.019511,29.059372,0.050716,9.222198e-05
3172,103940096,1198.39,86733,23.7700,163,525.7884,-0.024682,22.994072,0.059370,9.215643e-05
3173,103972864,1198.72,86736,23.8670,163,527.8299,0.022608,46.883896,0.056223,9.209089e-05
3174,104005632,1199.04,86740,23.8430,163,527.3106,-0.060686,1.950790,0.062606,9.202534e-05
3175,104038400,1199.37,86744,23.7570,163,525.4765,0.024559,61.739326,0.057664,9.195980e-05
3176,104071168,1199.70,86747,23.6030,163,522.1862,0.014778,43.956810,0.063006,9.189425e-05
3177,104103936,1200.03,86751,23.6420,163,523.0085,-0.010142,9.137770,0.065710,9.182871e-05
3178,104136704,1200.35,86755,23.7120,163,524.4955,-0.012171,52.210052,0.062262,9.176316e-05
3179,104169472,1200.68,86758,23.6630,163,523.4229,0.084812,61.243404,0.067731,9.169762e-05
3180,104202240,1201.01,86762,23.6250,163,522.6171,0.031419,33.506805,0.054057,9.163207e-05
3181,104235008,1202.34,86693,23.5770,163,521.6040,-0.043262,23.156143,0.051751,9.156653e-05
3182,104267776,1202.67,86696,23.4530,163,518.9467,0.001119,33.920959,0.062833,9.150098e-05
3183,104300544,1203.00,86700,23.5500,163,520.9924,0.073739,70.204445,0.046396,9.143544e-05
3184,104333312,1203.33,86704,23.4350,163,518.5952,0.037853,67.623192,0.052074,9.136989e-05
3185,104366080,1203.65,86707,23.3990,163,517.8006,-0.016394,31.229231,0.061860,9.130435e-05
3186,104398848,1203.98,86711,23.3250,163,516.2154,0.002323,32.748291,0.055763,9.123880e-05
3187,104431616,1204.31,86715,23.3630,163,517.0344,-0.000080,37.866142,0.056506,9.117326e-05
3188,104464384,1204.63,86718,23.3720,163,517.1662,-0.020860,18.029495,0.062573,9.110771e-05
3189,104497152,1204.96,86722,23.6700,163,523.4521,0.044283,42.361885,0.054516,9.104217e-05
3190,104529920,1205.29,86726,23.6740,163,523.5435,0.018846,45.602802,0.067194,9.097662e-05
3191,104562688,1206.87,86639,23.6870,163,523.7983,-0.027588,20.677898,0.055079,9.091108e-05
3192,104595456,1207.20,86643,23.3250,163,516.1692,-0.015127,10.488157,0.064837,9.084553e-05
3193,104628224,1207.52,86647,23.1100,163,511.6442,0.014715,36.892212,0.063230,9.077999e-05
3194,104660992,1207.85,86650,23.0230,163,509.8281,-0.051676,14.200780,0.055548,9.071444e-05
3195,104693760,1208.17,86654,23.1170,163,511.7960,-0.040265,26.558037,0.059658,9.064890e-05
3196,104726528,1208.50,86658,23.0810,163,511.0391,-0.042255,24.540138,0.056157,9.058335e-05
3197,104759296,1208.83,86661,23.1100,163,511.6363,-0.005743,30.327034,0.046581,9.051781e-05
3198,104792064,1209.15,86665,23.1010,163,511.3901,-0.045444,7.973509,0.059419,9.045226e-05
3199,104824832,1209.48,86669,22.8680,163,506.5111,-0.009111,42.087387,0.056151,9.038672e-05
3200,104857600,1209.81,86673,22.6950,163,502.8654,-0.035044,9.061614,0.054473,9.032117e-05
3201,104890368,1211.18,86602,22.7480,163,503.9694,0.046626,59.665421,0.053904,9.025563e-05
3202,104923136,1211.50,86605,22.8460,163,506.0269,-0.006418,28.893772,0.047949,9.019008e-05
3203,104955904,1211.83,86609,23.0220,163,509.6951,-0.025861,31.833242,0.068309,9.012454e-05
3204,104988672,1212.15,86613,23.1520,163,512.4197,0.019488,38.260006,0.061084,9.005899e-05
3205,105021440,1212.48,86617,23.2970,163,515.4499,-0.037987,32.990665,0.052395,8.999345e-05
3206,105054208,1212.80,86621,23.4280,163,518.2467,-0.000413,45.677738,0.045901,8.992790e-05
3207,105086976,1213.13,86624,23.3020,163,515.6075,0.039224,83.355568,0.043097,8.986236e-05
3208,105119744,1213.46,86628,23.3340,163,516.2641,-0.014400,67.446663,0.053268,8.979681e-05
3209,105152512,1213.78,86632,23.2550,163,514.5735,0.034875,27.822071,0.060600,8.973127e-05
3210,105185280,1214.11,86635,23.2380,163,514.2031,-0.026263,10.622461,0.053613,8.966572e-05
3211,105218048,1215.69,86550,23.5480,163,520.7447,-0.004031,35.726791,0.060144,8.960017e-05
3212,105250816,1216.02,86553,23.2580,163,514.7154,-0.007014,45.758057,0.061664,8.953463e-05
3213,105283584,1216.34,86557,23.0930,163,511.2225,-0.040324,9.299599,0.061390,8.946908e-05
3214,105316352,1216.67,86561,22.8820,163,506.7360,-0.039207,29.847933,0.066524,8.940354e-05
3215,105349120,1216.99,86565,22.9200,163,507.5492,-0.049968,9.425041,0.045466,8.933799e-05
3216,105381888,1217.32,86568,23.1070,163,511.4582,-0.025884,10.560075,0.049247,8.927245e-05
3217,105414656,1217.65,86572,23.1710,163,512.7920,0.001110,39.611809,0.059819,8.920690e-05
3218,105447424,1217.97,86576,23.1500,163,512.2815,0.005246,21.633429,0.060984,8.914136e-05
3219,105480192,1218.30,86579,22.9490,163,508.0720,0.016637,42.048393,0.064744,8.907581e-05
3220,105512960,1218.63,86583,23.0650,163,510.5318,-0.015313,62.080605,0.063585,8.901027e-05
3221,105545728,1220.21,86497,23.0850,163,510.9607,0.055143,53.538086,0.054052,8.894472e-05
3222,105578496,1220.54,86501,22.9730,163,508.6033,-0.009460,27.400187,0.054159,8.887918e-05
3223,105611264,1220.86,86505,22.9130,163,507.3524,0.010505,49.447636,0.054790,8.881363e-05
3224,105644032,1221.19,86509,23.0840,163,510.9677,0.015632,19.483130,0.058485,8.874809e-05
3225,105676800,1221.52,86512,23.3280,163,516.1232,0.000366,34.198959,0.057430,8.868254e-05
3226,105709568,1221.85,86516,23.3630,163,516.8654,0.055045,49.550579,0.055308,8.861700e-05
3227,105742336,1222.17,86519,23.4350,163,518.4078,0.036728,52.049698,0.053435,8.855145e-05
3228,105775104,1222.50,86523,23.4680,163,519.0436,-0.010673,20.352215,0.049621,8.848591e-05
3229,105807872,1222.83,86526,23.4650,163,518.9177,0.064765,57.054096,0.049064,8.842036e-05
3230,105840640,1223.16,86530,23.6670,163,523.1562,0.002427,40.093628,0.046949,8.835482e-05
3231,105873408,1224.39,86470,23.7840,163,525.6159,-0.043112,12.142242,0.051682,8.828927e-05
3232,105906176,1224.72,86473,23.8700,163,527.3875,-0.024685,45.551537,0.052768,8.822373e-05
3233,105938944,1225.05,86477,23.8190,163,526.3202,-0.019387,17.006027,0.048157,8.815818e-05
3234,105971712,1225.38,86480,23.6240,163,522.2040,-0.057775,4.487804,0.061998,8.809264e-05
3235,106004480,1225.71,86484,23.6110,163,521.9321,-0.031954,22.120079,0.052104,8.802709e-05
3236,106037248,1226.03,86488,23.6380,163,522.5268,0.033620,49.337734,0.050799,8.796155e-05
3237,106070016,1226.36,86491,23.4040,163,517.6544,-0.019456,34.328632,0.058709,8.789600e-05
3238,106102784,1226.69,86495,23.7030,163,523.9557,-0.041133,15.905096,0.057516,8.783046e-05
3239,106135552,1227.02,86498,23.6430,163,522.6429,0.019285,46.517223,0.051517,8.776491e-05
3240,106168320,1227.34,86502,23.4950,163,519.5544,-0.015855,7.808097,0.061598,8.769937e-05
3241,106201088,1228.71,86433,23.6730,163,523.3493,-0.003291,14.377491,0.063864,8.763382e-05
3242,106233856,1229.04,86436,23.4810,163,519.3168,-0.046343,23.838585,0.054008,8.756828e-05
3243,106266624,1229.36,86440,23.4550,163,518.7745,0.033089,17.106455,0.050388,8.750273e-05
3244,106299392,1229.69,86443,23.5130,163,520.0098,0.009137,26.236980,0.055285,8.743719e-05
3245,106332160,1230.02,86447,23.8260,163,526.6337,-0.059326,6.198818,0.057495,8.737164e-05
3246,106364928,1230.35,86451,24.0120,163,530.5614,-0.001140,30.955311,0.068537,8.730610e-05
3247,106397696,1230.68,86454,24.0700,163,531.7750,-0.003326,33.132416,0.057966,8.724055e-05
3248,106430464,1231.00,86458,24.1910,163,534.3513,-0.058911,2.339298,0.058649,8.717501e-05
3249,106463232,1231.33,86461,24.1320,163,533.1489,-0.028993,28.842342,0.051158,8.710946e-05
3250,106496000,1231.66,86465,24.1810,163,534.2195,0.013300,51.202465,0.053153,8.704392e-05
3251,106528768,1233.24,86381,24.1260,163,533.0855,0.005234,32.559834,0.062061,8.697837e-05
3252,106561536,1233.57,86384,24.0200,163,530.8856,-0.034568,49.028183,0.044258,8.691282e-05
3253,106594304,1233.90,86388,24.2190,163,535.1078,0.056786,68.886017,0.050863,8.684728e-05
3254,106627072,1234.22,86391,24.2210,163,535.1524,-0.001663,29.415184,0.054189,8.678173e-05
3255,106659840,1234.55,86395,24.2860,163,536.5267,-0.024695,22.658781,0.043917,8.671619e-05
3256,106692608,1234.88,86399,24.3190,163,537.2211,0.002916,49.537079,0.055340,8.665064e-05
3257,106725376,1235.21,86402,24.4470,163,539.8875,0.034164,63.774677,0.044531,8.658510e-05
3258,106758144,1235.53,86406,24.4430,163,539.7608,0.027294,48.591988,0.051402,8.651955e-05
3259,106790912,1235.86,86410,24.5780,163,542.6388,0.034965,50.009834,0.053181,8.645401e-05
3260,106823680,1236.19,86413,24.2780,163,536.3089,-0.039491,34.263306,0.039821,8.638846e-05
3261,106856448,1237.78,86329,24.1180,163,532.9202,-0.015405,26.067295,0.063199,8.632292e-05
3262,106889216,1238.10,86333,23.9500,163,529.4022,0.056094,39.588181,0.052815,8.625737e-05
3263,106921984,1238.43,86336,23.9640,163,529.6631,-0.017510,21.276985,0.060254,8.619183e-05
3264,106954752,1238.75,86340,24.0650,163,531.8153,0.004980,35.097843,0.063880,8.612628e-05
3265,106987520,1239.08,86344,23.9700,163,529.8560,-0.038175,18.209026,0.059257,8.606074e-05
3266,107020288,1239.41,86348,23.8470,163,527.2574,0.035033,55.981262,0.045210,8.599519e-05
3267,107053056,1239.73,86351,23.9990,163,530.4580,-0.025752,12.792125,0.059945,8.592965e-05
3268,107085824,1240.06,86355,23.9550,163,529.5245,-0.008489,21.185242,0.045857,8.586410e-05
3269,107118592,1240.39,86359,23.9880,163,530.2543,0.054611,42.769924,0.050542,8.579856e-05
3270,107151360,1240.71,86362,24.1310,163,533.3151,-0.034727,21.026587,0.053872,8.573301e-05
3271,107184128,1242.29,86279,24.2180,163,535.1569,-0.005253,19.088491,0.048511,8.566747e-05
3272,107216896,1242.62,86282,24.2300,163,535.4070,0.067304,27.435476,0.051281,8.560192e-05
3273,107249664,1242.95,86286,24.4790,163,540.6918,-0.036127,17.485842,0.064999,8.553638e-05
3274,107282432,1243.27,86290,24.5860,163,542.9376,0.017938,32.308620,0.050537,8.547083e-05
3275,107315200,1243.60,86294,24.6670,163,544.6180,0.082872,54.659122,0.055124,8.540529e-05
3276,107347968,1243.93,86297,24.6410,163,544.0704,-0.003937,36.511509,0.046345,8.533974e-05
3277,107380736,1244.25,86301,24.8040,163,547.5004,0.021689,47.943001,0.049539,8.527420e-05
3278,107413504,1244.58,86305,24.7520,163,546.4263,0.005839,20.717724,0.054168,8.520865e-05
3279,107446272,1244.90,86308,24.6790,162,544.8756,0.032377,35.215805,0.057552,8.514311e-05
3280,107479040,1245.23,86312,24.7070,162,545.4651,0.003170,29.625500,0.043580,8.507756e-05
3281,107511808,1246.82,86228,24.7610,162,546.6249,0.004696,12.742624,0.057849,8.501202e-05
3282,107544576,1247.17,86231,24.8330,162,548.0870,0.003842,40.370636,0.057427,8.494647e-05
3283,107577344,1247.50,86234,25.0110,162,551.9463,0.052722,75.887558,0.046965,8.488093e-05
3284,107610112,1247.83,86237,25.2210,162,556.3474,0.019189,40.924736,0.065957,8.481538e-05
3285,107642880,1248.18,86240,25.1260,162,554.3710,0.022549,83.826645,0.058837,8.474984e-05
3286,107675648,1248.58,86238,25.1200,162,554.2663,-0.004998,40.366257,0.062086,8.468429e-05
3287,107708416,1249.16,86224,25.4570,162,561.3869,-0.001588,34.324574,0.048913,8.461875e-05
3288,107741184,1249.56,86223,25.5590,162,563.5326,-0.035583,5.334589,0.039516,8.455320e-05
3289,107773952,1249.96,86222,25.8980,162,570.7006,0.008322,43.916069,0.047242,8.448766e-05
3290,107806720,1250.35,86221,26.0520,162,573.9017,-0.018129,46.424248,0.046987,8.442211e-05
3291,107839488,1251.61,86160,26.0000,162,572.8305,0.013283,48.879173,0.061576,8.435657e-05
3292,107872256,1252.00,86160,26.1660,162,576.3547,0.011377,69.209503,0.047748,8.429102e-05
3293,107905024,1252.38,86159,26.1580,162,576.2112,0.018041,62.942265,0.051928,8.422548e-05
3294,107937792,1252.77,86159,25.9220,162,571.2684,-0.046328,20.204224,0.052841,8.415993e-05
3295,107970560,1253.15,86159,25.9760,162,572.3840,0.035041,80.020264,0.060395,8.409438e-05
3296,108003328,1253.54,86158,25.9090,162,570.9589,-0.027818,24.321331,0.058994,8.402884e-05
3297,108036096,1253.92,86158,26.1290,163,575.5780,0.001645,29.681467,0.058281,8.396329e-05
3298,108068864,1254.31,86158,26.1890,163,576.8415,-0.020900,5.101381,0.056706,8.389775e-05
3299,108101632,1254.69,86158,26.1110,163,575.2099,-0.008709,34.538300,0.054787,8.383220e-05
3300,108134400,1255.08,86157,26.0140,163,573.2014,0.001001,60.820503,0.065915,8.376666e-05
3301,108167168,1256.68,86073,26.0000,163,572.9024,-0.024994,26.688068,0.068038,8.370111e-05
3302,108199936,1257.00,86077,26.1130,163,575.3139,0.036989,46.685833,0.062013,8.363557e-05
3303,108232704,1257.33,86081,26.1700,163,576.5079,0.014686,49.694782,0.055850,8.357002e-05
3304,108265472,1257.65,86085,26.1740,163,576.5791,-0.024198,12.040621,0.047054,8.350448e-05
3305,108298240,1257.98,86089,26.2250,163,577.6346,0.048661,57.069138,0.064960,8.343893e-05
3306,108331008,1258.31,86092,26.1290,163,575.6144,-0.013104,28.052420,0.062970,8.337339e-05
3307,108363776,1258.63,86096,26.1510,163,576.0991,-0.025452,27.040928,0.048590,8.330784e-05
3308,108396544,1258.96,86100,26.0240,163,573.4570,0.027269,34.002693,0.058091,8.324230e-05
3309,108429312,1259.28,86103,25.8330,163,569.4441,-0.009678,30.295300,0.050275,8.317675e-05
3310,108462080,1259.61,86107,25.6570,163,565.7526,-0.025145,26.703384,0.061962,8.311121e-05
3311,108494848,1261.18,86026,25.5420,163,563.3515,-0.009008,38.919586,0.051941,8.304566e-05
3312,108527616,1261.51,86029,25.3580,163,559.4479,0.033142,68.918617,0.058995,8.298012e-05
3313,108560384,1261.84,86033,25.5150,163,562.7773,0.014985,42.149818,0.059283,8.291457e-05
3314,108593152,1262.17,86037,25.4950,163,562.3356,-0.012817,23.229656,0.068570,8.284903e-05
3315,108625920,1262.49,86040,25.5190,163,562.8497,-0.014134,38.072002,0.049514,8.278348e-05
3316,108658688,1262.82,86044,25.4520,163,561.4608,-0.004856,24.847906,0.057976,8.271794e-05
3317,108691456,1263.15,86048,25.5090,163,562.6744,0.000979,26.405941,0.051519,8.265239e-05
3318,108724224,1263.47,86051,25.4710,163,561.8246,0.059843,53.510521,0.055581,8.258685e-05
3319,108756992,1263.80,86055,25.3530,163,559.3618,-0.017202,17.973150,0.054821,8.252130e-05
3320,108789760,1264.13,86059,25.5470,163,563.4304,0.055987,51.712685,0.051406,8.245576e-05
3321,108822528,1265.70,85977,25.6810,163,566.2589,0.001387,48.882812,0.042011,8.239021e-05
3322,108855296,1266.03,85981,25.5640,163,563.8176,0.041845,46.003349,0.044735,8.232467e-05
3323,108888064,1266.36,85985,25.6120,163,564.7971,0.001578,42.880474,0.053746,8.225912e-05
3324,108920832,1266.68,85988,25.6060,163,564.7095,-0.022927,9.718971,0.051794,8.219358e-05
3325,108953600,1267.01,85992,25.7810,163,568.4286,-0.026838,19.775423,0.048330,8.212803e-05
3326,108986368,1267.34,85996,26.0240,163,573.5970,0.018023,56.297596,0.053041,8.206249e-05
3327,109019136,1267.66,86000,26.1010,163,575.2138,0.024757,58.622421,0.061070,8.199694e-05
3328,109051904,1267.99,86003,25.9010,163,570.9887,0.009783,55.065483,0.046240,8.193140e-05
3329,109084672,1268.32,86007,25.9280,163,571.5809,0.080655,58.209351,0.052643,8.186585e-05
3330,109117440,1268.64,86011,26.0390,163,573.8688,0.003615,34.482727,0.052996,8.180031e-05
3331,109150208,1270.15,85935,26.0720,163,574.5301,-0.026500,22.627235,0.049110,8.173476e-05
3332,109182976,1270.47,85938,25.9280,163,571.4804,-0.022086,35.848282,0.052974,8.166922e-05
3333,109215744,1270.80,85942,25.6410,163,565.4682,0.033942,60.757263,0.049097,8.160367e-05
3334,109248512,1271.13,85946,25.5390,163,563.3333,0.118600,85.833389,0.052973,8.153813e-05
3335,109281280,1271.45,85949,25.7520,163,567.8056,-0.024281,36.378036,0.062842,8.147258e-05
3336,109314048,1271.78,85953,25.7640,163,568.0762,-0.054040,10.581057,0.049034,8.140704e-05
3337,109346816,1272.10,85957,25.7130,163,567.0353,0.002307,28.316206,0.047139,8.134149e-05
3338,109379584,1272.43,85961,25.6760,163,566.2983,0.012762,67.011635,0.051605,8.127594e-05
3339,109412352,1272.76,85964,25.5050,163,562.6916,-0.041078,23.387527,0.056280,8.121040e-05
3340,109445120,1273.08,85968,25.6770,163,566.3002,-0.000070,28.034035,0.054378,8.114485e-05
3341,109477888,1274.66,85888,25.5590,163,563.8211,0.018072,29.988279,0.060199,8.107931e-05
3342,109510656,1274.98,85892,25.5360,163,563.3801,-0.023412,22.000063,0.047153,8.101376e-05
3343,109543424,1275.30,85895,25.5120,163,562.8670,-0.012310,8.042822,0.052171,8.094822e-05
3344,109576192,1275.63,85899,25.5190,163,563.0299,0.002764,41.690281,0.047344,8.088267e-05
3345,109608960,1275.95,85903,25.5850,163,564.3998,0.001206,31.865364,0.061357,8.081713e-05
3346,109641728,1276.28,85907,25.7200,163,567.2363,0.035898,34.947994,0.062103,8.075158e-05
3347,109674496,1276.61,85910,25.7200,163,567.2281,-0.019413,16.916519,0.060911,8.068604e-05
3348,109707264,1276.93,85914,25.5210,163,563.0334,-0.022036,23.628862,0.052591,8.062049e-05
3349,109740032,1277.26,85918,25.7840,163,568.5744,0.105403,96.641838,0.073386,8.055495e-05
3350,109772800,1277.58,85922,25.6820,163,566.4221,0.000028,48.661205,0.064546,8.048940e-05
3351,109805568,1279.16,85842,25.7160,163,567.1304,-0.010639,11.165189,0.055920,8.042386e-05
3352,109838336,1279.48,85845,25.8230,163,569.3842,0.005716,52.229706,0.051372,8.035831e-05
3353,109871104,1279.81,85849,25.5620,163,563.8454,-0.007898,32.316460,0.052300,8.029277e-05
3354,109903872,1280.13,85853,25.5540,163,563.6798,-0.023717,19.217409,0.049511,8.022722e-05
3355,109936640,1280.46,85857,25.6120,163,564.8871,-0.023129,9.519300,0.050576,8.016168e-05
3356,109969408,1280.79,85860,25.7890,163,568.6217,0.030369,23.306728,0.056583,8.009613e-05
3357,110002176,1281.11,85864,25.6800,163,566.3005,0.015723,33.779530,0.047022,8.003059e-05
3358,110034944,1281.44,85868,25.7720,163,568.1722,0.006827,77.642563,0.049676,7.996504e-05
3359,110067712,1281.77,85871,25.7960,163,568.6662,0.015211,53.644775,0.047508,7.989950e-05
3360,110100480,1282.09,85875,26.0090,163,573.2216,0.000035,55.952621,0.040985,7.983395e-05
3361,110133248,1283.67,85795,26.1450,163,576.0604,-0.002055,39.710724,0.049425,7.976841e-05
3362,110166016,1283.99,85799,26.1450,163,576.0561,-0.018488,20.297567,0.044142,7.970286e-05
3363,110198784,1284.32,85803,25.9890,163,572.7680,0.112810,86.021538,0.054320,7.963732e-05
3364,110231552,1284.65,85806,26.1460,163,576.0717,-0.000655,16.983574,0.051906,7.957177e-05
3365,110264320,1284.97,85810,26.1420,163,575.9849,0.008912,33.085873,0.052721,7.950623e-05
3366,110297088,1285.30,85814,26.1440,163,576.0051,0.036375,25.190334,0.049774,7.944068e-05
3367,110329856,1285.63,85818,26.0560,163,574.2034,0.011034,44.875633,0.049734,7.937514e-05
3368,110362624,1285.95,85821,26.1290,163,575.7662,-0.020271,25.885715,0.060253,7.930959e-05
3369,110395392,1286.28,85825,26.4480,163,582.5289,0.001779,55.323036,0.045990,7.924405e-05
3370,110428160,1286.60,85829,26.4400,163,582.3358,-0.010335,22.523952,0.060553,7.917850e-05
3371,110460928,1288.17,85749,26.5130,163,583.8685,-0.046835,8.533778,0.057190,7.911296e-05
3372,110493696,1288.50,85753,26.6160,163,586.0297,-0.020278,44.885887,0.055122,7.904741e-05
3373,110526464,1288.83,85757,26.9340,163,592.7556,0.008119,64.814888,0.055712,7.898187e-05
3374,110559232,1289.15,85761,26.8840,163,591.7104,-0.037136,24.856188,0.057791,7.891632e-05
3375,110592000,1289.47,85765,26.9220,163,592.5418,-0.021560,27.382423,0.054210,7.885078e-05
3376,110624768,1289.80,85768,26.9480,163,593.0650,0.021033,48.739929,0.049580,7.878523e-05
3377,110657536,1290.13,85772,27.0980,163,596.2076,0.030177,70.019249,0.050207,7.871969e-05
3378,110690304,1290.46,85776,26.9240,163,592.5025,0.008586,42.836491,0.056842,7.865414e-05
3379,110723072,1290.78,85779,26.7750,163,589.3667,-0.008897,16.878586,0.053336,7.858860e-05
3380,110755840,1291.11,85783,26.7000,163,587.7848,0.046926,46.810188,0.048525,7.852305e-05
3381,110788608,1292.52,85714,26.5770,163,585.1577,-0.043370,33.743240,0.048653,7.845750e-05
3382,110821376,1292.85,85718,26.6540,163,586.7627,0.003454,22.134741,0.047971,7.839196e-05
3383,110854144,1293.18,85722,26.6580,163,586.8632,0.003093,30.153708,0.054907,7.832641e-05
3384,110886912,1293.50,85725,26.7140,163,588.0675,-0.004160,21.882748,0.047714,7.826087e-05
3385,110919680,1293.83,85729,26.7010,163,587.7967,0.047630,71.256660,0.052887,7.819532e-05
3386,110952448,1294.16,85733,26.5620,163,584.8574,0.020945,40.509075,0.063945,7.812978e-05
3387,110985216,1294.48,85737,26.5770,163,585.1543,0.026279,20.140886,0.052697,7.806423e-05
3388,111017984,1294.81,85740,26.4890,163,583.2832,-0.008769,16.410643,0.045026,7.799869e-05
3389,111050752,1295.14,85744,26.4440,163,582.3414,0.061042,70.746193,0.052077,7.793314e-05
3390,111083520,1295.46,85748,26.2280,163,577.7241,0.053876,71.057541,0.060484,7.786760e-05
3391,111116288,1296.64,85695,26.0680,163,574.4136,-0.050738,15.786261,0.052951,7.780205e-05
3392,111149056,1296.96,85699,26.1570,163,576.2461,0.021044,40.456718,0.049685,7.773651e-05
3393,111181824,1297.29,85702,26.3610,163,580.5274,-0.019081,43.727364,0.047132,7.767096e-05
3394,111214592,1297.62,85706,26.3080,163,579.3960,-0.031330,20.581123,0.048375,7.760542e-05
3395,111247360,1297.95,85710,26.0170,163,573.2934,0.019931,34.363564,0.047985,7.753987e-05
3396,111280128,1298.27,85713,26.0650,163,574.3564,-0.003594,19.208275,0.054638,7.747433e-05
3397,111312896,1298.60,85717,25.9520,163,572.0042,-0.003441,23.011429,0.060235,7.740878e-05
3398,111345664,1298.93,85721,26.0270,163,573.6096,-0.057470,14.519974,0.048833,7.734324e-05
3399,111378432,1299.26,85724,26.0320,163,573.7313,-0.002519,36.967255,0.054568,7.727769e-05
3400,111411200,1299.58,85728,26.0120,163,573.2820,-0.033879,10.891734,0.059140,7.721215e-05
3401,111443968,1301.16,85650,26.1340,163,575.8807,0.057379,60.618134,0.049877,7.714660e-05
3402,111476736,1301.48,85653,26.2840,163,579.0676,0.020853,35.588173,0.056698,7.708106e-05
3403,111509504,1301.81,85657,26.2340,163,578.0196,0.087846,61.321247,0.052384,7.701551e-05
3404,111542272,1302.13,85661,26.1380,163,575.9855,-0.037071,8.648672,0.057262,7.694997e-05
3405,111575040,1302.46,85664,26.2520,163,578.3882,0.027235,37.889954,0.047427,7.688442e-05
3406,111607808,1302.79,85668,26.1890,163,577.0621,-0.028348,28.618317,0.057984,7.681888e-05
3407,111640576,1303.11,85672,26.1900,163,577.0691,0.010973,29.331047,0.064362,7.675333e-05
3408,111673344,1303.44,85675,26.3880,163,581.2296,-0.009857,15.667912,0.062904,7.668779e-05
3409,111706112,1303.77,85679,26.4640,163,582.8294,-0.011891,46.997250,0.055660,7.662224e-05
3410,111738880,1304.09,85683,26.4570,163,582.6876,0.017264,25.879311,0.046286,7.655670e-05
3411,111771648,1305.67,85604,26.3450,163,580.3669,0.004675,23.792473,0.063876,7.649115e-05
3412,111804416,1306.00,85608,26.2010,163,577.3301,-0.016277,36.411800,0.066716,7.642561e-05
3413,111837184,1306.33,85611,26.2620,163,578.6001,-0.032026,22.958277,0.049395,7.636006e-05
3414,111869952,1306.66,85615,26.2940,163,579.3043,-0.009691,37.776443,0.061818,7.629452e-05
3415,111902720,1306.98,85618,26.4850,163,583.3417,0.040792,57.725758,0.041906,7.622897e-05
3416,111935488,1307.31,85622,26.6280,163,586.3141,-0.029603,31.730492,0.044355,7.616343e-05
3417,111968256,1307.64,85626,26.7170,163,588.2079,0.020530,58.488548,0.041069,7.609788e-05
3418,112001024,1307.97,85629,26.7090,163,588.0480,0.039651,53.015049,0.053795,7.603234e-05
3419,112033792,1308.30,85633,26.8250,163,590.4963,0.021966,31.320568,0.046638,7.596679e-05
3420,112066560,1308.62,85636,26.6970,163,587.7990,-0.019406,12.654297,0.058723,7.590125e-05
3421,112099328,1309.92,85577,26.6320,163,586.3891,-0.041621,24.911839,0.050891,7.583570e-05
3422,112132096,1310.25,85580,26.6420,163,586.6026,0.009785,19.019756,0.064664,7.577016e-05
3423,112164864,1310.57,85584,26.7100,163,588.0292,-0.028942,16.682812,0.047899,7.570461e-05
3424,112197632,1310.90,85588,26.7960,163,589.8378,-0.008981,43.759022,0.049165,7.563906e-05
3425,112230400,1311.23,85591,26.7330,163,588.4682,0.021902,27.828669,0.064360,7.557352e-05
3426,112263168,1311.55,85595,26.7120,163,588.0334,-0.005479,32.563335,0.053016,7.550797e-05
3427,112295936,1311.88,85599,26.6290,163,586.2770,-0.011822,33.919182,0.051482,7.544243e-05
3428,112328704,1312.21,85602,26.6770,163,587.2880,0.076028,37.174118,0.060271,7.537688e-05
3429,112361472,1312.54,85606,27.0070,163,594.2276,-0.032603,36.522881,0.050005,7.531134e-05
3430,112394240,1312.86,85610,27.1240,163,596.7064,0.011460,28.463337,0.066674,7.524579e-05
3431,112427008,1314.25,85544,27.2880,163,600.1390,-0.000464,35.101360,0.040022,7.518025e-05
3432,112459776,1314.57,85548,27.5150,163,604.8982,-0.021957,36.739826,0.055233,7.511470e-05
3433,112492544,1314.90,85552,27.5950,163,606.5475,-0.030896,41.446877,0.046495,7.504916e-05
3434,112525312,1315.23,85555,27.3850,163,602.1472,0.016865,27.765888,0.053171,7.498361e-05
3435,112558080,1315.55,85559,27.1460,163,597.1276,-0.022121,47.338726,0.051900,7.491807e-05
3436,112590848,1315.88,85563,27.3350,163,601.0800,0.014054,33.061516,0.055048,7.485252e-05
3437,112623616,1316.21,85566,27.2610,163,599.5186,0.069851,46.750294,0.048472,7.478698e-05
3438,112656384,1316.53,85570,27.1540,163,597.2488,-0.013654,15.779318,0.046461,7.472143e-05
3439,112689152,1316.86,85573,27.0650,163,595.3971,-0.018090,39.346687,0.047046,7.465589e-05
3440,112721920,1317.19,85577,27.0620,163,595.3665,0.001463,15.793461,0.049300,7.459034e-05
3441,112754688,1318.78,85499,26.9770,163,593.6573,-0.032165,40.209843,0.042254,7.452480e-05
3442,112787456,1319.11,85502,26.8210,163,590.3645,0.028877,49.011559,0.050247,7.445925e-05
3443,112820224,1319.44,85506,26.9360,163,592.7367,0.011394,33.571205,0.053839,7.439371e-05
3444,112852992,1319.76,85510,26.8840,163,591.6436,0.010072,36.017479,0.050462,7.432816e-05
3445,112885760,1320.09,85513,26.9090,163,592.1501,-0.051036,0.182395,0.048822,7.426262e-05
3446,112918528,1320.42,85517,27.1580,163,597.4002,-0.064517,6.698142,0.053019,7.419707e-05
3447,112951296,1320.74,85521,27.0590,163,595.3466,0.010145,40.814365,0.053198,7.413153e-05
3448,112984064,1321.07,85524,27.1310,163,596.8367,-0.007790,19.345249,0.053200,7.406598e-05
3449,113016832,1321.40,85528,27.0010,163,594.1088,-0.015291,18.933849,0.058293,7.400044e-05
3450,113049600,1321.72,85532,27.2270,163,598.8790,-0.027464,17.890726,0.061158,7.393489e-05
3451,113082368,1323.31,85454,27.2490,163,599.3536,-0.030957,30.888245,0.053369,7.386935e-05
3452,113115136,1323.63,85457,27.3090,163,600.6247,0.098122,120.507935,0.044462,7.380380e-05
3453,113147904,1323.96,85461,27.3480,163,601.4069,0.012909,78.767426,0.047022,7.373826e-05
3454,113180672,1324.29,85465,27.4300,163,603.1470,-0.000278,34.356667,0.055591,7.367271e-05
3455,113213440,1324.62,85468,27.5530,163,605.7456,0.032559,36.222755,0.044144,7.360717e-05
3456,113246208,1324.94,85472,27.1610,163,597.4947,0.015521,63.101303,0.055379,7.354162e-05
3457,113278976,1325.27,85476,27.2830,163,600.0436,-0.011111,33.060509,0.056142,7.347608e-05
3458,113311744,1325.60,85479,26.9540,163,593.1415,-0.022323,64.980576,0.047265,7.341053e-05
3459,113344512,1325.92,85483,27.0940,163,596.0661,-0.018461,21.743479,0.050883,7.334499e-05
3460,113377280,1326.25,85487,27.1130,163,596.4822,-0.010102,24.385899,0.045030,7.327944e-05
3461,113410048,1327.83,85410,26.9240,163,592.5496,0.046941,39.089756,0.057125,7.321390e-05
3462,113442816,1328.16,85413,27.0700,163,595.6423,0.022701,30.318317,0.051220,7.314835e-05
3463,113475584,1328.48,85417,26.9840,163,593.8527,-0.036439,23.046202,0.042921,7.308281e-05
3464,113508352,1328.81,85420,27.0080,163,594.3505,0.011471,19.800077,0.043646,7.301726e-05
3465,113541120,1329.14,85424,26.7740,163,589.4027,-0.037166,33.100594,0.049551,7.295172e-05
3466,113573888,1329.47,85428,27.0250,163,594.7383,-0.000795,45.010765,0.065355,7.288617e-05
3467,113606656,1329.79,85431,27.0190,163,594.6251,-0.027875,1.932099,0.070844,7.282062e-05
3468,113639424,1330.12,85435,27.0270,163,594.8387,-0.006979,35.771950,0.057426,7.275508e-05
3469,113672192,1330.45,85438,27.0620,163,595.5587,-0.045337,19.399998,0.051030,7.268953e-05
3470,113704960,1330.78,85442,26.9850,163,593.8891,0.000153,20.947483,0.060463,7.262399e-05
3471,113737728,1332.35,85366,27.0290,163,594.8631,0.062990,71.091713,0.056634,7.255844e-05
3472,113770496,1332.68,85369,27.0830,163,596.0454,0.008308,60.138424,0.056792,7.249290e-05
3473,113803264,1333.00,85373,27.1190,163,596.7933,-0.026441,18.601917,0.050662,7.242735e-05
3474,113836032,1333.33,85377,26.9590,163,593.4517,0.012116,47.257195,0.051298,7.236181e-05
3475,113868800,1333.66,85380,26.8440,163,591.0437,0.046686,66.478508,0.043518,7.229626e-05
3476,113901568,1333.98,85384,26.9600,163,593.4722,0.017312,61.940578,0.051996,7.223072e-05
3477,113934336,1334.31,85388,26.8570,163,591.3216,-0.012893,28.559317,0.062636,7.216517e-05
3478,113967104,1334.64,85391,26.8730,163,591.6488,0.007068,23.717434,0.058220,7.209963e-05
3479,113999872,1334.96,85395,26.8660,163,591.4538,-0.014694,12.221464,0.054346,7.203408e-05
3480,114032640,1335.29,85399,26.7450,163,588.9166,0.001274,29.077168,0.060282,7.196854e-05
3481,114065408,1336.87,85323,26.6390,163,586.7123,0.006812,38.395531,0.055042,7.190299e-05
3482,114098176,1337.19,85326,26.6820,163,587.6456,0.022775,31.856787,0.066322,7.183745e-05
3483,114130944,1337.52,85330,26.6300,163,586.5354,0.067001,44.577881,0.062776,7.177190e-05
3484,114163712,1337.84,85334,26.2880,163,579.3304,0.000775,39.884884,0.059798,7.170636e-05
3485,114196480,1338.17,85337,26.2390,163,578.2996,0.032951,54.083599,0.063081,7.164081e-05
3486,114229248,1338.50,85341,26.4720,163,583.1318,-0.028467,17.917721,0.059886,7.157527e-05
3487,114262016,1338.82,85345,26.4390,163,582.4111,-0.006528,13.672831,0.060113,7.150972e-05
3488,114294784,1339.15,85348,26.3290,163,580.1461,-0.054481,15.497579,0.055448,7.144418e-05
3489,114327552,1339.48,85352,26.2840,163,579.2316,0.027762,50.528030,0.052913,7.137863e-05
3490,114360320,1339.80,85356,26.2540,163,578.5331,-0.028764,18.217407,0.050567,7.131309e-05
3491,114393088,1341.38,85280,26.2500,163,578.4942,-0.029063,37.132607,0.059711,7.124754e-05
3492,114425856,1341.70,85283,26.4400,163,582.4128,0.018311,29.837986,0.055536,7.118200e-05
3493,114458624,1342.03,85287,26.5130,163,583.9465,0.033853,64.695465,0.063281,7.111645e-05
3494,114491392,1342.36,85291,26.4150,163,581.8821,-0.064500,4.214132,0.056611,7.105091e-05
3495,114524160,1342.69,85294,26.3510,163,580.5128,0.007462,50.080528,0.050571,7.098536e-05
3496,114556928,1343.01,85298,26.3930,163,581.3549,-0.050767,14.218920,0.056731,7.091982e-05
3497,114589696,1343.34,85302,26.3450,163,580.3582,0.023238,44.081535,0.060356,7.085427e-05
3498,114622464,1343.67,85305,26.3410,163,580.2985,0.056623,35.616814,0.061516,7.078873e-05
3499,114655232,1343.99,85309,26.5300,163,584.2795,0.010006,57.188850,0.051371,7.072318e-05
3500,114688000,1344.32,85312,26.6470,163,586.7823,0.050389,42.423134,0.062879,7.065764e-05
3501,114720768,1345.90,85237,26.7100,163,588.1232,0.066622,69.244446,0.044245,7.059209e-05
3502,114753536,1346.22,85241,26.7320,163,588.5524,0.012602,26.820385,0.068200,7.052655e-05
3503,114786304,1346.55,85244,26.7160,163,588.2222,0.005916,38.954426,0.056472,7.046100e-05
3504,114819072,1346.88,85248,26.7880,163,589.7003,-0.019181,18.607437,0.059289,7.039546e-05
3505,114851840,1347.20,85252,26.7420,163,588.6981,-0.017235,21.280598,0.071934,7.032991e-05
3506,114884608,1347.53,85255,26.6360,163,586.4344,0.007465,42.099224,0.040507,7.026437e-05
3507,114917376,1347.85,85259,26.3650,163,580.6380,-0.000767,35.888168,0.061113,7.019882e-05
3508,114950144,1348.17,85263,26.3790,163,580.9408,-0.024268,20.617661,0.045696,7.013328e-05
3509,114982912,1348.50,85267,26.3770,163,580.9014,-0.007526,23.768427,0.047855,7.006773e-05
3510,115015680,1348.83,85270,26.1030,163,575.1089,-0.006786,34.283257,0.048638,7.000218e-05
3511,115048448,1350.40,85195,25.9890,163,572.6884,-0.045739,7.929301,0.063871,6.993664e-05
3512,115081216,1350.73,85199,25.9720,163,572.3055,-0.016889,25.311934,0.046508,6.987109e-05
3513,115113984,1351.06,85202,26.0610,163,574.1740,-0.041699,6.382346,0.055168,6.980555e-05
3514,115146752,1351.38,85206,26.3340,163,579.7898,-0.028256,42.265350,0.054256,6.974000e-05
3515,115179520,1351.71,85210,26.4020,163,581.2194,0.040450,60.782913,0.051758,6.967446e-05
3516,115212288,1352.04,85213,26.4610,163,582.4474,0.022700,50.037868,0.058719,6.960891e-05
3517,115245056,1352.37,85217,26.3500,163,580.1812,0.021075,52.734165,0.056776,6.954337e-05
3518,115277824,1352.69,85221,26.5650,163,584.6769,-0.052044,30.320906,0.060844,6.947782e-05
3519,115310592,1353.02,85224,26.5830,163,585.0122,0.013214,29.369785,0.055955,6.941228e-05
3520,115343360,1353.35,85228,26.4320,163,581.8036,0.014584,49.048489,0.071332,6.934673e-05
3521,115376128,1354.79,85161,26.2710,163,578.4700,-0.001844,30.148478,0.056463,6.928119e-05
3522,115408896,1355.12,85165,25.9050,163,570.7287,0.029402,65.042427,0.061761,6.921564e-05
3523,115441664,1355.44,85168,25.7210,163,566.8609,-0.062337,7.341077,0.060581,6.915010e-05
3524,115474432,1355.77,85172,25.8640,163,569.8537,0.023483,48.802994,0.049335,6.908455e-05
3525,115507200,1356.09,85176,25.9310,163,571.2687,-0.023050,32.543999,0.065138,6.901901e-05
3526,115539968,1356.42,85180,25.8600,163,569.7632,-0.027198,37.721878,0.060717,6.895346e-05
3527,115572736,1356.75,85183,26.0450,163,573.6985,0.034186,43.725697,0.049112,6.888792e-05
3528,115605504,1357.08,85187,25.9820,163,572.4166,-0.009032,19.700205,0.056308,6.882237e-05
3529,115638272,1357.40,85190,26.1690,163,576.3864,-0.006862,36.144459,0.056331,6.875683e-05
3530,115671040,1357.73,85194,26.2040,163,577.1184,-0.001683,31.472523,0.053163,6.869128e-05
3531,115703808,1359.30,85119,26.2260,163,577.5898,-0.002162,19.404037,0.040697,6.862574e-05
3532,115736576,1359.63,85123,26.2620,163,578.3920,-0.041951,25.547863,0.045008,6.856019e-05
3533,115769344,1359.96,85127,26.1000,163,574.9877,0.062787,77.934174,0.053957,6.849465e-05
3534,115802112,1360.28,85130,26.0700,163,574.3630,0.000646,21.258705,0.038601,6.842910e-05
3535,115834880,1360.61,85134,26.0510,163,573.9417,-0.005571,29.109032,0.049810,6.836356e-05
3536,115867648,1360.94,85138,25.9720,163,572.2654,0.014553,36.569679,0.050913,6.829801e-05
3537,115900416,1361.26,85141,25.8150,163,568.9565,0.042801,53.738804,0.046202,6.823247e-05
3538,115933184,1361.59,85145,25.5380,163,563.1592,-0.030941,31.159588,0.047793,6.816692e-05
3539,115965952,1361.91,85149,25.6760,163,566.1335,-0.010748,13.347386,0.048852,6.810138e-05
3540,115998720,1362.24,85152,25.7200,163,567.0434,-0.037317,29.674089,0.041184,6.803583e-05
3541,116031488,1363.58,85093,25.7110,163,566.8577,-0.005514,15.047466,0.059142,6.797029e-05
3542,116064256,1363.90,85097,25.5390,163,563.1595,0.079398,84.331497,0.049306,6.790474e-05
3543,116097024,1364.23,85100,25.3960,163,560.1539,0.041671,67.302856,0.059652,6.783920e-05
3544,116129792,1364.56,85104,25.3350,163,558.9176,-0.045540,15.115311,0.062892,6.777365e-05
3545,116162560,1364.89,85107,25.5070,163,562.5165,0.028505,46.701939,0.051141,6.770811e-05
3546,116195328,1365.21,85111,25.4830,163,561.9727,-0.032028,25.109892,0.059611,6.764256e-05
3547,116228096,1365.54,85114,25.4240,163,560.7588,0.044396,29.683649,0.046759,6.757702e-05
3548,116260864,1365.87,85118,25.6520,163,565.5891,0.020744,88.720345,0.052822,6.751147e-05
3549,116293632,1366.20,85122,25.5690,163,563.8421,0.038006,27.188557,0.065546,6.744593e-05
3550,116326400,1366.53,85125,25.7100,163,566.8359,0.024488,37.983299,0.052722,6.738038e-05
3551,116359168,1368.10,85051,25.4630,163,561.6405,-0.053905,6.963942,0.057010,6.731484e-05
3552,116391936,1368.43,85055,25.3560,163,559.3896,-0.035760,15.900078,0.038597,6.724929e-05
3553,116424704,1368.75,85058,25.1660,163,555.4194,0.005814,59.823528,0.037812,6.718374e-05
3554,116457472,1369.08,85062,25.0130,163,552.1885,-0.022555,29.421068,0.055370,6.711820e-05
3555,116490240,1369.41,85066,24.9860,163,551.6058,-0.028749,19.867769,0.053473,6.705265e-05
3556,116523008,1369.73,85069,25.0600,163,553.1559,-0.048017,4.520017,0.054639,6.698711e-05
3557,116555776,1370.06,85073,24.9720,163,551.3044,-0.009687,32.546009,0.043273,6.692156e-05
3558,116588544,1370.38,85077,24.9330,163,550.5376,0.033653,70.943863,0.051464,6.685602e-05
3559,116621312,1370.71,85080,25.1370,163,554.8293,0.016625,39.044106,0.056823,6.679047e-05
3560,116654080,1371.04,85084,25.2050,163,556.2333,-0.067446,34.767273,0.059653,6.672493e-05
3561,116686848,1372.52,85016,25.3080,163,558.4154,0.006805,59.368416,0.044058,6.665938e-05
3562,116719616,1372.85,85020,25.3550,163,559.4030,0.020787,60.683918,0.050540,6.659384e-05
3563,116752384,1373.17,85023,25.2810,163,557.8648,0.005591,60.002216,0.053681,6.652829e-05
3564,116785152,1373.50,85027,25.4610,163,561.6297,0.022647,47.122009,0.045640,6.646275e-05
3565,116817920,1373.83,85031,25.4830,163,562.0948,0.009990,59.175766,0.048193,6.639720e-05
3566,116850688,1374.15,85034,25.0970,163,553.9735,-0.014208,45.784702,0.052484,6.633166e-05
3567,116883456,1374.47,85038,25.1320,163,554.7353,0.006200,22.439501,0.053051,6.626611e-05
3568,116916224,1374.80,85042,25.0370,163,552.7877,0.039120,59.960346,0.056570,6.620057e-05
3569,116948992,1375.13,85045,24.8210,163,548.2232,-0.023451,33.307205,0.045500,6.613502e-05
3570,116981760,1375.45,85049,24.7430,163,546.6343,-0.012620,28.702232,0.052509,6.606948e-05
3571,117014528,1376.87,84985,24.7560,163,546.9041,-0.000487,41.909714,0.049789,6.600393e-05
3572,117047296,1377.20,84989,24.7280,163,546.3009,0.018043,24.980541,0.070517,6.593839e-05
3573,117080064,1377.53,84992,24.6700,163,545.0379,0.006524,47.425930,0.042454,6.587284e-05
3574,117112832,1377.86,84996,25.2520,163,557.2778,-0.025611,25.809589,0.057802,6.580730e-05
3575,117145600,1378.18,85000,25.1890,163,555.9602,0.050999,47.925163,0.040971,6.574175e-05
3576,117178368,1378.51,85003,25.1680,163,555.4932,0.016096,26.251055,0.045491,6.567621e-05
3577,117211136,1378.83,85007,25.3090,163,558.4413,-0.003590,25.830338,0.042674,6.561066e-05
3578,117243904,1379.21,85007,25.3630,163,559.5978,-0.003378,24.199541,0.058613,6.554512e-05
3579,117276672,1379.54,85011,25.2530,163,557.2779,0.045993,49.619175,0.059843,6.547957e-05
3580,117309440,1379.87,85015,25.2010,163,556.1799,0.050435,38.422501,0.059191,6.541403e-05
3581,117342208,1381.46,84940,24.9950,163,551.8583,-0.025117,11.777074,0.048848,6.534848e-05
3582,117374976,1381.78,84944,24.9490,163,550.9173,0.059114,43.535023,0.055169,6.528294e-05
3583,117407744,1382.11,84948,25.0860,163,553.8024,0.084712,82.775215,0.056880,6.521739e-05
3584,117440512,1382.44,84951,25.0590,163,553.1989,0.044088,92.316177,0.058326,6.515185e-05
3585,117473280,1382.76,84955,25.1770,163,555.6995,-0.009908,18.316376,0.058413,6.508630e-05
3586,117506048,1383.09,84959,25.2370,163,556.9807,0.021755,51.537140,0.052628,6.502076e-05
3587,117538816,1383.42,84962,25.1500,163,555.1261,0.009206,35.880623,0.053898,6.495521e-05
3588,117571584,1383.74,84966,25.0240,163,552.5078,-0.014582,39.038948,0.053828,6.488967e-05
3589,117604352,1384.07,84969,25.1710,163,555.6078,-0.049403,10.989063,0.058261,6.482412e-05
3590,117637120,1384.39,84973,25.1350,163,554.8567,0.017878,48.790817,0.043174,6.475858e-05
3591,117669888,1385.32,84940,25.5720,163,564.0418,0.014847,52.748585,0.051341,6.469303e-05
3592,117702656,1385.64,84944,25.4680,163,561.8806,-0.003399,16.870552,0.056045,6.462749e-05
3593,117735424,1385.96,84948,25.2160,163,556.5727,0.046135,63.583683,0.049982,6.456194e-05
3594,117768192,1386.29,84952,25.2970,163,558.2446,-0.008030,33.850586,0.048524,6.449640e-05
3595,117800960,1386.61,84956,25.5120,163,562.7292,-0.067040,15.808349,0.050127,6.443085e-05
3596,117833728,1386.93,84959,25.5640,163,563.8473,0.020051,85.141983,0.052486,6.436530e-05
3597,117866496,1387.30,84961,25.3870,163,560.1354,-0.085403,11.259564,0.051697,6.429976e-05
3598,117899264,1387.62,84964,25.4020,163,560.4803,-0.014397,26.347578,0.052312,6.423421e-05
3599,117932032,1387.94,84968,25.1660,163,555.5153,-0.041515,8.032144,0.048276,6.416867e-05
3600,117964800,1388.27,84972,24.9000,163,549.9071,0.015939,35.785095,0.062651,6.410312e-05
3601,117997568,1389.50,84921,25.0840,163,553.8160,-0.022496,27.709190,0.062223,6.403758e-05
3602,118030336,1389.82,84924,25.1230,163,554.6149,-0.012191,23.018913,0.058249,6.397203e-05
3603,118063104,1390.15,84928,25.0410,163,552.9089,-0.021811,33.132519,0.049789,6.390649e-05
3604,118095872,1390.47,84932,25.2160,163,556.6005,0.021166,75.670341,0.047953,6.384094e-05
3605,118128640,1390.80,84936,25.2810,163,557.9860,-0.064235,0.794160,0.058103,6.377540e-05
3606,118161408,1391.12,84939,25.1900,163,556.1306,0.011947,52.940269,0.049646,6.370985e-05
3607,118194176,1391.44,84943,25.1310,163,554.8985,0.018385,68.004089,0.061791,6.364431e-05
3608,118226944,1391.77,84947,25.2370,163,557.1194,-0.030533,15.780206,0.067603,6.357876e-05
3609,118259712,1392.10,84950,25.1810,163,555.9655,-0.018244,22.266016,0.053424,6.351322e-05
3610,118292480,1392.42,84954,24.9700,163,551.5354,0.073303,76.131706,0.047595,6.344767e-05
3611,118325248,1393.97,84883,24.7400,163,546.7067,-0.015332,28.132122,0.062776,6.338213e-05
3612,118358016,1394.30,84887,24.3350,163,538.2531,-0.039779,26.456207,0.071171,6.331658e-05
3613,118390784,1394.62,84890,24.2920,163,537.3515,0.032753,32.836136,0.061236,6.325104e-05
3614,118423552,1394.95,84894,24.2530,163,536.5332,-0.023095,10.046949,0.057254,6.318549e-05
3615,118456320,1395.27,84898,24.1980,163,535.3461,-0.041902,25.496878,0.053227,6.311995e-05
3616,118489088,1395.59,84902,24.1710,163,534.7617,-0.028476,8.874064,0.059475,6.305440e-05
3617,118521856,1395.92,84906,23.8700,163,528.4585,-0.049767,11.206939,0.058486,6.298886e-05
3618,118554624,1396.24,84909,23.9060,163,529.2158,-0.017625,48.409698,0.052723,6.292331e-05
3619,118587392,1396.57,84913,23.9710,163,530.5947,-0.027643,15.462886,0.044009,6.285777e-05
3620,118620160,1396.90,84917,24.1700,163,534.7897,0.031196,61.526318,0.058714,6.279222e-05
3621,118652928,1398.47,84844,24.1420,163,534.2016,0.013573,35.466869,0.057034,6.272668e-05
3622,118685696,1398.79,84848,24.0400,163,532.0519,-0.013254,11.673350,0.050734,6.266113e-05
3623,118718464,1399.12,84852,24.1180,163,533.6490,0.026591,35.980026,0.056366,6.259559e-05
3624,118751232,1399.44,84856,24.0750,163,532.7790,0.026917,35.594231,0.062643,6.253004e-05
3625,118784000,1399.77,84859,24.2050,163,535.5230,-0.009179,33.460117,0.051468,6.246450e-05
3626,118816768,1400.09,84863,24.2960,163,537.4196,-0.007347,21.688490,0.052320,6.239895e-05
3627,118849536,1400.42,84867,24.3010,163,537.5718,0.025203,60.561695,0.046562,6.233341e-05
3628,118882304,1400.74,84871,24.1310,163,534.0189,-0.007097,39.867371,0.054621,6.226786e-05
3629,118915072,1401.07,84874,24.0740,163,532.7925,-0.001831,36.152374,0.048505,6.220232e-05
3630,118947840,1401.44,84875,24.0020,163,531.2720,-0.024800,7.849000,0.049072,6.213677e-05
3631,118980608,1402.84,84814,24.2220,163,535.8805,0.022489,45.364864,0.046935,6.207123e-05
3632,119013376,1403.16,84818,24.0790,163,532.8067,-0.007635,32.769257,0.052104,6.200568e-05
3633,119046144,1403.48,84821,24.0810,163,532.8512,0.004680,34.536163,0.047012,6.194014e-05
3634,119078912,1403.81,84825,24.0590,163,532.4566,0.030661,38.500648,0.060377,6.187459e-05
3635,119111680,1404.13,84829,23.9320,163,529.8297,-0.043555,34.910904,0.049984,6.180905e-05
3636,119144448,1404.45,84833,23.8240,163,527.5487,0.028052,49.483162,0.053384,6.174350e-05
3637,119177216,1404.78,84836,23.6610,163,524.1310,-0.023905,10.243174,0.053545,6.167795e-05
3638,119209984,1405.11,84840,23.7570,163,526.1415,-0.041411,35.492424,0.045977,6.161241e-05
3639,119242752,1405.43,84844,23.7980,163,526.9865,0.000565,31.763805,0.048871,6.154686e-05
3640,119275520,1405.76,84847,23.7350,163,525.6297,0.029958,48.324680,0.052228,6.148132e-05
3641,119308288,1407.33,84776,23.7890,163,526.7438,0.008749,28.497923,0.045139,6.141577e-05
3642,119341056,1407.65,84780,23.8710,163,528.4985,0.030196,35.985802,0.052698,6.135023e-05
3643,119373824,1407.98,84783,23.9540,163,530.2229,0.025997,50.349895,0.054339,6.128468e-05
3644,119406592,1408.30,84787,23.8800,163,528.6692,0.002776,27.835953,0.056455,6.121914e-05
3645,119439360,1408.63,84791,23.9120,163,529.3350,0.025391,49.523788,0.061332,6.115359e-05
3646,119472128,1408.95,84795,23.9150,163,529.3503,0.006277,15.857855,0.062092,6.108805e-05
3647,119504896,1409.28,84798,23.9190,163,529.3993,0.063374,49.747215,0.045115,6.102250e-05
3648,119537664,1409.60,84802,23.7630,163,526.1301,-0.016248,11.078049,0.044744,6.095696e-05
3649,119570432,1409.92,84806,24.0510,163,532.1200,0.022145,49.389305,0.041453,6.089141e-05
3650,119603200,1410.25,84810,24.1860,163,534.9521,-0.063737,2.130030,0.056231,6.082587e-05
3651,119635968,1411.81,84739,24.0860,163,532.8390,-0.051144,6.066547,0.053333,6.076032e-05
3652,119668736,1412.13,84743,24.1110,163,533.3536,0.041315,42.324970,0.051954,6.069478e-05
3653,119701504,1412.77,84728,24.1600,163,534.4519,-0.038445,17.813826,0.060025,6.062923e-05
3654,119734272,1413.10,84731,24.3780,163,539.0093,0.010484,33.528927,0.057105,6.056369e-05
3655,119767040,1413.42,84735,24.3190,163,537.7535,0.062838,49.118149,0.055382,6.049814e-05
3656,119799808,1413.75,84739,24.3690,163,538.8082,0.008017,38.252800,0.041593,6.043260e-05
3657,119832576,1414.07,84742,24.4290,163,540.0292,0.035544,87.975815,0.051068,6.036705e-05
3658,119865344,1414.39,84746,24.5790,163,543.1291,-0.024076,35.808403,0.045131,6.030151e-05
3659,119898112,1414.72,84750,24.5010,163,541.4855,0.029834,65.332672,0.060240,6.023596e-05
3660,119930880,1415.04,84754,24.5890,163,543.3135,0.012170,27.139482,0.053678,6.017042e-05
3661,119963648,1416.61,84683,24.5580,163,542.6516,-0.026102,15.671791,0.055449,6.010487e-05
3662,119996416,1416.94,84686,24.2830,163,536.8516,-0.038798,8.597175,0.054337,6.003933e-05
3663,120029184,1417.26,84690,24.2500,163,536.1362,0.000732,10.189536,0.054335,5.997378e-05
3664,120061952,1417.59,84694,24.4010,163,539.2963,-0.026245,5.252100,0.048711,5.990824e-05
3665,120094720,1417.91,84698,24.4720,163,540.8207,-0.011618,27.998707,0.052316,5.984269e-05
3666,120127488,1418.24,84701,24.3680,163,538.5895,-0.017583,34.749634,0.054269,5.977715e-05
3667,120160256,1418.56,84705,24.4820,163,540.9909,0.004071,44.376160,0.058902,5.971160e-05
3668,120193024,1418.89,84709,24.4850,163,541.0806,0.005667,33.328869,0.060332,5.964606e-05
3669,120225792,1419.21,84712,24.4860,163,541.1397,-0.019514,20.165607,0.059881,5.958051e-05
3670,120258560,1419.54,84716,24.5650,163,542.7835,-0.005359,17.900124,0.053616,5.951497e-05
3671,120291328,1421.10,84646,24.5500,163,542.4651,-0.013070,15.089425,0.060649,5.944942e-05
3672,120324096,1421.43,84650,24.3980,163,539.2554,0.048215,30.105322,0.062078,5.938388e-05
3673,120356864,1421.75,84654,24.6040,163,543.6276,-0.023715,23.485336,0.062230,5.931833e-05
3674,120389632,1422.08,84657,24.9190,163,550.2329,0.015790,39.983505,0.057171,5.925279e-05
3675,120422400,1422.40,84661,25.0490,163,553.0080,0.025981,44.494141,0.072161,5.918724e-05
3676,120455168,1422.72,84665,25.0490,163,553.0067,-0.029826,13.359726,0.067103,5.912170e-05
3677,120487936,1423.05,84668,25.3120,163,558.5146,-0.019077,21.627480,0.051367,5.905615e-05
3678,120520704,1423.38,84672,25.2030,163,556.1957,-0.054214,8.969889,0.053462,5.899061e-05
3679,120553472,1423.70,84676,25.3620,163,559.5137,0.020252,51.082176,0.056500,5.892506e-05
3680,120586240,1424.02,84679,25.5770,163,563.9692,0.060454,55.953644,0.057664,5.885951e-05
3681,120619008,1425.59,84609,25.6000,163,564.4887,0.001160,30.849264,0.058023,5.879397e-05
3682,120651776,1425.92,84613,25.6750,163,566.0657,-0.031970,18.052433,0.051978,5.872842e-05
3683,120684544,1426.24,84617,25.8970,163,570.7313,-0.017976,33.627144,0.060989,5.866288e-05
3684,120717312,1426.57,84620,25.6610,163,565.8023,-0.022370,60.798153,0.063125,5.859733e-05
3685,120750080,1426.89,84624,25.7540,163,567.7588,-0.027204,22.891819,0.058037,5.853179e-05
3686,120782848,1427.22,84628,25.7210,163,567.0518,-0.045183,9.752693,0.054353,5.846624e-05
3687,120815616,1427.54,84631,25.6210,163,564.9438,-0.020939,6.709252,0.056744,5.840070e-05
3688,120848384,1427.87,84635,25.6090,163,564.6769,-0.009271,31.903620,0.059851,5.833515e-05
3689,120881152,1428.19,84639,25.6710,163,566.0205,0.019981,48.746925,0.074984,5.826961e-05
3690,120913920,1428.52,84642,25.9710,163,572.3311,0.002408,31.076782,0.058323,5.820406e-05
3691,120946688,1430.10,84572,26.0250,163,573.4433,-0.023805,15.711734,0.056714,5.813852e-05
3692,120979456,1430.42,84576,26.0280,163,573.5014,-0.023570,9.321598,0.056146,5.807297e-05
3693,121012224,1430.75,84579,26.2160,163,577.4662,0.012238,54.267067,0.055234,5.800743e-05
3694,121044992,1431.07,84583,26.2930,163,579.1160,0.002280,35.306107,0.049801,5.794188e-05
3695,121077760,1431.40,84587,26.4910,163,583.2558,-0.000091,26.217609,0.040896,5.787634e-05
3696,121110528,1431.72,84590,26.4790,163,583.0023,-0.009460,32.336716,0.045860,5.781079e-05
3697,121143296,1432.05,84594,26.5160,163,583.8104,0.067683,51.091103,0.063111,5.774525e-05
3698,121176064,1432.37,84598,26.5050,163,583.5866,0.002916,5.066091,0.062261,5.767970e-05
3699,121208832,1432.72,84600,26.6370,163,586.3752,-0.022736,19.702909,0.065018,5.761416e-05
3700,121241600,1433.04,84604,26.7510,163,588.7997,-0.026060,32.805477,0.049788,5.754861e-05
3701,121274368,1434.61,84534,26.4500,163,582.3943,-0.014436,30.759956,0.053860,5.748307e-05
3702,121307136,1434.96,84537,26.1530,163,576.1770,0.025571,52.547817,0.056611,5.741752e-05
3703,121339904,1435.28,84540,26.2050,163,577.2411,-0.009501,25.509064,0.068549,5.735198e-05
3704,121372672,1435.60,84544,26.2280,163,577.7593,0.030485,80.211609,0.049638,5.728643e-05
3705,121405440,1435.93,84548,26.0030,163,573.0536,-0.051600,17.598442,0.064221,5.722089e-05
3706,121438208,1436.26,84551,25.9910,163,572.8144,0.018456,43.222904,0.046909,5.715534e-05
3707,121470976,1436.58,84555,26.2090,163,577.3584,0.005927,69.999237,0.053688,5.708980e-05
3708,121503744,1436.91,84559,26.2030,163,577.2269,-0.016092,63.987823,0.060503,5.702425e-05
3709,121536512,1437.23,84562,26.4900,163,583.2168,-0.024494,28.479841,0.062232,5.695871e-05
3710,121569280,1437.56,84566,26.6130,163,585.8080,-0.012493,30.054024,0.054962,5.689316e-05
3711,121602048,1438.88,84511,26.3590,163,580.4558,-0.023755,24.309666,0.055347,5.682762e-05
3712,121634816,1439.21,84515,26.3520,163,580.3334,0.053297,72.383568,0.055006,5.676207e-05
3713,121667584,1439.53,84518,26.3170,163,579.6224,-0.032339,4.086435,0.051987,5.669653e-05
3714,121700352,1439.86,84522,26.5290,163,584.1017,-0.017587,36.036812,0.071719,5.663098e-05
3715,121733120,1440.18,84526,26.5450,163,584.4151,-0.024144,15.388114,0.060260,5.656544e-05
3716,121765888,1440.51,84529,26.4310,163,582.0482,0.056761,65.599098,0.048593,5.649989e-05
3717,121798656,1440.83,84533,26.6070,163,585.7230,-0.021058,33.726456,0.060037,5.643435e-05
3718,121831424,1441.16,84537,26.7130,163,587.9215,-0.012808,38.449455,0.056720,5.636880e-05
3719,121864192,1441.48,84540,26.8210,163,590.2186,-0.011103,26.748220,0.059569,5.630326e-05
3720,121896960,1441.81,84544,26.6900,163,587.4480,-0.016919,12.411217,0.049733,5.623771e-05
3721,121929728,1443.39,84474,26.7480,163,588.6631,-0.024966,13.278820,0.059437,5.617217e-05
3722,121962496,1443.72,84477,26.7900,163,589.5328,-0.010611,25.625704,0.052804,5.610662e-05
3723,121995264,1444.04,84481,26.7860,163,589.4671,-0.035109,9.636500,0.051002,5.604107e-05
3724,122028032,1444.37,84485,26.8290,163,590.3579,0.036256,50.973789,0.069917,5.597553e-05
3725,122060800,1444.69,84488,26.9090,163,592.0566,-0.019860,20.633423,0.067906,5.590998e-05
3726,122093568,1445.02,84492,27.0780,163,595.6396,0.022110,46.917267,0.051778,5.584444e-05
3727,122126336,1445.35,84496,26.9150,163,592.2017,-0.025560,17.163635,0.061612,5.577889e-05
3728,122159104,1445.67,84499,27.2090,163,598.3285,0.020601,62.667709,0.041210,5.571335e-05
3729,122191872,1446.00,84503,27.2480,163,599.1762,-0.006193,31.127670,0.058437,5.564780e-05
3730,122224640,1446.32,84507,27.2490,163,599.2088,0.030247,22.238712,0.058457,5.558226e-05
3731,122257408,1447.65,84452,27.3630,163,601.6081,0.039028,57.065697,0.045777,5.551671e-05
3732,122290176,1447.97,84456,27.4480,163,603.3845,-0.010339,26.431589,0.043403,5.545117e-05
3733,122322944,1448.29,84460,27.5190,163,604.8749,-0.027684,19.316242,0.053166,5.538562e-05
3734,122355712,1448.62,84463,27.6130,163,606.8450,0.044765,58.065197,0.050796,5.532008e-05
3735,122388480,1448.94,84467,27.7160,163,608.9686,-0.022521,13.317704,0.064797,5.525453e-05
3736,122421248,1449.27,84471,27.7190,163,609.0534,-0.011981,7.690159,0.063927,5.518899e-05
3737,122454016,1449.59,84474,27.3580,163,601.4589,0.025648,49.896759,0.056031,5.512344e-05
3738,122486784,1449.92,84478,27.7540,163,609.7505,-0.007914,33.299408,0.058893,5.505790e-05
3739,122519552,1450.24,84482,27.6580,163,607.7045,0.002824,18.068785,0.056360,5.499235e-05
3740,122552320,1450.57,84485,28.0000,163,614.9031,-0.007949,42.442184,0.058122,5.492681e-05
3741,122585088,1452.12,84417,28.0640,163,616.2551,0.012764,35.482662,0.055523,5.486126e-05
3742,122617856,1452.45,84421,27.8690,163,612.1590,0.015948,66.714127,0.054352,5.479572e-05
3743,122650624,1452.77,84425,27.7460,163,609.5771,-0.049178,4.888426,0.057488,5.473017e-05
3744,122683392,1453.10,84428,27.9480,163,613.8600,0.010384,32.227306,0.054926,5.466463e-05
3745,122716160,1453.42,84432,27.8650,163,612.1161,0.058761,58.287235,0.056823,5.459908e-05
3746,122748928,1453.75,84436,27.9480,163,613.8217,0.069336,64.432281,0.063455,5.453354e-05
3747,122781696,1454.07,84439,28.0680,163,616.2932,0.010197,34.080120,0.052011,5.446799e-05
3748,122814464,1454.40,84443,27.9750,163,614.3286,-0.004490,29.181128,0.058281,5.440245e-05
3749,122847232,1454.72,84447,28.0130,163,615.1277,-0.046739,6.584337,0.058205,5.433690e-05
3750,122880000,1455.05,84450,28.0790,163,616.5274,0.019319,34.835674,0.055122,5.427136e-05
3751,122912768,1456.63,84381,27.9880,163,614.6211,-0.019950,21.466578,0.058558,5.420581e-05
3752,122945536,1456.96,84385,27.9990,163,614.9031,-0.017935,16.645821,0.049841,5.414027e-05
3753,122978304,1457.28,84388,28.0040,163,615.0258,-0.010861,24.220064,0.067112,5.407472e-05
3754,123011072,1457.61,84392,28.0970,163,616.9931,0.025324,39.251553,0.053945,5.400918e-05
3755,123043840,1457.93,84396,27.9420,163,613.7501,0.040082,52.651253,0.059842,5.394363e-05
3756,123076608,1458.26,84399,27.7080,163,608.7841,0.024113,46.173599,0.053629,5.387809e-05
3757,123109376,1458.58,84403,27.8420,163,611.6146,0.015954,29.832083,0.053795,5.381254e-05
3758,123142144,1458.91,84407,27.8680,163,612.1789,0.017492,17.337435,0.053859,5.374700e-05
3759,123174912,1459.23,84410,27.9130,163,613.2035,-0.061807,2.455126,0.057065,5.368145e-05
3760,123207680,1459.56,84414,27.9030,163,612.9599,-0.004485,13.516106,0.053963,5.361591e-05
3761,123240448,1461.13,84345,27.9030,163,612.9624,0.018075,33.445549,0.058455,5.355036e-05
3762,123273216,1461.46,84349,27.9850,163,614.6916,0.020305,53.967731,0.046505,5.348482e-05
3763,123305984,1461.78,84353,28.1540,163,618.2389,-0.017262,24.986422,0.052117,5.341927e-05
3764,123338752,1462.11,84356,27.9060,163,613.0806,-0.032256,29.248028,0.054275,5.335373e-05
3765,123371520,1462.43,84360,27.9180,163,613.3307,-0.023820,0.371950,0.056424,5.328818e-05
3766,123404288,1462.76,84364,28.0550,163,616.2902,0.076264,85.173531,0.052701,5.322263e-05
3767,123437056,1463.08,84367,27.9680,163,614.4179,0.055771,45.944214,0.054879,5.315709e-05
3768,123469824,1463.41,84371,28.0630,163,616.4052,0.037790,39.792610,0.042717,5.309154e-05
3769,123502592,1463.73,84375,28.0630,163,616.3251,0.034002,41.802425,0.048985,5.302600e-05
3770,123535360,1464.06,84378,28.1070,163,617.2843,-0.033354,27.715618,0.047511,5.296045e-05
3771,123568128,1465.63,84310,27.9540,163,614.0377,0.013364,26.253338,0.060085,5.289491e-05
3772,123600896,1465.96,84314,27.9990,163,614.9979,0.014347,17.305855,0.053765,5.282936e-05
3773,123633664,1466.28,84317,28.2140,163,619.4937,0.051791,52.371872,0.041166,5.276382e-05
3774,123666432,1466.60,84321,28.1350,163,617.8446,0.021960,41.745220,0.053900,5.269827e-05
3775,123699200,1466.93,84325,28.1760,163,618.7691,-0.049563,14.456786,0.054270,5.263273e-05
3776,123731968,1467.26,84328,28.1710,163,618.6497,0.000731,27.905245,0.060894,5.256718e-05
3777,123764736,1467.58,84332,28.2180,163,619.6282,0.002243,29.691277,0.059013,5.250164e-05
3778,123797504,1467.91,84336,28.0610,163,616.3156,0.031213,40.138527,0.046780,5.243609e-05
3779,123830272,1468.23,84339,28.0670,163,616.4523,-0.027534,9.131845,0.048633,5.237055e-05
3780,123863040,1468.56,84343,28.3570,163,622.5826,0.067753,57.430103,0.056962,5.230500e-05
3781,123895808,1470.14,84274,28.4610,163,624.7820,-0.029704,27.040155,0.053743,5.223946e-05
3782,123928576,1470.47,84278,28.3310,163,622.0855,-0.017543,40.892345,0.046941,5.217391e-05
3783,123961344,1470.80,84281,28.5650,163,627.0404,-0.019812,20.853516,0.053804,5.210837e-05
3784,123994112,1471.12,84285,28.7580,163,631.1212,0.047535,39.016853,0.052093,5.204282e-05
3785,124026880,1471.45,84288,28.8150,163,632.3193,-0.008668,24.146805,0.061225,5.197728e-05
3786,124059648,1471.78,84292,28.9690,163,635.5420,0.018910,38.675648,0.044817,5.191173e-05
3787,124092416,1472.10,84296,28.9660,163,635.4416,0.012019,36.162189,0.057945,5.184619e-05
3788,124125184,1472.43,84299,28.8900,163,633.8550,0.022673,38.819370,0.045457,5.178064e-05
3789,124157952,1472.75,84303,28.9680,163,635.4818,-0.006475,22.606968,0.055383,5.171510e-05
3790,124190720,1473.08,84306,29.2570,163,641.5597,-0.045066,10.189110,0.045109,5.164955e-05
3791,124223488,1474.66,84238,28.8440,163,632.8250,-0.005298,17.317810,0.053126,5.158401e-05
3792,124256256,1474.98,84242,28.5910,163,627.4456,0.055930,61.375397,0.055671,5.151846e-05
3793,124289024,1475.31,84246,28.7560,163,630.9028,-0.040470,15.860209,0.064648,5.145292e-05
3794,124321792,1475.63,84249,28.7500,163,630.7883,-0.030864,12.624194,0.065420,5.138737e-05
3795,124354560,1475.96,84253,28.6410,163,628.4445,0.020403,34.739502,0.048559,5.132183e-05
3796,124387328,1476.28,84257,28.5940,163,627.4351,-0.003742,33.602802,0.056953,5.125628e-05
3797,124420096,1476.61,84260,28.4310,163,623.9704,0.001890,18.037460,0.059264,5.119074e-05
3798,124452864,1476.93,84264,28.3990,163,623.3059,0.003796,55.259754,0.051369,5.112519e-05
3799,124485632,1477.26,84268,28.5230,163,625.8920,-0.004795,17.646172,0.046323,5.105965e-05
3800,124518400,1477.58,84271,28.4920,163,625.2264,0.021552,49.926685,0.059682,5.099410e-05
3801,124551168,1479.15,84204,28.2160,163,619.3739,0.022095,44.658371,0.048973,5.092856e-05
3802,124583936,1479.47,84208,28.0560,163,615.9691,-0.016763,17.699255,0.045318,5.086301e-05
3803,124616704,1479.80,84212,28.0520,163,615.8832,-0.023235,5.171526,0.059116,5.079747e-05
3804,124649472,1480.12,84215,28.0900,163,616.6849,0.013775,35.084068,0.060366,5.073192e-05
3805,124682240,1480.44,84219,28.1980,163,618.9887,-0.046221,28.114977,0.052132,5.066638e-05
3806,124715008,1480.76,84223,28.3010,163,621.1482,-0.006524,30.418190,0.061695,5.060083e-05
3807,124747776,1481.09,84227,28.4040,163,623.3116,0.023455,41.179955,0.057080,5.053529e-05
3808,124780544,1481.41,84230,28.3840,163,622.8838,-0.002000,49.040062,0.045424,5.046974e-05
3809,124813312,1481.74,84234,28.3490,163,622.1698,-0.007620,23.226486,0.047690,5.040419e-05
3810,124846080,1482.06,84238,28.4710,163,624.7204,-0.029145,24.212744,0.043709,5.033865e-05
3811,124878848,1483.65,84169,28.7040,163,629.5999,-0.021160,47.982170,0.056139,5.027310e-05
3812,124911616,1483.98,84173,28.5010,163,625.3451,-0.053152,12.138248,0.051815,5.020756e-05
3813,124944384,1484.30,84177,28.5890,163,627.2290,-0.068585,12.223138,0.049882,5.014201e-05
3814,124977152,1484.62,84180,28.5760,163,626.9203,0.021885,24.520294,0.056921,5.007647e-05
3815,125009920,1484.95,84184,28.6650,163,628.8525,0.094674,67.207817,0.047563,5.001092e-05
3816,125042688,1485.27,84188,28.8990,163,633.7458,0.091513,94.343567,0.056825,4.994538e-05
3817,125075456,1485.60,84192,28.7230,163,630.0534,0.004060,41.566963,0.046838,4.987983e-05
3818,125108224,1485.92,84195,28.8290,163,632.2921,-0.031886,30.115379,0.051092,4.981429e-05
3819,125140992,1486.24,84199,28.8740,163,633.2381,-0.001413,26.398975,0.055210,4.974874e-05
3820,125173760,1486.57,84203,28.9790,163,635.4691,-0.022449,22.102921,0.061384,4.968320e-05
3821,125206528,1488.12,84137,29.0430,163,636.8177,-0.018857,11.619615,0.051183,4.961765e-05
3822,125239296,1488.45,84141,29.0180,163,636.2521,-0.048272,8.727337,0.053101,4.955211e-05
3823,125272064,1488.77,84144,29.1180,163,638.3731,-0.028858,0.135638,0.048757,4.948656e-05
3824,125304832,1489.09,84148,29.3530,163,643.3557,-0.034181,13.680886,0.065078,4.942102e-05
3825,125337600,1489.42,84152,29.3980,163,644.2874,0.014908,48.153095,0.058902,4.935547e-05
3826,125370368,1489.74,84155,29.3190,163,642.6349,0.033720,54.726212,0.054309,4.928993e-05
3827,125403136,1490.07,84159,29.1130,163,638.3597,-0.022427,15.707943,0.063432,4.922438e-05
3828,125435904,1490.39,84163,29.1810,163,639.7268,-0.002972,27.943884,0.050832,4.915884e-05
3829,125468672,1490.71,84166,29.3770,163,643.8049,0.008245,32.250160,0.051871,4.909329e-05
3830,125501440,1491.04,84170,29.4870,163,646.1449,-0.010879,35.503067,0.059374,4.902775e-05
3831,125534208,1492.60,84104,29.1130,163,638.2606,-0.028062,20.731588,0.048621,4.896220e-05
3832,125566976,1492.93,84107,29.0980,163,637.9525,-0.000383,36.892151,0.063373,4.889666e-05
3833,125599744,1493.25,84111,29.2900,163,641.9836,-0.002241,41.523205,0.050878,4.883111e-05
3834,125632512,1493.57,84115,29.4180,163,644.6616,-0.028531,24.412649,0.043074,4.876557e-05
3835,125665280,1493.90,84118,29.1730,163,639.4509,0.029346,42.211708,0.066040,4.870002e-05
3836,125698048,1494.22,84122,29.3140,163,642.3895,-0.064554,14.532836,0.056217,4.863448e-05
3837,125730816,1494.55,84126,29.1250,163,638.4106,-0.026816,24.363762,0.054269,4.856893e-05
3838,125763584,1494.87,84130,28.8920,163,633.5125,-0.041628,12.167949,0.051296,4.850339e-05
3839,125796352,1495.19,84133,28.9320,163,634.3452,0.006579,26.190620,0.054257,4.843784e-05
3840,125829120,1495.52,84137,28.7950,163,631.4547,-0.031238,21.876413,0.060007,4.837230e-05
3841,125861888,1497.08,84071,29.0220,163,636.2166,0.013960,44.161495,0.048833,4.830675e-05
3842,125894656,1497.41,84075,29.0780,163,637.3909,0.057562,39.820412,0.049964,4.824121e-05
3843,125927424,1497.73,84078,29.0210,163,636.1880,0.022692,75.471283,0.055361,4.817566e-05
3844,125960192,1498.05,84082,29.1540,163,638.9605,-0.018230,35.130573,0.063201,4.811012e-05
3845,125992960,1498.38,84086,29.0660,163,637.0836,-0.041065,8.933188,0.051067,4.804457e-05
3846,126025728,1498.70,84089,29.1650,163,639.1787,-0.013700,30.073893,0.050448,4.797903e-05
3847,126058496,1499.03,84093,29.1550,163,638.9662,-0.058102,3.187592,0.057501,4.791348e-05
3848,126091264,1499.35,84097,28.8410,163,632.4113,-0.013165,40.582184,0.050286,4.784794e-05
3849,126124032,1499.68,84100,28.8730,163,633.0691,0.050721,83.719749,0.053431,4.778239e-05
3850,126156800,1500.00,84104,28.9380,163,634.4047,0.023184,43.155739,0.042784,4.771685e-05
3851,126189568,1501.56,84039,28.8910,163,633.4088,0.002462,42.818062,0.052938,4.765130e-05
3852,126222336,1501.88,84042,28.8940,163,633.4510,-0.044809,11.211349,0.049151,4.758575e-05
3853,126255104,1502.20,84046,28.9430,163,634.5190,0.028549,39.181854,0.056726,4.752021e-05
3854,126287872,1502.53,84050,28.8210,163,631.9415,-0.002780,16.522884,0.052370,4.745466e-05
3855,126320640,1502.85,84054,28.7940,163,631.3818,-0.045196,8.770829,0.054173,4.738912e-05
3856,126353408,1503.17,84057,29.0500,163,636.7593,-0.019125,33.577824,0.056630,4.732357e-05
3857,126386176,1503.50,84061,28.7570,163,630.5850,0.032875,60.565220,0.055229,4.725803e-05
3858,126418944,1503.82,84065,28.6800,163,629.0096,0.005536,24.312305,0.056069,4.719248e-05
3859,126451712,1504.15,84068,28.6770,163,628.9197,-0.001145,28.833340,0.041598,4.712694e-05
3860,126484480,1504.47,84072,28.5750,163,626.7896,-0.002408,36.178577,0.057444,4.706139e-05
3861,126517248,1506.04,84006,28.7270,163,630.0039,-0.011969,39.283295,0.046106,4.699585e-05
3862,126550016,1506.36,84010,28.7170,163,629.7971,0.077092,67.381767,0.039396,4.693030e-05
3863,126582784,1506.69,84014,28.8030,163,631.6174,0.016885,59.347439,0.054160,4.686476e-05
3864,126615552,1507.01,84017,28.8910,163,633.4773,0.020401,30.533367,0.048424,4.679921e-05
3865,126648320,1507.33,84021,28.8310,163,632.2154,-0.010869,15.317070,0.045082,4.673367e-05
3866,126681088,1507.66,84025,28.8960,163,633.5601,0.031370,63.830273,0.054878,4.666812e-05
3867,126713856,1507.98,84028,28.9490,163,634.6333,0.016281,42.580685,0.048713,4.660258e-05
3868,126746624,1508.30,84032,28.8230,163,631.9818,-0.057729,12.488481,0.041040,4.653703e-05
3869,126779392,1508.63,84036,28.8060,163,631.6541,-0.014984,26.136953,0.056535,4.647149e-05
3870,126812160,1508.95,84039,28.8770,163,633.0946,-0.022283,13.664975,0.057343,4.640594e-05
3871,126844928,1510.52,83974,28.7980,163,631.4269,0.040741,35.175194,0.043072,4.634040e-05
3872,126877696,1510.84,83978,28.8120,163,631.7292,0.008221,19.931963,0.052407,4.627485e-05
3873,126910464,1511.16,83981,28.9390,163,634.4483,-0.019736,35.470776,0.056058,4.620931e-05
3874,126943232,1511.49,83985,28.8500,163,632.5926,-0.006174,23.416689,0.050399,4.614376e-05
3875,126976000,1511.81,83989,28.8200,163,631.9953,0.005933,40.932343,0.061337,4.607822e-05
3876,127008768,1512.14,83992,29.1030,163,637.9423,0.001051,30.963335,0.050252,4.601267e-05
3877,127041536,1512.46,83996,29.0970,163,637.8218,-0.022492,33.218887,0.054677,4.594713e-05
3878,127074304,1512.79,84000,29.0300,163,636.3987,0.006883,48.397305,0.053963,4.588158e-05
3879,127107072,1513.11,84003,28.8930,163,633.5497,-0.010918,33.084858,0.055255,4.581604e-05
3880,127139840,1513.43,84007,28.9280,163,634.2942,0.011171,38.977402,0.051180,4.575049e-05
3881,127172608,1515.00,83942,29.1000,163,637.8919,0.036668,47.299446,0.052343,4.568495e-05
3882,127205376,1515.32,83946,28.9000,163,633.6716,-0.010412,42.825630,0.048772,4.561940e-05
3883,127238144,1515.64,83949,28.8110,163,631.7863,0.011748,15.352394,0.063239,4.555386e-05
3884,127270912,1515.97,83953,28.7350,163,630.1530,0.013593,40.417336,0.057278,4.548831e-05
3885,127303680,1516.29,83957,28.7320,163,630.0608,0.004858,33.913952,0.063274,4.542277e-05
3886,127336448,1516.62,83960,28.5990,163,627.3072,-0.012715,26.524220,0.057729,4.535722e-05
3887,127369216,1516.94,83964,28.4680,163,624.5502,0.004830,29.588192,0.051025,4.529168e-05
3888,127401984,1517.26,83968,28.5550,163,626.3822,-0.039949,21.323711,0.053574,4.522613e-05
3889,127434752,1517.59,83971,28.4990,163,625.2386,0.016593,52.229633,0.053680,4.516059e-05
3890,127467520,1517.91,83975,28.5640,163,626.6104,0.033008,33.831200,0.050934,4.509504e-05
3891,127500288,1519.47,83910,28.4570,163,624.3610,-0.029182,20.214935,0.055895,4.502950e-05
3892,127533056,1519.80,83914,28.2730,163,620.4355,-0.032371,31.978907,0.045340,4.496395e-05
3893,127565824,1520.12,83918,28.2330,163,619.5505,0.090526,52.300144,0.056170,4.489841e-05
3894,127598592,1520.45,83921,28.2200,163,619.2898,-0.019703,4.914767,0.052668,4.483286e-05
3895,127631360,1520.77,83925,27.9550,163,613.7145,-0.009290,33.637043,0.059401,4.476731e-05
3896,127664128,1521.09,83929,27.5530,163,605.2249,0.014164,42.144878,0.043486,4.470177e-05
3897,127696896,1521.42,83932,27.3730,163,601.4076,-0.019495,15.548585,0.048857,4.463622e-05
3898,127729664,1521.74,83936,27.2900,162,599.6244,0.001233,27.772942,0.058317,4.457068e-05
3899,127762432,1522.07,83940,27.3240,162,600.3501,-0.007830,14.074704,0.064055,4.450513e-05
3900,127795200,1522.39,83943,27.3200,162,600.2749,0.006924,11.194511,0.058395,4.443959e-05
3901,127827968,1523.96,83878,27.4160,162,602.2964,0.005949,23.846388,0.051721,4.437404e-05
3902,127860736,1524.28,83882,27.6550,162,607.3159,-0.024425,42.414337,0.054251,4.430850e-05
3903,127893504,1524.60,83886,27.7440,162,609.2105,-0.044998,6.837183,0.055535,4.424295e-05
3904,127926272,1524.93,83890,27.7550,162,609.4511,-0.016255,15.560272,0.048963,4.417741e-05
3905,127959040,1525.25,83893,27.7220,162,608.7426,0.007462,30.626991,0.059987,4.411186e-05
3906,127991808,1525.58,83897,27.7620,162,609.5383,0.004733,16.900484,0.056251,4.404632e-05
3907,128024576,1525.90,83900,27.8440,162,611.2983,-0.042273,20.371183,0.053364,4.398077e-05
3908,128057344,1526.23,83904,28.1890,162,618.6185,0.086129,59.419495,0.058514,4.391523e-05
3909,128090112,1526.55,83908,28.1460,162,617.7265,-0.038788,12.266397,0.051882,4.384968e-05
3910,128122880,1526.88,83911,28.1640,162,618.1137,-0.011520,17.651850,0.045664,4.378414e-05
3911,128155648,1528.44,83847,28.2250,162,619.3814,-0.006758,20.938097,0.058507,4.371859e-05
3912,128188416,1528.76,83851,28.0060,162,614.7725,0.064018,44.468582,0.051661,4.365305e-05
3913,128221184,1529.09,83854,28.2180,162,619.2400,0.005302,14.910182,0.050408,4.358750e-05
3914,128253952,1529.41,83858,28.1080,162,616.8898,0.019546,30.207447,0.045024,4.352196e-05
3915,128286720,1529.74,83862,28.1820,162,618.4899,-0.015046,14.713396,0.052571,4.345641e-05
3916,128319488,1530.06,83865,28.3370,162,621.7675,0.024639,40.733089,0.047845,4.339087e-05
3917,128352256,1530.38,83869,28.5300,162,625.8693,-0.054321,9.723198,0.046201,4.332532e-05
3918,128385024,1530.71,83872,28.4580,162,624.3595,-0.020570,17.344742,0.040590,4.325978e-05
3919,128417792,1531.03,83876,28.5490,162,626.2626,0.012828,27.264816,0.044944,4.319423e-05
3920,128450560,1531.36,83880,28.8000,162,631.5549,-0.004606,28.152227,0.056975,4.312869e-05
3921,128483328,1532.92,83815,28.4690,162,624.5881,-0.048076,7.757682,0.064620,4.306314e-05
3922,128516096,1533.25,83819,28.2850,162,620.6794,-0.003228,58.492462,0.042492,4.299760e-05
3923,128548864,1533.57,83823,28.3530,162,622.1310,-0.042681,2.895422,0.060653,4.293205e-05
3924,128581632,1533.89,83826,28.0890,162,616.5827,0.034587,39.379578,0.045239,4.286651e-05
3925,128614400,1534.22,83830,28.1050,162,616.9281,-0.008415,6.571363,0.046903,4.280096e-05
3926,128647168,1534.54,83834,27.8730,162,612.0148,0.039891,51.734402,0.053843,4.273542e-05
3927,128679936,1534.87,83837,27.7870,162,610.1426,-0.007081,30.197117,0.052072,4.266987e-05
3928,128712704,1535.19,83841,27.8540,162,611.5786,0.027575,39.411213,0.049974,4.260433e-05
3929,128745472,1535.51,83845,27.8490,162,611.4461,0.047788,73.430954,0.046910,4.253878e-05
3930,128778240,1535.83,83849,27.8800,162,612.1073,-0.035001,13.072495,0.058768,4.247324e-05
3931,128811008,1537.39,83785,27.7220,162,608.6748,0.026261,48.342274,0.046263,4.240769e-05
3932,128843776,1537.71,83789,27.6430,162,607.0611,0.017813,38.001686,0.050090,4.234215e-05
3933,128876544,1538.04,83792,27.6770,162,607.7583,-0.021887,47.897049,0.051973,4.227660e-05
3934,128909312,1538.36,83796,27.7990,162,610.3419,-0.036273,18.129873,0.049981,4.221106e-05
3935,128942080,1538.68,83800,27.9740,162,614.0497,0.006546,33.519855,0.048090,4.214551e-05
3936,128974848,1539.01,83803,28.0030,162,614.6699,0.036363,48.386395,0.049046,4.207997e-05
3937,129007616,1539.33,83807,27.7340,162,609.0296,-0.039959,31.773146,0.049426,4.201442e-05
3938,129040384,1539.66,83811,27.4420,162,602.9031,-0.009343,42.816402,0.062988,4.194887e-05
3939,129073152,1539.98,83814,27.4250,162,602.5741,0.006378,36.960030,0.048017,4.188333e-05
3940,129105920,1540.30,83818,27.3670,162,601.3941,0.010237,45.832096,0.041412,4.181778e-05
3941,129138688,1541.85,83755,27.4810,162,603.8153,0.009471,41.553688,0.041866,4.175224e-05
3942,129171456,1542.18,83759,27.2800,162,599.5647,-0.008138,58.817917,0.045912,4.168669e-05
3943,129204224,1542.50,83762,27.7230,162,608.9133,-0.025061,17.677761,0.050423,4.162115e-05
3944,129236992,1542.83,83766,27.7720,162,609.9329,0.024596,52.070656,0.040966,4.155560e-05
3945,129269760,1543.15,83770,27.6580,162,607.5645,0.007914,25.871037,0.051134,4.149006e-05
3946,129302528,1543.47,83773,27.6560,162,607.5023,-0.026511,17.028822,0.045889,4.142451e-05
3947,129335296,1543.80,83777,27.5240,162,604.6948,-0.030096,8.828493,0.043228,4.135897e-05
3948,129368064,1544.12,83781,27.4830,162,603.8542,0.014030,18.322683,0.046824,4.129342e-05
3949,129400832,1544.45,83784,27.5640,162,605.6174,0.000201,30.151628,0.052321,4.122788e-05
3950,129433600,1544.77,83788,27.6720,162,607.9024,-0.006112,27.851097,0.043982,4.116233e-05
3951,129466368,1546.33,83725,27.6870,163,608.2528,-0.009673,34.244293,0.053094,4.109679e-05
3952,129499136,1546.65,83728,27.8260,163,611.1532,-0.002741,25.613747,0.048637,4.103124e-05
3953,129531904,1546.97,83732,27.9440,163,613.6839,0.045217,52.099594,0.057025,4.096570e-05
3954,129564672,1547.30,83736,27.9280,163,613.3513,0.009613,32.238808,0.048839,4.090015e-05
3955,129597440,1547.62,83739,28.0790,163,616.5411,0.075549,87.414459,0.055618,4.083461e-05
3956,129630208,1547.94,83743,27.9250,163,613.2833,-0.004209,40.080063,0.055903,4.076906e-05
3957,129662976,1548.27,83747,27.9280,163,613.2922,0.001045,39.790901,0.050940,4.070352e-05
3958,129695744,1548.59,83750,27.9680,163,614.1753,-0.031264,20.705400,0.061354,4.063797e-05
3959,129728512,1548.92,83754,28.0020,163,614.9048,-0.014581,9.156030,0.054514,4.057243e-05
3960,129761280,1549.24,83758,27.8590,163,611.9022,0.069290,68.059494,0.052662,4.050688e-05
3961,129794048,1550.80,83694,27.9750,163,614.3589,-0.037937,21.763775,0.052275,4.044134e-05
3962,129826816,1551.12,83698,28.1280,163,617.5760,0.015688,28.851555,0.042952,4.037579e-05
3963,129859584,1551.45,83702,28.3660,163,622.5206,0.004472,45.304176,0.053357,4.031025e-05
3964,129892352,1551.77,83705,28.2650,163,620.3796,0.022840,48.408928,0.063743,4.024470e-05
3965,129925120,1552.10,83709,28.1920,163,618.8714,0.022284,20.806118,0.050938,4.017916e-05
3966,129957888,1552.42,83713,28.3950,163,623.1370,-0.018995,21.884956,0.054528,4.011361e-05
3967,129990656,1552.74,83716,28.5650,163,626.7318,0.054229,79.321190,0.066551,4.004807e-05
3968,130023424,1553.07,83720,28.4330,163,623.9421,0.002818,18.285172,0.059882,3.998252e-05
3969,130056192,1553.39,83723,28.4260,163,623.7465,0.017864,41.756409,0.052147,3.991698e-05
3970,130088960,1553.72,83727,28.4650,163,624.5731,0.009965,53.540215,0.060842,3.985143e-05
3971,130121728,1555.28,83664,28.5800,163,627.0199,-0.017105,14.032981,0.057634,3.978589e-05
3972,130154496,1555.61,83668,28.7570,163,630.7884,-0.023977,22.205980,0.051843,3.972034e-05
3973,130187264,1555.93,83671,28.9240,163,634.3503,-0.050135,9.522217,0.053408,3.965480e-05
3974,130220032,1556.25,83675,28.5740,163,626.9760,0.026524,51.559601,0.040318,3.958925e-05
3975,130252800,1556.57,83679,28.5620,163,626.7414,-0.032340,16.269495,0.047330,3.952371e-05
3976,130285568,1556.90,83682,28.7730,163,631.1709,-0.002749,27.125153,0.053807,3.945816e-05
3977,130318336,1557.22,83686,28.6910,163,629.3897,-0.039532,9.507226,0.048677,3.939262e-05
3978,130351104,1557.54,83690,28.7870,163,631.4085,0.002873,12.194321,0.049477,3.932707e-05
3979,130383872,1557.87,83693,28.8220,163,632.1461,0.021225,41.921989,0.043561,3.926153e-05
3980,130416640,1558.19,83697,28.6910,163,629.3408,-0.033848,41.044636,0.057197,3.919598e-05
3981,130449408,1559.75,83634,28.7310,163,630.1540,-0.015676,12.978121,0.039885,3.913043e-05
3982,130482176,1560.08,83638,28.6610,163,628.6693,0.041463,84.928055,0.043451,3.906489e-05
3983,130514944,1560.41,83641,28.6770,163,629.0552,-0.042347,33.271774,0.052385,3.899934e-05
3984,130547712,1560.73,83645,28.7860,163,631.3766,-0.047497,25.133913,0.068293,3.893380e-05
3985,130580480,1561.05,83648,28.7320,163,630.2395,0.007636,39.883202,0.051946,3.886825e-05
3986,130613248,1561.38,83652,28.8140,163,631.9489,-0.005895,33.121502,0.051766,3.880271e-05
3987,130646016,1561.70,83656,28.7650,163,630.8975,-0.013265,4.063122,0.050401,3.873716e-05
3988,130678784,1562.02,83659,28.6210,163,627.8987,-0.051213,8.793076,0.050700,3.867162e-05
3989,130711552,1562.35,83663,28.7140,163,629.8688,0.041944,28.609549,0.051937,3.860607e-05
3990,130744320,1562.67,83667,28.7580,163,630.8011,-0.032941,20.413710,0.057612,3.854053e-05
3991,130777088,1564.23,83604,28.7130,163,629.7981,0.031111,42.899605,0.043456,3.847498e-05
3992,130809856,1564.56,83608,28.7940,163,631.5093,0.052227,54.707764,0.056635,3.840944e-05
3993,130842624,1564.88,83611,28.8530,163,632.6890,-0.000680,42.754406,0.050489,3.834389e-05
3994,130875392,1565.20,83615,28.7010,163,629.4935,-0.031842,24.013281,0.049672,3.827835e-05
3995,130908160,1565.53,83619,28.8430,163,632.4405,0.043039,68.691765,0.046463,3.821280e-05
3996,130940928,1565.85,83622,28.7280,163,629.9614,0.021891,58.234100,0.055644,3.814726e-05
3997,130973696,1566.18,83626,28.5430,163,626.0296,0.012176,41.319206,0.047760,3.808171e-05
3998,131006464,1566.50,83629,28.3180,163,621.3001,0.014942,33.111938,0.057878,3.801617e-05
3999,131039232,1566.82,83633,28.2130,163,619.1276,-0.032892,23.883398,0.054032,3.795062e-05
4000,131072000,1567.15,83637,28.2260,163,619.4211,-0.010145,32.732864,0.051092,3.788508e-05
4001,131104768,1568.71,83575,28.2090,163,619.1009,-0.005928,37.288261,0.055206,3.781953e-05
4002,131137536,1569.03,83578,28.2310,163,619.5511,-0.007720,51.305233,0.047862,3.775399e-05
4003,131170304,1569.36,83582,28.3000,163,620.9953,-0.002104,14.271889,0.051035,3.768844e-05
4004,131203072,1569.68,83586,28.0700,163,616.1671,-0.044629,12.024642,0.054511,3.762290e-05
4005,131235840,1570.00,83589,28.0090,163,614.8717,-0.007448,34.617664,0.054898,3.755735e-05
4006,131268608,1570.32,83593,28.3370,163,621.7922,-0.070269,10.769349,0.057245,3.749181e-05
4007,131301376,1570.65,83597,28.2530,163,620.0136,-0.008912,49.798653,0.054939,3.742626e-05
4008,131334144,1570.97,83600,28.7920,163,631.3780,-0.038862,44.867882,0.061609,3.736072e-05
4009,131366912,1571.29,83604,28.8310,163,632.1444,0.044752,44.068829,0.053184,3.729517e-05
4010,131399680,1571.61,83608,28.7650,163,630.7955,-0.018097,21.326769,0.062523,3.722963e-05
4011,131432448,1573.18,83545,29.0370,163,636.5838,0.013698,52.012383,0.039615,3.716408e-05
4012,131465216,1573.50,83549,29.0860,163,637.5954,0.053599,57.805351,0.055976,3.709854e-05
4013,131497984,1573.83,83553,29.0000,163,635.7850,-0.021895,20.401247,0.054337,3.703299e-05
4014,131530752,1574.15,83556,28.7030,163,629.5314,-0.004940,41.602226,0.054995,3.696745e-05
4015,131563520,1574.47,83560,28.4050,163,623.2754,0.000067,35.894810,0.049652,3.690190e-05
4016,131596288,1574.80,83564,28.3140,163,621.3413,0.061612,35.933571,0.052948,3.683636e-05
4017,131629056,1575.12,83567,28.1150,163,617.2125,-0.014256,45.908398,0.054736,3.677081e-05
4018,131661824,1575.44,83571,28.3550,163,622.3103,0.019681,55.184315,0.054303,3.670527e-05
4019,131694592,1575.76,83575,28.2750,163,620.5997,0.047111,43.475670,0.052749,3.663972e-05
4020,131727360,1576.09,83578,28.1220,163,617.2892,0.070957,62.488792,0.059156,3.657418e-05
4021,131760128,1577.45,83527,27.9590,163,613.9218,-0.017842,23.254307,0.052047,3.650863e-05
4022,131792896,1577.77,83531,27.9390,163,613.5399,0.009343,47.275280,0.062166,3.644308e-05
4023,131825664,1578.09,83534,27.8110,163,610.8447,-0.066279,12.915681,0.046603,3.637754e-05
4024,131858432,1578.42,83538,27.6480,163,607.4365,0.006920,40.494766,0.047112,3.631199e-05
4025,131891200,1578.74,83542,27.5480,163,605.3230,-0.011267,17.570444,0.049104,3.624645e-05
4026,131923968,1579.06,83545,27.4690,163,603.6563,-0.024056,21.935986,0.050134,3.618090e-05
4027,131956736,1579.39,83549,27.2970,163,600.0564,-0.018054,15.353113,0.048007,3.611536e-05
4028,131989504,1579.71,83553,27.1860,163,597.7192,0.011763,24.241844,0.043612,3.604981e-05
4029,132022272,1580.03,83556,27.2420,163,598.8854,0.027123,52.488857,0.050577,3.598427e-05
4030,132055040,1580.35,83560,27.3020,163,600.1316,0.014231,39.175110,0.043112,3.591872e-05
4031,132087808,1581.92,83498,27.4370,163,602.9535,0.018191,40.211979,0.046102,3.585318e-05
4032,132120576,1582.25,83501,27.4620,163,603.4757,0.053715,71.745033,0.056013,3.578763e-05
4033,132153344,1582.57,83505,27.1350,163,596.6473,-0.001123,38.581318,0.050470,3.572209e-05
4034,132186112,1582.89,83509,27.1100,163,596.1567,-0.026837,38.559998,0.052686,3.565654e-05
4035,132218880,1583.23,83512,26.9820,163,593.4796,-0.025236,29.346626,0.053283,3.559100e-05
4036,132251648,1583.55,83515,26.7430,163,588.4449,0.015798,34.245304,0.058702,3.552545e-05
4037,132284416,1583.87,83519,26.8280,163,590.2242,0.063697,70.133308,0.052427,3.545991e-05
4038,132317184,1584.20,83523,26.7980,163,589.6300,-0.012373,31.196724,0.048828,3.539436e-05
4039,132349952,1584.52,83526,26.6020,163,585.4673,-0.004549,30.066023,0.045316,3.532882e-05
4040,132382720,1584.84,83530,26.6970,163,587.5141,0.026399,21.666887,0.064139,3.526327e-05
4041,132415488,1586.42,83467,26.6490,163,586.5275,0.009730,20.031425,0.063841,3.519773e-05
4042,132448256,1586.75,83471,26.5980,163,585.4331,0.009018,33.078918,0.058892,3.513218e-05
4043,132481024,1587.07,83475,26.5210,163,583.8559,0.069816,75.689491,0.058847,3.506664e-05
4044,132513792,1587.40,83478,26.2140,163,577.4074,-0.035199,24.115452,0.055252,3.500109e-05
4045,132546560,1587.72,83482,26.1320,163,575.6502,0.023058,52.371246,0.062941,3.493555e-05
4046,132579328,1588.04,83485,26.3010,163,579.1720,0.023867,62.807945,0.051861,3.487000e-05
4047,132612096,1588.37,83489,26.1170,163,575.2673,-0.036966,12.056106,0.060874,3.480446e-05
4048,132644864,1588.69,83493,26.1510,163,575.9673,0.030084,23.355530,0.054248,3.473891e-05
4049,132677632,1589.02,83496,26.1540,163,576.0011,-0.004633,40.078178,0.052066,3.467337e-05
4050,132710400,1589.34,83500,26.1110,163,575.0654,-0.001621,24.013128,0.055317,3.460782e-05
4051,132743168,1590.90,83438,26.3550,163,580.2529,0.012141,31.754925,0.046171,3.454228e-05
4052,132775936,1591.23,83442,26.4010,163,581.2219,-0.052322,8.041056,0.050304,3.447673e-05
4053,132808704,1591.55,83446,26.1870,163,576.7154,-0.043003,6.550275,0.052340,3.441119e-05
4054,132841472,1591.88,83449,25.8870,163,570.3781,0.041336,37.713856,0.049689,3.434564e-05
4055,132874240,1592.20,83453,25.7620,163,567.7624,-0.048738,12.039514,0.054562,3.428010e-05
4056,132907008,1592.52,83456,26.0240,163,573.2468,-0.005619,22.809788,0.041990,3.421455e-05
4057,132939776,1592.85,83460,26.2390,163,577.7834,-0.027071,25.825905,0.062049,3.414901e-05
4058,132972544,1593.17,83463,26.3670,163,580.4220,0.015071,34.413090,0.045907,3.408346e-05
4059,133005312,1593.50,83467,26.4930,163,583.0803,0.003038,41.372322,0.049934,3.401792e-05
4060,133038080,1593.82,83470,26.3660,163,580.3927,0.004635,31.382589,0.043692,3.395237e-05
4061,133070848,1595.39,83409,26.4190,163,581.4847,0.065018,31.293514,0.049957,3.388683e-05
4062,133103616,1595.71,83413,26.3420,163,579.8883,0.002022,18.651278,0.061639,3.382128e-05
4063,133136384,1596.04,83416,26.2360,163,577.6546,-0.024039,13.054640,0.056344,3.375574e-05
4064,133169152,1596.36,83420,26.3270,163,579.5178,0.030762,43.028259,0.050502,3.369019e-05
4065,133201920,1596.68,83424,26.4040,163,581.1293,-0.012660,18.931065,0.040730,3.362464e-05
4066,133234688,1597.01,83427,26.4320,163,581.7376,-0.005622,25.477419,0.047238,3.355910e-05
4067,133267456,1597.33,83431,26.4190,163,581.4610,0.014782,15.013326,0.046372,3.349355e-05
4068,133300224,1597.66,83434,26.5450,163,584.1926,0.032592,68.995605,0.058644,3.342801e-05
4069,133332992,1597.98,83438,26.4500,163,582.2537,-0.031296,8.766705,0.049739,3.336246e-05
4070,133365760,1598.31,83441,26.4390,163,581.9995,-0.031982,20.867794,0.059552,3.329692e-05
4071,133398528,1599.87,83380,26.3870,163,580.8949,0.027882,39.566574,0.053931,3.323137e-05
4072,133431296,1600.20,83384,26.5520,163,584.3943,0.021805,36.165604,0.058101,3.316583e-05
4073,133464064,1600.52,83387,26.5650,163,584.6523,0.004598,36.521057,0.053936,3.310028e-05
4074,133496832,1600.85,83391,26.6500,163,586.4187,0.010120,35.111824,0.055150,3.303474e-05
4075,133529600,1601.17,83394,26.4900,163,583.0971,0.047018,46.240135,0.058875,3.296919e-05
4076,133562368,1601.50,83398,26.8230,163,590.0747,0.006963,61.536800,0.056162,3.290365e-05
4077,133595136,1601.82,83401,26.8650,163,590.9237,-0.028875,9.726017,0.069513,3.283810e-05
4078,133627904,1602.15,83405,26.6320,163,586.0382,0.006814,25.600170,0.065809,3.277256e-05
4079,133660672,1602.47,83409,26.4310,163,581.8283,0.013100,39.142834,0.053914,3.270701e-05
4080,133693440,1602.80,83412,26.4870,163,583.0342,-0.021152,11.729757,0.048175,3.264147e-05
4081,133726208,1604.36,83351,26.5090,163,583.4919,0.040388,45.774887,0.044571,3.257592e-05
4082,133758976,1604.69,83355,26.5980,163,585.4416,-0.049986,16.653893,0.055209,3.251038e-05
4083,133791744,1605.01,83358,26.4680,163,582.7274,0.024036,39.852394,0.054670,3.244483e-05
4084,133824512,1605.34,83362,26.6190,163,585.8521,-0.010536,26.315666,0.043043,3.237929e-05
4085,133857280,1605.66,83365,26.6460,163,586.4438,-0.040954,12.263729,0.050594,3.231374e-05
4086,133890048,1605.99,83369,26.5630,163,584.7028,-0.033720,22.066566,0.042314,3.224820e-05
4087,133922816,1606.31,83372,26.7130,163,587.8621,-0.012577,20.603642,0.056803,3.218265e-05
4088,133955584,1606.64,83376,26.6300,163,586.1317,0.027768,43.131500,0.061478,3.211711e-05
4089,133988352,1606.96,83379,26.9560,163,592.9989,0.014080,52.909260,0.041748,3.205156e-05
4090,134021120,1607.29,83383,26.9930,163,593.7404,-0.011448,21.880692,0.037906,3.198602e-05
4091,134053888,1608.77,83326,26.8110,163,589.9134,-0.006577,42.915813,0.057777,3.192047e-05
4092,134086656,1609.10,83330,26.7570,163,588.7997,-0.014904,19.686157,0.040186,3.185493e-05
4093,134119424,1609.42,83333,26.8750,163,591.2883,0.031454,74.599792,0.048320,3.178938e-05
4094,134152192,1609.75,83337,26.8960,163,591.6582,-0.003642,26.871935,0.048202,3.172384e-05
4095,134184960,1610.07,83340,27.1250,163,596.4544,-0.021431,19.361080,0.041943,3.165829e-05
4096,134217728,1610.40,83344,27.4000,163,602.2230,0.025006,37.303524,0.048760,3.159275e-05
4097,134250496,1610.72,83348,27.4480,163,603.3222,0.041973,56.369865,0.058409,3.152720e-05
4098,134283264,1611.05,83351,27.7930,163,610.5902,-0.022453,24.590292,0.050867,3.146166e-05
4099,134316032,1611.37,83355,27.7800,163,610.2713,-0.029883,20.876543,0.051112,3.139611e-05
4100,134348800,1611.70,83358,27.5470,163,605.3412,0.006913,46.715469,0.045008,3.133057e-05
4101,134381568,1613.27,83297,27.5690,163,605.8057,-0.009191,23.894878,0.047988,3.126502e-05
4102,134414336,1613.59,83301,27.8660,163,612.1056,0.037694,52.558231,0.049650,3.119948e-05
4103,134447104,1613.92,83304,27.6660,163,607.8809,0.048437,47.016392,0.044549,3.113393e-05
4104,134479872,1614.24,83308,27.5670,163,605.8151,-0.047263,10.583677,0.037080,3.106839e-05
4105,134512640,1614.57,83311,27.5360,163,605.1580,0.042526,64.600594,0.046604,3.100284e-05
4106,134545408,1614.89,83315,27.3220,163,600.6753,0.010884,48.889214,0.051576,3.093730e-05
4107,134578176,1615.21,83319,27.6410,163,607.4296,-0.000151,54.928154,0.046497,3.087175e-05
4108,134610944,1615.54,83322,27.5130,163,604.7823,-0.024706,33.508247,0.055407,3.080620e-05
4109,134643712,1615.86,83326,27.4920,163,604.3489,-0.008273,23.238523,0.058254,3.074066e-05
4110,134676480,1616.19,83329,27.5300,163,605.1197,0.002753,29.346031,0.048006,3.067511e-05
4111,134709248,1617.76,83269,27.5740,163,606.0617,-0.042714,2.732674,0.054739,3.060957e-05
4112,134742016,1618.08,83272,27.5850,163,606.2876,-0.015371,13.967629,0.046721,3.054402e-05
4113,134774784,1618.41,83276,27.5960,163,606.4935,-0.030144,39.889259,0.041612,3.047848e-05
4114,134807552,1618.73,83279,27.6420,163,607.4653,-0.046819,6.753916,0.058990,3.041293e-05
4115,134840320,1619.06,83283,27.6550,163,607.7522,0.015952,47.309788,0.050857,3.034739e-05
4116,134873088,1619.38,83286,27.6310,163,607.2422,-0.033151,4.350884,0.049399,3.028184e-05
4117,134905856,1619.71,83290,27.7760,163,610.3154,0.010877,32.913696,0.055662,3.021630e-05
4118,134938624,1620.03,83293,27.7890,163,610.5999,0.034085,33.397697,0.050807,3.015075e-05
4119,134971392,1620.35,83297,27.7600,163,609.9971,-0.011928,2.242135,0.054206,3.008521e-05
4120,135004160,1620.68,83300,27.6280,163,607.2134,-0.027460,8.442142,0.057616,3.001966e-05
4121,135036928,1622.25,83240,27.5330,163,605.2176,-0.022137,29.952534,0.050227,2.995412e-05
4122,135069696,1622.58,83243,27.6370,163,607.4589,-0.011573,10.301237,0.052612,2.988857e-05
4123,135102464,1622.90,83247,27.8720,163,612.4093,-0.013032,29.306093,0.063003,2.982303e-05
4124,135135232,1623.23,83250,27.4770,163,604.1242,-0.019602,39.297394,0.057594,2.975748e-05
4125,135168000,1623.55,83254,27.5430,163,605.5276,0.007190,30.465496,0.056229,2.969194e-05
4126,135200768,1623.88,83257,27.6650,163,608.0700,-0.010714,26.432503,0.043576,2.962639e-05
4127,135233536,1624.20,83261,27.7030,163,608.8926,0.066943,38.889622,0.049545,2.956085e-05
4128,135266304,1624.53,83265,27.2470,163,599.3184,0.000623,25.969374,0.050501,2.949530e-05
4129,135299072,1624.85,83268,27.1240,163,596.7120,-0.042885,26.480812,0.043576,2.942976e-05
4130,135331840,1625.17,83272,27.3880,163,602.2750,-0.010011,18.918385,0.053355,2.936421e-05
4131,135364608,1626.75,83211,27.5320,163,605.3434,0.042569,63.415035,0.061252,2.929867e-05
4132,135397376,1627.07,83215,27.6430,163,607.6691,-0.014805,16.841375,0.053661,2.923312e-05
4133,135430144,1627.40,83218,27.7300,163,609.4682,0.045332,36.301693,0.063497,2.916758e-05
4134,135462912,1627.72,83222,27.8340,163,611.6414,-0.013370,22.976566,0.055213,2.910203e-05
4135,135495680,1628.05,83225,27.7400,163,609.6604,-0.061539,28.560205,0.052341,2.903649e-05
4136,135528448,1628.37,83229,27.6400,163,607.5994,0.028665,33.783215,0.042753,2.897094e-05
4137,135561216,1628.70,83232,27.5880,163,606.5501,-0.013544,16.037163,0.057236,2.890540e-05
4138,135593984,1629.02,83236,27.5630,163,606.0508,-0.017669,18.304531,0.053599,2.883985e-05
4139,135626752,1629.35,83239,27.5440,163,605.6327,0.051671,65.845749,0.058339,2.877431e-05
4140,135659520,1629.67,83243,27.7790,163,610.5529,-0.006305,20.029594,0.064247,2.870876e-05
4141,135692288,1631.24,83183,27.8480,163,611.9952,0.008390,27.720615,0.061091,2.864322e-05
4142,135725056,1631.57,83186,27.6800,163,608.4807,0.061967,47.485538,0.059212,2.857767e-05
4143,135757824,1631.89,83190,27.6250,163,607.2872,-0.006184,32.436462,0.045037,2.851213e-05
4144,135790592,1632.22,83194,27.7120,163,609.1118,-0.007410,35.076099,0.048719,2.844658e-05
4145,135823360,1632.54,83197,27.8550,163,612.1600,-0.014301,8.726243,0.056910,2.838104e-05
4146,135856128,1632.86,83201,27.9800,163,614.8064,0.008433,27.361233,0.049964,2.831549e-05
4147,135888896,1633.19,83204,27.8790,163,612.6578,0.010710,49.336926,0.054471,2.824995e-05
4148,135921664,1633.51,83208,28.2800,163,621.0956,-0.018196,28.047106,0.067349,2.818440e-05
4149,135954432,1633.84,83211,28.0420,163,616.1179,0.044220,53.478779,0.053131,2.811886e-05
4150,135987200,1634.16,83215,27.9940,163,615.1183,-0.001647,15.062462,0.057679,2.805331e-05
4151,136019968,1635.73,83155,27.9450,163,614.1000,-0.053164,0.932296,0.061287,2.798776e-05
4152,136052736,1636.05,83159,27.8700,163,612.5295,0.028198,39.977020,0.056761,2.792222e-05
4153,136085504,1636.37,83162,28.1530,163,618.5454,-0.047079,22.086136,0.048364,2.785667e-05
4154,136118272,1636.70,83166,28.3220,163,622.0706,-0.061427,26.369953,0.056145,2.779113e-05
4155,136151040,1637.02,83170,28.3440,163,622.5108,0.020080,44.425869,0.057459,2.772558e-05
4156,136183808,1637.34,83173,28.4750,163,625.2875,0.009502,14.614214,0.047839,2.766004e-05
4157,136216576,1637.66,83177,28.4860,163,625.5225,-0.043770,7.102305,0.049809,2.759449e-05
4158,136249344,1637.99,83181,28.3620,163,622.9214,0.008200,18.396271,0.052679,2.752895e-05
4159,136282112,1638.31,83184,28.4690,163,625.1868,-0.019754,8.764469,0.053882,2.746340e-05
4160,136314880,1638.63,83188,28.8320,163,632.8398,-0.018340,30.107830,0.043001,2.739786e-05
4161,136347648,1640.20,83128,29.0660,163,637.7559,-0.010020,28.916573,0.051319,2.733231e-05
4162,136380416,1640.53,83132,29.1050,163,638.5463,-0.012627,17.131372,0.064629,2.726677e-05
4163,136413184,1640.85,83135,29.3210,163,643.1004,-0.023433,4.931743,0.054488,2.720122e-05
4164,136445952,1641.18,83139,29.2400,163,641.3835,0.009498,7.775239,0.056547,2.713568e-05
4165,136478720,1641.50,83142,29.4610,163,646.0380,-0.045102,4.187164,0.058978,2.707013e-05
4166,136511488,1641.83,83146,29.8660,163,654.5120,-0.013756,37.193207,0.059330,2.700459e-05
4167,136544256,1642.15,83149,30.0120,163,657.5752,0.009514,15.836094,0.054205,2.693904e-05
4168,136577024,1642.47,83153,30.0220,163,657.7949,-0.011979,0.776628,0.050623,2.687350e-05
4169,136609792,1642.80,83156,30.0330,163,658.0504,0.053456,56.266216,0.044163,2.680795e-05
4170,136642560,1643.12,83160,30.1070,163,659.6724,0.038823,51.131557,0.064387,2.674241e-05
4171,136675328,1644.70,83100,30.0900,163,659.3150,-0.004869,12.926554,0.047886,2.667686e-05
4172,136708096,1645.03,83103,30.2430,163,662.5297,0.022419,41.154537,0.040269,2.661132e-05
4173,136740864,1645.35,83107,30.3720,163,665.2495,-0.001625,40.804127,0.057473,2.654577e-05
4174,136773632,1645.67,83111,30.2170,163,662.0036,-0.008868,22.733171,0.053387,2.648023e-05
4175,136806400,1646.00,83114,30.1310,163,660.2004,0.004290,62.881962,0.057921,2.641468e-05
4176,136839168,1646.32,83118,30.3110,163,664.0437,-0.031115,29.674961,0.049173,2.634914e-05
4177,136871936,1646.65,83121,30.4280,163,666.5186,-0.023383,17.865971,0.049249,2.628359e-05
4178,136904704,1646.97,83125,30.4580,163,667.1862,-0.045209,7.603706,0.066312,2.621805e-05
4179,136937472,1647.30,83128,30.2330,163,662.4591,0.008450,59.739555,0.051861,2.615250e-05
4180,136970240,1647.62,83132,30.1360,163,660.4254,0.008377,47.641399,0.056258,2.608696e-05
4181,137003008,1649.19,83072,30.1290,163,660.2999,0.013731,44.534180,0.056594,2.602141e-05
4182,137035776,1649.52,83076,29.9630,163,656.7722,-0.026378,12.378485,0.048188,2.595587e-05
4183,137068544,1649.84,83079,29.7240,163,651.7743,0.015063,25.270590,0.057530,2.589032e-05
4184,137101312,1650.17,83083,29.7880,163,653.1549,0.008570,36.125362,0.047341,2.582478e-05
4185,137134080,1650.49,83086,29.7750,163,652.8673,-0.031875,13.295313,0.065546,2.575923e-05
4186,137166848,1650.81,83090,29.7690,163,652.6951,0.006138,33.582588,0.047460,2.569369e-05
4187,137199616,1651.14,83093,29.8670,163,654.7979,0.010802,23.678375,0.054356,2.562814e-05
4188,137232384,1651.46,83097,29.8350,163,654.1302,-0.005341,26.453289,0.060070,2.556260e-05
4189,137265152,1651.79,83100,29.8410,163,654.2566,0.020045,26.072508,0.051626,2.549705e-05
4190,137297920,1652.11,83104,29.8890,163,655.2746,-0.046638,8.322057,0.047680,2.543151e-05
4191,137330688,1653.68,83045,29.8300,163,654.0100,-0.024272,16.169535,0.054823,2.536596e-05
4192,137363456,1654.01,83048,30.1250,163,660.2246,0.010286,34.515236,0.053366,2.530042e-05
4193,137396224,1654.33,83052,30.3870,163,665.7318,0.022231,38.728943,0.059696,2.523487e-05
4194,137428992,1654.66,83055,30.3440,163,664.8345,0.002875,37.207611,0.060056,2.516932e-05
4195,137461760,1654.98,83059,30.3390,163,664.7586,0.059381,31.416418,0.051438,2.510378e-05
4196,137494528,1655.31,83062,30.2870,163,663.6822,0.031914,41.611996,0.059023,2.503823e-05
4197,137527296,1655.63,83066,30.1270,163,660.3480,0.048168,41.185966,0.055976,2.497269e-05
4198,137560064,1655.95,83069,30.2860,163,663.7053,-0.021855,15.451197,0.067306,2.490714e-05
4199,137592832,1656.28,83073,30.1400,163,660.6565,-0.037398,34.829071,0.050515,2.484160e-05
4200,137625600,1656.60,83077,30.3480,163,665.0907,0.000121,30.804764,0.063487,2.477605e-05
4201,137658368,1658.17,83018,30.5580,163,669.5192,0.015135,36.899422,0.070805,2.471051e-05
4202,137691136,1658.50,83021,30.5570,163,669.4980,0.017533,30.210405,0.053617,2.464496e-05
4203,137723904,1658.82,83025,30.5430,163,669.1966,-0.063905,4.377555,0.046953,2.457942e-05
4204,137756672,1659.15,83028,30.5910,163,670.1394,0.026483,39.399971,0.059287,2.451387e-05
4205,137789440,1659.47,83032,30.7340,163,673.0895,0.005213,52.120781,0.053825,2.444833e-05
4206,137822208,1659.80,83035,30.4630,163,667.3322,0.025714,57.652481,0.057572,2.438278e-05
4207,137854976,1660.12,83039,30.4950,163,667.9827,-0.006952,16.320747,0.055810,2.431724e-05
4208,137887744,1660.45,83042,30.3640,163,665.2293,0.003481,33.072815,0.047998,2.425169e-05
4209,137920512,1660.77,83045,30.2410,163,662.6548,0.005678,26.434265,0.049502,2.418615e-05
4210,137953280,1661.10,83049,29.9180,163,655.8471,0.005893,35.899746,0.059512,2.412060e-05
4211,137986048,1662.67,82990,29.8900,163,655.2316,0.063180,48.052853,0.072823,2.405506e-05
4212,138018816,1662.99,82994,29.9250,163,656.0193,-0.003221,18.600300,0.052631,2.398951e-05
4213,138051584,1663.32,82997,29.7020,163,651.3397,0.004058,23.036690,0.052304,2.392397e-05
4214,138084352,1663.64,83001,29.7740,163,652.8870,-0.009906,34.975559,0.049290,2.385842e-05
4215,138117120,1663.97,83004,29.8820,163,655.1685,0.020694,49.369659,0.053987,2.379288e-05
4216,138149888,1664.29,83008,30.1080,163,659.9382,-0.034771,16.227459,0.047612,2.372733e-05
4217,138182656,1664.62,83011,30.0300,163,658.2933,0.022856,40.217064,0.041338,2.366179e-05
4218,138215424,1664.94,83015,29.7750,163,652.9779,0.007988,48.215263,0.056109,2.359624e-05
4219,138248192,1665.27,83018,29.5040,163,647.2520,0.004853,53.275597,0.045583,2.353070e-05
4220,138280960,1665.59,83021,29.4590,163,646.2871,0.022585,23.372887,0.049087,2.346515e-05
4221,138313728,1667.17,82963,29.4950,163,647.0300,-0.018376,19.510675,0.053510,2.339961e-05
4222,138346496,1667.49,82966,29.5520,163,648.2124,-0.010114,7.312543,0.048922,2.333406e-05
4223,138379264,1667.81,82970,29.4200,163,645.4440,-0.005723,31.013929,0.055050,2.326852e-05
4224,138412032,1668.13,82974,29.4400,163,645.8786,-0.006055,27.356735,0.044288,2.320297e-05
4225,138444800,1668.46,82977,29.3980,163,644.9906,-0.021444,3.900921,0.053563,2.313743e-05
4226,138477568,1668.78,82981,29.5710,163,648.6665,-0.038771,2.414492,0.057635,2.307188e-05
4227,138510336,1669.11,82984,29.6310,163,649.9403,0.058874,28.575670,0.060219,2.300634e-05
4228,138543104,1669.43,82988,29.6110,163,649.5234,0.043821,26.254543,0.050375,2.294079e-05
4229,138575872,1669.75,82991,29.5820,163,648.8356,0.019609,62.982819,0.056784,2.287525e-05
4230,138608640,1670.08,82995,29.7160,163,651.6669,-0.007169,28.165245,0.051974,2.280970e-05
4231,138641408,1671.65,82936,29.7410,163,652.1821,-0.019019,18.070177,0.043337,2.274416e-05
4232,138674176,1671.97,82940,29.8300,163,654.0515,-0.020543,12.278225,0.051944,2.267861e-05
4233,138706944,1672.30,82943,29.9020,163,655.5800,0.027232,75.982819,0.050828,2.261307e-05
4234,138739712,1672.62,82947,29.9300,163,656.2053,0.008718,18.352150,0.060620,2.254752e-05
4235,138772480,1672.94,82951,29.7480,163,652.3343,-0.061665,2.546699,0.054240,2.248198e-05
4236,138805248,1673.27,82954,30.0040,163,657.7539,0.009804,27.398252,0.046304,2.241643e-05
4237,138838016,1673.59,82958,30.2270,163,662.4352,0.014785,62.479145,0.058898,2.235088e-05
4238,138870784,1673.91,82961,30.2830,163,663.6055,0.032577,52.614952,0.060063,2.228534e-05
4239,138903552,1674.24,82965,30.2110,163,662.0643,0.031132,41.259712,0.060487,2.221979e-05
4240,138936320,1674.56,82968,30.5380,163,669.0215,0.017329,63.440266,0.060536,2.215425e-05
4241,138969088,1676.14,82910,30.6280,163,670.9672,-0.047704,7.590547,0.046355,2.208870e-05
4242,139001856,1676.46,82913,30.7150,163,672.7776,0.001794,32.339405,0.058877,2.202316e-05
4243,139034624,1676.79,82917,30.6330,163,671.0065,0.001384,33.273838,0.058106,2.195761e-05
4244,139067392,1677.11,82920,30.8490,163,675.5324,-0.014387,19.726839,0.051740,2.189207e-05
4245,139100160,1677.44,82924,30.9420,163,677.4839,-0.000124,36.042233,0.056560,2.182652e-05
4246,139132928,1677.76,82927,31.0500,163,679.7709,-0.028346,36.118160,0.045314,2.176098e-05
4247,139165696,1678.09,82931,30.9610,163,677.8675,0.007572,25.038116,0.053012,2.169543e-05
4248,139198464,1678.42,82934,31.0920,163,680.6365,0.026768,21.779280,0.049615,2.162989e-05
4249,139231232,1678.74,82937,30.9400,163,677.4163,-0.011048,24.536499,0.059017,2.156434e-05
4250,139264000,1679.07,82941,31.0550,163,679.8357,-0.027725,19.584606,0.048330,2.149880e-05
4251,139296768,1680.65,82882,31.0140,163,678.9811,0.033085,58.642365,0.053305,2.143325e-05
4252,139329536,1680.97,82886,31.0670,163,680.1165,-0.032591,11.833199,0.044158,2.136771e-05
4253,139362304,1681.30,82889,31.1160,163,681.1256,-0.023751,10.955520,0.057270,2.130216e-05
4254,139395072,1681.62,82893,31.2660,163,684.2465,0.020752,49.190495,0.046690,2.123662e-05
4255,139427840,1681.95,82896,31.3000,163,685.0060,0.003945,43.235584,0.046182,2.117107e-05
4256,139460608,1682.27,82900,31.0010,163,678.6824,-0.011202,18.346479,0.051367,2.110553e-05
4257,139493376,1682.60,82903,31.0490,163,679.6838,-0.013429,18.631798,0.043812,2.103998e-05
4258,139526144,1682.92,82907,30.9840,163,678.2566,-0.024816,22.641418,0.048712,2.097444e-05
4259,139558912,1683.25,82910,30.8090,163,674.5747,0.012992,23.625870,0.059379,2.090889e-05
4260,139591680,1683.57,82913,30.9660,163,677.8972,-0.024814,38.112309,0.037202,2.084335e-05
4261,139624448,1685.15,82855,30.8310,163,675.0305,0.005295,25.932055,0.049417,2.077780e-05
4262,139657216,1685.47,82859,30.9500,163,677.5460,-0.018862,17.830626,0.053207,2.071226e-05
4263,139689984,1685.80,82862,31.2210,163,683.1993,-0.027916,28.849304,0.049960,2.064671e-05
4264,139722752,1686.12,82866,31.2660,163,684.1307,-0.036230,6.239138,0.048046,2.058117e-05
4265,139755520,1686.45,82869,31.5140,163,689.3040,0.054964,66.288803,0.037540,2.051562e-05
4266,139788288,1686.77,82873,31.1920,163,682.5206,0.010168,41.845436,0.056154,2.045008e-05
4267,139821056,1687.10,82876,31.3800,163,686.4949,-0.028457,9.792562,0.059089,2.038453e-05
4268,139853824,1687.42,82880,31.4230,163,687.4011,-0.018518,44.517197,0.051993,2.031899e-05
4269,139886592,1687.75,82883,31.5480,163,690.0135,0.001716,47.790245,0.045886,2.025344e-05
4270,139919360,1688.08,82886,31.3860,163,686.5711,0.003165,30.117043,0.050173,2.018790e-05
4271,139952128,1689.68,82827,31.4670,163,688.2812,-0.032832,10.345510,0.052565,2.012235e-05
4272,139984896,1690.01,82830,31.2160,163,682.9748,0.006908,14.711684,0.048296,2.005681e-05
4273,140017664,1690.33,82834,31.1560,163,681.7008,0.014312,36.911232,0.062263,1.999126e-05
4274,140050432,1690.66,82837,31.1750,163,682.0700,0.013151,26.207361,0.056057,1.992572e-05
4275,140083200,1690.98,82841,31.1980,163,682.5506,-0.005712,17.926229,0.053430,1.986017e-05
4276,140115968,1691.31,82844,31.1010,163,680.4970,-0.006351,51.995571,0.049703,1.979463e-05
4277,140148736,1691.63,82848,31.1900,163,682.3365,0.001461,44.997410,0.058226,1.972908e-05
4278,140181504,1691.96,82851,31.2980,163,684.6330,-0.053152,5.384615,0.052112,1.966354e-05
4279,140214272,1692.28,82855,31.3140,163,684.9926,0.005390,29.069626,0.066978,1.959799e-05
4280,140247040,1692.61,82858,31.2870,163,684.3925,-0.033126,25.693995,0.048309,1.953244e-05
4281,140279808,1694.18,82800,31.3540,163,685.7435,0.006092,51.481987,0.048996,1.946690e-05
4282,140312576,1694.51,82804,31.1320,163,681.1340,-0.015371,46.215561,0.048156,1.940135e-05
4283,140345344,1694.83,82807,31.0230,163,678.8108,-0.020281,18.838629,0.050125,1.933581e-05
4284,140378112,1695.15,82811,31.0250,163,678.8686,0.007688,28.201447,0.046964,1.927026e-05
4285,140410880,1695.48,82814,30.8650,163,675.4957,0.000739,36.348595,0.055099,1.920472e-05
4286,140443648,1695.80,82818,30.6660,163,671.3142,0.026996,18.701805,0.053794,1.913917e-05
4287,140476416,1696.12,82821,30.6090,163,670.0907,0.017989,22.880764,0.048913,1.907363e-05
4288,140509184,1696.45,82825,30.4420,163,666.6107,0.051083,56.851425,0.056516,1.900808e-05
4289,140541952,1696.77,82829,30.2470,163,662.5094,-0.021838,16.599360,0.069673,1.894254e-05
4290,140574720,1697.09,82832,30.4140,163,666.0004,-0.005623,23.271450,0.051103,1.887699e-05
4291,140607488,1698.67,82775,30.2680,163,662.9107,-0.021384,30.982939,0.057067,1.881145e-05
4292,140640256,1698.99,82778,30.3380,163,664.3863,0.085484,53.586376,0.062168,1.874590e-05
4293,140673024,1699.32,82782,30.2960,163,663.4527,0.047784,56.161083,0.050678,1.868036e-05
4294,140705792,1699.64,82785,30.2220,163,661.8754,-0.014678,22.810352,0.063021,1.861481e-05
4295,140738560,1699.97,82789,30.2710,163,662.8722,-0.057220,14.865433,0.045151,1.854927e-05
4296,140771328,1700.29,82792,30.3130,163,663.7337,0.099863,84.824852,0.045462,1.848372e-05
4297,140804096,1700.61,82796,30.2610,163,662.6153,-0.020694,5.671931,0.056900,1.841818e-05
4298,140836864,1700.94,82799,30.0740,163,658.6465,-0.036587,7.216557,0.061070,1.835263e-05
4299,140869632,1701.26,82802,30.0190,163,657.4729,-0.004817,24.053320,0.055405,1.828709e-05
4300,140902400,1701.59,82806,30.1200,163,659.6053,-0.048630,13.583692,0.063580,1.822154e-05
4301,140935168,1703.15,82749,30.2150,163,661.6078,-0.020414,20.105343,0.050626,1.815600e-05
4302,140967936,1703.48,82753,30.0750,163,658.6991,-0.000925,35.727665,0.055544,1.809045e-05
4303,141000704,1703.80,82756,30.1660,163,660.6622,0.072404,73.518150,0.056425,1.802491e-05
4304,141033472,1704.12,82760,30.1330,163,659.9267,0.015316,30.108747,0.042981,1.795936e-05
4305,141066240,1704.45,82763,30.0870,163,658.9476,-0.046051,8.195654,0.046562,1.789382e-05
4306,141099008,1704.77,82767,30.2810,163,663.0305,-0.034584,21.969324,0.052847,1.782827e-05
4307,141131776,1705.09,82770,30.3010,163,663.4877,-0.004262,49.601032,0.055151,1.776273e-05
4308,141164544,1705.42,82774,30.1730,163,660.8287,0.023461,51.444016,0.047517,1.769718e-05
4309,141197312,1705.74,82777,30.1160,163,659.6277,0.021457,42.509926,0.050447,1.763164e-05
4310,141230080,1706.07,82781,30.1650,163,660.6553,-0.029497,20.581430,0.058760,1.756609e-05
4311,141262848,1707.64,82724,30.1610,163,660.5757,-0.035574,7.283407,0.054960,1.750055e-05
4312,141295616,1707.97,82727,29.8760,163,654.5633,-0.028895,33.081779,0.048567,1.743500e-05
4313,141328384,1708.29,82730,29.8190,163,653.3904,-0.024259,18.251957,0.055054,1.736946e-05
4314,141361152,1708.61,82734,29.8150,163,653.2901,-0.020564,12.906653,0.049517,1.730391e-05
4315,141393920,1708.94,82737,29.7570,163,652.0610,-0.005341,12.250134,0.058232,1.723837e-05
4316,141426688,1709.26,82741,29.7420,163,651.7268,0.000791,15.172212,0.052891,1.717282e-05
4317,141459456,1709.59,82744,30.1570,163,660.4491,-0.063004,14.809351,0.041997,1.710728e-05
4318,141492224,1709.91,82748,29.9260,163,655.6036,0.027140,70.730316,0.055180,1.704173e-05
4319,141524992,1710.24,82751,29.8210,163,653.3641,-0.050980,25.054615,0.066801,1.697619e-05
4320,141557760,1710.56,82755,29.8320,163,653.5871,0.012722,34.697701,0.051498,1.691064e-05
4321,141590528,1711.77,82715,29.6310,163,649.3152,0.033966,34.363083,0.050848,1.684510e-05
4322,141623296,1712.10,82719,29.6460,163,649.6697,-0.016195,22.931194,0.045410,1.677955e-05
4323,141656064,1712.42,82722,29.7570,163,652.0075,0.001501,27.987797,0.053030,1.671400e-05
4324,141688832,1712.75,82726,29.6780,163,650.3799,0.023556,35.239307,0.047382,1.664846e-05
4325,141721600,1713.07,82729,29.4880,163,646.3439,0.015477,21.938866,0.045894,1.658291e-05
4326,141754368,1713.40,82732,29.3410,163,643.2461,-0.004182,29.275421,0.054137,1.651737e-05
4327,141787136,1713.72,82736,29.4590,163,645.7743,-0.027389,33.353531,0.048710,1.645182e-05
4328,141819904,1714.05,82739,29.4550,163,645.7334,-0.036850,18.166344,0.053199,1.638628e-05
4329,141852672,1714.38,82743,29.5360,163,647.3797,0.013539,46.951118,0.042168,1.632073e-05
4330,141885440,1714.70,82746,29.9010,163,655.0840,0.008707,25.992489,0.046673,1.625519e-05
4331,141918208,1716.27,82690,29.9240,163,655.5578,0.009161,32.262505,0.043072,1.618964e-05
4332,141950976,1716.59,82693,29.8840,163,654.7061,-0.014939,24.890522,0.045124,1.612410e-05
4333,141983744,1716.91,82697,29.9560,163,656.2420,-0.016866,30.869499,0.040979,1.605855e-05
4334,142016512,1717.24,82700,30.0170,163,657.5490,0.005109,47.476624,0.041804,1.599301e-05
4335,142049280,1717.56,82704,29.9700,163,656.5380,-0.011360,15.873082,0.050967,1.592746e-05
4336,142082048,1717.89,82707,29.7230,163,651.3194,-0.032046,16.700806,0.039665,1.586192e-05
4337,142114816,1718.21,82710,29.6910,163,650.6385,-0.014960,35.119831,0.055788,1.579637e-05
4338,142147584,1718.54,82714,29.7820,163,652.5760,0.013291,48.382530,0.043527,1.573083e-05
4339,142180352,1718.86,82717,29.7780,163,652.5258,-0.008987,14.212223,0.055430,1.566528e-05
4340,142213120,1719.18,82721,29.7590,163,652.1430,-0.003348,19.352934,0.041104,1.559974e-05
4341,142245888,1720.75,82664,29.7890,163,652.8013,-0.011458,21.406717,0.055911,1.553419e-05
4342,142278656,1721.07,82668,29.6950,163,650.8209,0.000456,41.363243,0.049251,1.546865e-05
4343,142311424,1721.40,82671,29.6580,163,650.0949,-0.016992,29.115364,0.051833,1.540310e-05
4344,142344192,1721.72,82675,29.4740,163,646.1612,0.008672,34.180683,0.054808,1.533756e-05
4345,142376960,1722.05,82678,29.3480,163,643.5546,0.065711,64.500946,0.054244,1.527201e-05
4346,142409728,1722.37,82682,29.1990,163,640.4374,0.023553,29.711222,0.049911,1.520647e-05
4347,142442496,1722.70,82685,29.1260,163,638.9121,0.031243,48.297844,0.050821,1.514092e-05
4348,142475264,1723.02,82689,29.1410,163,639.2292,0.046107,45.725357,0.049814,1.507538e-05
4349,142508032,1723.35,82692,28.9970,163,636.1921,-0.013018,24.340513,0.059490,1.500983e-05
4350,142540800,1723.67,82696,29.0310,163,636.8959,0.001258,22.815044,0.052345,1.494429e-05
4351,142573568,1725.25,82639,29.2420,163,641.3201,-0.007481,26.731966,0.049222,1.487874e-05
4352,142606336,1725.58,82642,28.9500,163,635.1900,0.022259,51.277573,0.050591,1.481320e-05
4353,142639104,1725.90,82646,28.9200,163,634.5472,-0.047298,8.507811,0.050805,1.474765e-05
4354,142671872,1726.22,82649,29.0730,163,637.7628,-0.026863,5.184034,0.056749,1.468211e-05
4355,142704640,1726.55,82653,29.1170,163,638.6582,0.029816,35.105629,0.042690,1.461656e-05
4356,142737408,1726.87,82656,29.2000,163,640.4363,0.016109,40.808552,0.053429,1.455102e-05
4357,142770176,1727.20,82660,29.1510,163,639.3795,-0.014731,20.271561,0.045806,1.448547e-05
4358,142802944,1727.52,82663,29.1350,163,639.0686,0.003444,28.649473,0.065988,1.441993e-05
4359,142835712,1727.84,82667,29.1070,163,638.4458,-0.016835,4.786740,0.063680,1.435438e-05
4360,142868480,1728.17,82670,29.0990,163,638.2453,-0.022905,15.932186,0.057784,1.428884e-05
4361,142901248,1729.74,82614,28.9830,163,635.7934,0.006303,25.457848,0.052550,1.422329e-05
4362,142934016,1730.07,82617,28.9410,163,634.8896,-0.000888,31.716850,0.052225,1.415775e-05
4363,142966784,1730.39,82621,28.9040,163,634.1308,0.024727,48.883900,0.059339,1.409220e-05
4364,142999552,1730.72,82624,28.8710,163,633.4514,-0.034737,19.270281,0.053964,1.402666e-05
4365,143032320,1731.04,82627,28.9590,163,635.2767,0.004206,23.498619,0.065211,1.396111e-05
4366,143065088,1731.37,82631,28.9260,163,634.5899,-0.054626,9.774114,0.051820,1.389556e-05
4367,143097856,1731.69,82634,29.0800,163,637.8160,-0.003402,10.120004,0.045151,1.383002e-05
4368,143130624,1732.02,82638,29.2350,163,641.0386,-0.024956,19.755617,0.045697,1.376447e-05
4369,143163392,1732.34,82641,29.2060,163,640.4003,0.034889,31.652382,0.042007,1.369893e-05
4370,143196160,1732.68,82644,29.2370,163,641.0346,0.020439,39.914066,0.046200,1.363338e-05
4371,143228928,1734.27,82587,29.2270,163,640.8363,0.040445,49.630196,0.052391,1.356784e-05
4372,143261696,1734.59,82590,29.2920,163,642.1873,-0.008491,26.518761,0.054662,1.350229e-05
4373,143294464,1734.92,82594,29.2230,163,640.7343,0.012808,25.187634,0.051811,1.343675e-05
4374,143327232,1735.25,82597,29.2180,163,640.6154,-0.029870,10.053702,0.052002,1.337120e-05
4375,143360000,1735.57,82600,29.2480,163,641.2288,-0.011375,21.775293,0.066690,1.330566e-05
4376,143392768,1735.90,82604,29.2410,163,641.0755,0.021058,45.913685,0.058097,1.324011e-05
4377,143425536,1736.23,82607,29.3880,163,644.1718,-0.019539,20.860371,0.062401,1.317457e-05
4378,143458304,1736.55,82611,29.6400,163,649.4935,-0.001583,13.512037,0.050607,1.310902e-05
4379,143491072,1736.88,82614,29.6220,163,649.1521,-0.005138,34.415802,0.059957,1.304348e-05
4380,143523840,1737.20,82617,29.6340,163,649.4094,-0.008353,3.838458,0.054171,1.297793e-05
4381,143556608,1738.77,82561,29.6800,163,650.4869,-0.010498,24.395535,0.053654,1.291239e-05
4382,143589376,1739.10,82565,29.7260,163,651.4781,-0.007239,10.954361,0.056967,1.284684e-05
4383,143622144,1739.42,82568,29.8480,163,654.0300,0.007011,28.538940,0.065745,1.278130e-05
4384,143654912,1739.75,82572,29.7200,163,651.3143,-0.039401,1.848913,0.059792,1.271575e-05
4385,143687680,1740.08,82575,29.9030,163,655.1840,-0.015934,3.989924,0.061711,1.265021e-05
4386,143720448,1740.40,82578,30.0640,163,658.6040,0.011135,51.930336,0.043545,1.258466e-05
4387,143753216,1740.73,82582,30.0390,163,658.0549,0.056824,44.526993,0.048061,1.251912e-05
4388,143785984,1741.05,82585,30.0750,163,658.8339,-0.019559,5.889150,0.066101,1.245357e-05
4389,143818752,1741.37,82589,29.8640,163,654.4135,-0.007013,22.163095,0.058605,1.238803e-05
4390,143851520,1741.70,82592,29.8170,163,653.4059,0.049690,28.136124,0.046326,1.232248e-05
4391,143884288,1743.27,82536,29.6130,163,649.1099,0.003362,33.275497,0.044182,1.225694e-05
4392,143917056,1743.59,82540,29.7540,163,652.0719,-0.002236,19.017696,0.051526,1.219139e-05
4393,143949824,1743.92,82543,29.8550,163,654.2080,0.008419,30.658689,0.047080,1.212585e-05
4394,143982592,1744.24,82547,29.9680,163,656.6097,0.039585,35.495090,0.057108,1.206030e-05
4395,144015360,1744.57,82550,29.9130,163,655.4496,0.035797,12.940976,0.050603,1.199476e-05
4396,144048128,1744.90,82554,30.1250,163,659.9190,0.003046,37.735245,0.052750,1.192921e-05
4397,144080896,1745.22,82557,30.1560,163,660.5093,-0.005843,21.064283,0.049052,1.186367e-05
4398,144113664,1745.55,82560,30.1860,163,661.1825,-0.006148,32.434940,0.050088,1.179812e-05
4399,144146432,1745.87,82564,30.1110,163,659.5969,-0.061839,8.124619,0.055039,1.173258e-05
4400,144179200,1746.20,82567,30.3620,163,664.8450,0.039776,41.695518,0.050387,1.166703e-05
4401,144211968,1747.76,82512,30.3740,163,665.1332,-0.007405,18.100706,0.054432,1.160149e-05
4402,144244736,1748.09,82515,30.2920,163,663.4182,0.000432,17.517754,0.059080,1.153594e-05
4403,144277504,1748.41,82519,30.4180,163,666.0803,-0.003325,22.984480,0.054208,1.147040e-05
4404,144310272,1748.74,82522,30.4040,163,665.7566,-0.005309,29.538593,0.050273,1.140485e-05
4405,144343040,1749.06,82525,30.4040,163,665.8045,0.000396,29.863808,0.064575,1.133931e-05
4406,144375808,1749.39,82529,30.2680,163,662.9379,-0.029651,9.381308,0.056931,1.127376e-05
4407,144408576,1749.71,82532,30.0690,163,658.7539,0.005732,47.132832,0.048473,1.120821e-05
4408,144441344,1750.04,82536,30.5200,163,668.2760,-0.012182,39.377876,0.058104,1.114267e-05
4409,144474112,1750.37,82539,30.5420,163,668.7319,0.054046,48.120522,0.058472,1.107712e-05
4410,144506880,1750.69,82542,30.4650,163,667.1686,0.028209,24.167780,0.054213,1.101158e-05
4411,144539648,1752.26,82487,30.7420,163,673.0148,0.023000,44.438366,0.050175,1.094603e-05
4412,144572416,1752.59,82490,30.6210,163,670.3992,0.007955,35.116249,0.048059,1.088049e-05
4413,144605184,1752.91,82494,30.7360,163,672.8103,-0.016726,18.490841,0.052956,1.081494e-05
4414,144637952,1753.24,82497,30.8690,163,675.6155,0.013536,32.075764,0.053142,1.074940e-05
4415,144670720,1753.56,82501,30.9350,163,676.9879,-0.031750,5.021547,0.047601,1.068385e-05
4416,144703488,1753.89,82504,31.1920,163,682.3690,-0.054609,25.858475,0.054767,1.061831e-05
4417,144736256,1754.21,82507,31.1930,163,682.3463,0.048048,46.769989,0.054967,1.055276e-05
4418,144769024,1754.54,82511,31.2390,163,683.3220,0.021679,38.649292,0.055388,1.048722e-05
4419,144801792,1754.86,82514,31.3370,163,685.3844,0.032002,40.160591,0.053093,1.042167e-05
4420,144834560,1755.19,82518,31.4140,163,687.0173,0.017851,27.750023,0.043436,1.035613e-05
4421,144867328,1756.76,82462,31.4800,163,688.4261,-0.028032,14.520664,0.044810,1.029058e-05
4422,144900096,1757.09,82465,31.5130,163,689.1501,-0.025259,9.700725,0.056698,1.022504e-05
4423,144932864,1757.42,82469,31.6090,163,691.1672,0.003190,20.088047,0.051472,1.015949e-05
4424,144965632,1757.74,82472,31.3690,163,686.1156,-0.022947,19.383492,0.063817,1.009395e-05
4425,144998400,1758.07,82476,31.3120,163,684.9126,0.025011,20.737976,0.042946,1.002840e-05
4426,145031168,1758.39,82479,31.4750,163,688.3307,0.000703,19.623388,0.045862,9.962858e-06
4427,145063936,1758.72,82482,31.4400,163,687.6148,0.023463,40.443108,0.052647,9.897313e-06
4428,145096704,1759.04,82486,31.5860,163,690.6903,-0.043201,10.312876,0.049751,9.831768e-06
4429,145129472,1759.37,82489,31.9520,163,698.4085,-0.036240,8.174818,0.050696,9.766222e-06
4430,145162240,1759.69,82492,31.9830,163,699.0431,-0.026600,14.635946,0.055060,9.700677e-06
4431,145195008,1761.27,82437,31.9150,163,697.6315,0.053036,39.311562,0.054184,9.635132e-06
4432,145227776,1761.60,82441,31.7570,163,694.2963,-0.066435,7.708124,0.045234,9.569587e-06
4433,145260544,1761.92,82444,31.9240,163,697.8077,-0.024371,17.099966,0.051258,9.504042e-06
4434,145293312,1762.25,82447,32.2160,163,703.9695,-0.028860,18.372389,0.055384,9.438497e-06
4435,145326080,1762.57,82451,32.2160,163,703.9205,0.004060,33.277897,0.051559,9.372952e-06
4436,145358848,1762.90,82454,32.2910,163,705.4837,-0.005798,19.803288,0.044553,9.307407e-06
4437,145391616,1763.22,82457,32.3500,163,706.6851,0.007724,28.236864,0.056387,9.241861e-06
4438,145424384,1763.55,82461,32.2460,163,704.5315,-0.047944,0.952596,0.054609,9.176316e-06
4439,145457152,1763.87,82464,32.3800,163,707.3114,0.001499,26.243114,0.047092,9.110771e-06
4440,145489920,1764.20,82467,32.5160,163,710.1347,0.005111,14.204855,0.055554,9.045226e-06
4441,145522688,1765.79,82412,32.7070,163,714.1541,-0.042888,1.873396,0.049092,8.979681e-06
4442,145555456,1766.11,82415,32.6940,163,713.9038,-0.047289,0.614780,0.049119,8.914136e-06
4443,145588224,1766.44,82419,32.6890,163,713.7724,-0.025311,15.194242,0.038285,8.848591e-06
4444,145620992,1766.76,82422,32.6450,163,712.8514,-0.047762,0.722708,0.054328,8.783046e-06
4445,145653760,1767.09,82425,32.6370,163,712.6700,0.019456,25.416647,0.055322,8.717501e-06
4446,145686528,1767.41,82429,32.6040,163,711.9710,-0.047903,6.733801,0.050910,8.651955e-06
4447,145719296,1767.74,82432,32.6860,163,713.7037,-0.012908,16.944633,0.058996,8.586410e-06
4448,145752064,1768.06,82435,33.0530,163,721.4435,0.015148,33.314041,0.058037,8.520865e-06
4449,145784832,1768.39,82439,32.6780,163,713.5386,0.022517,33.171490,0.050284,8.455320e-06
4450,145817600,1768.71,82442,32.6520,163,712.9837,-0.036721,7.842566,0.058369,8.389775e-06
4451,145850368,1770.29,82387,32.6990,163,713.9731,-0.015987,12.408152,0.057217,8.324230e-06
4452,145883136,1770.61,82391,32.9370,163,718.9765,0.038366,42.456463,0.045718,8.258685e-06
4453,145915904,1770.94,82394,32.9000,163,718.1754,0.014734,26.664200,0.050827,8.193140e-06
4454,145948672,1771.27,82397,32.9130,163,718.4449,-0.039100,2.715251,0.052080,8.127594e-06
4455,145981440,1771.59,82401,32.8210,163,716.5396,0.006326,8.492991,0.055601,8.062049e-06
4456,146014208,1771.92,82404,32.8390,163,716.9219,0.002106,12.976938,0.054176,7.996504e-06
4457,146046976,1772.24,82407,33.1270,163,722.9736,-0.002159,23.721783,0.051521,7.930959e-06
4458,146079744,1772.57,82411,33.3070,163,726.7407,-0.022632,25.390572,0.059644,7.865414e-06
4459,146112512,1772.89,82414,33.5620,163,732.1597,0.021555,65.536148,0.059760,7.799869e-06
4460,146145280,1773.22,82418,33.3860,163,728.4456,0.101867,63.010735,0.061925,7.734324e-06
4461,146178048,1774.80,82363,33.4620,163,730.0578,-0.022687,26.664175,0.049918,7.668779e-06
4462,146210816,1775.12,82366,33.5200,163,731.2403,-0.024195,5.496837,0.045599,7.603234e-06
4463,146243584,1775.45,82369,33.4670,163,730.1165,-0.024388,14.275556,0.050610,7.537688e-06
4464,146276352,1775.77,82373,33.6050,163,733.0202,0.002503,25.114685,0.056894,7.472143e-06
4465,146309120,1776.10,82376,33.7190,163,735.4222,0.005513,36.658890,0.044702,7.406598e-06
4466,146341888,1776.42,82380,33.6410,163,733.7423,0.070110,92.773636,0.050178,7.341053e-06
4467,146374656,1776.75,82383,33.8350,163,737.8317,0.018055,21.752836,0.049472,7.275508e-06
4468,146407424,1777.07,82386,33.7730,163,736.5016,0.016177,33.586430,0.047615,7.209963e-06
4469,146440192,1777.40,82390,34.0000,163,741.2811,-0.035265,12.286190,0.050593,7.144418e-06
4470,146472960,1777.72,82393,33.8910,163,738.9673,0.034322,53.922253,0.050925,7.078873e-06
4471,146505728,1779.29,82339,33.7400,163,735.8058,-0.026419,28.431688,0.047858,7.013328e-06
4472,146538496,1779.61,82342,33.7400,163,735.8058,-0.019146,0.699134,0.046642,6.947782e-06
4473,146571264,1779.94,82346,33.7590,163,736.2084,0.017250,30.565107,0.051274,6.882237e-06
4474,146604032,1780.26,82349,34.3340,163,748.3667,-0.040336,15.621212,0.062980,6.816692e-06
4475,146636800,1780.59,82353,34.3230,163,748.1422,-0.024859,11.375253,0.053134,6.751147e-06
4476,146669568,1780.91,82356,34.2860,163,747.3532,-0.028879,20.331182,0.048726,6.685602e-06
4477,146702336,1781.24,82359,34.2270,163,746.0641,0.072762,51.436447,0.068286,6.620057e-06
4478,146735104,1781.56,82363,34.4920,163,751.6413,0.011215,14.443768,0.053367,6.554512e-06
4479,146767872,1781.89,82366,34.3510,163,748.7054,-0.028307,4.342949,0.051244,6.488967e-06
4480,146800640,1782.21,82370,34.3110,163,747.8845,-0.038623,15.368492,0.055729,6.423421e-06
4481,146833408,1783.78,82315,34.4670,163,751.1770,0.008137,19.412710,0.053321,6.357876e-06
4482,146866176,1784.10,82319,34.5860,163,753.6970,0.013415,21.605963,0.060344,6.292331e-06
4483,146898944,1784.43,82322,34.5700,163,753.3537,-0.009793,1.663938,0.049136,6.226786e-06
4484,146931712,1784.87,82320,34.4430,163,750.6960,0.037244,42.169170,0.060029,6.161241e-06
4485,146964480,1785.19,82324,34.3220,163,748.1221,0.018588,29.812716,0.061604,6.095696e-06
4486,146997248,1785.51,82327,34.4010,163,749.8049,-0.046343,1.266436,0.055033,6.030151e-06
4487,147030016,1785.84,82331,34.4140,163,750.0536,0.045537,40.739239,0.058425,5.964606e-06
4488,147062784,1786.16,82334,34.4440,163,750.6846,0.003819,17.264681,0.060185,5.899061e-06
4489,147095552,1786.49,82337,34.7730,163,757.6054,0.068542,65.587997,0.050894,5.833515e-06
4490,147128320,1786.81,82341,35.0290,163,762.9819,0.008821,48.508339,0.046708,5.767970e-06
4491,147161088,1788.38,82287,35.4230,163,771.3017,-0.011155,23.602413,0.054222,5.702425e-06
4492,147193856,1788.71,82290,35.4750,163,772.4190,0.017756,37.454315,0.063441,5.636880e-06
4493,147226624,1789.03,82294,35.7820,163,778.8745,-0.001833,31.106699,0.068875,5.571335e-06
4494,147259392,1789.36,82297,36.0740,163,785.0126,-0.001713,25.929590,0.072369,5.505790e-06
4495,147292160,1789.68,82300,36.1680,163,787.0001,0.012542,49.341389,0.055888,5.440245e-06
4496,147324928,1790.00,82304,36.2240,163,788.1810,0.016544,13.857223,0.044315,5.374700e-06
4497,147357696,1790.33,82307,36.3600,163,791.0196,-0.005475,23.891146,0.058860,5.309154e-06
4498,147390464,1790.65,82310,36.5490,163,795.0584,-0.008767,26.504902,0.058693,5.243609e-06
4499,147423232,1790.98,82314,36.8480,163,801.3066,0.020528,37.921661,0.059039,5.178064e-06
4500,147456000,1791.30,82317,36.8350,163,801.0417,-0.013539,28.096424,0.059666,5.112519e-06
4501,147488768,1792.86,82264,36.5450,163,794.9229,-0.001512,38.469128,0.050513,5.046974e-06
4502,147521536,1793.19,82267,36.7070,163,798.3306,-0.003312,15.760621,0.062660,4.981429e-06
4503,147554304,1793.51,82271,36.6680,163,797.5379,0.029817,30.229645,0.052823,4.915884e-06
4504,147587072,1793.84,82274,36.7010,163,798.2224,-0.006219,35.302097,0.059303,4.850339e-06
4505,147619840,1794.16,82277,36.7870,163,800.0481,-0.040778,12.506999,0.051351,4.784794e-06
4506,147652608,1794.48,82281,36.7320,163,798.9421,-0.004857,27.561396,0.054769,4.719248e-06
4507,147685376,1794.81,82284,36.5830,163,795.8191,0.007856,27.524797,0.056864,4.653703e-06
4508,147718144,1795.13,82288,36.7920,163,800.2367,-0.018362,24.462889,0.043720,4.588158e-06
4509,147750912,1795.46,82291,36.5240,163,794.6004,0.019696,52.330570,0.064476,4.522613e-06
4510,147783680,1795.78,82294,36.5900,163,795.9951,0.040150,35.107609,0.056895,4.457068e-06
4511,147816448,1797.35,82241,36.6100,163,796.3926,-0.001586,20.881203,0.057422,4.391523e-06
4512,147849216,1797.67,82244,36.5880,163,795.9227,-0.011349,11.767941,0.060972,4.325978e-06
4513,147881984,1798.00,82248,36.3670,163,791.2657,0.018902,24.849167,0.054974,4.260433e-06
4514,147914752,1798.32,82251,36.2650,163,789.0966,0.031714,39.931000,0.051652,4.194887e-06
4515,147947520,1798.64,82255,36.1540,163,786.8037,-0.016593,26.638023,0.054260,4.129342e-06
4516,147980288,1798.96,82258,36.2130,163,788.0609,0.036749,42.518196,0.048402,4.063797e-06
4517,148013056,1799.29,82261,36.1530,163,786.8289,-0.002718,19.892685,0.052829,3.998252e-06
4518,148045824,1799.66,82263,36.1720,163,787.2301,0.027848,34.559330,0.057272,3.932707e-06
4519,148078592,1799.99,82266,36.2660,163,789.1824,-0.020920,21.988480,0.063068,3.867162e-06
4520,148111360,1800.31,82269,36.2350,163,788.5324,0.006277,27.858973,0.062290,3.801617e-06
4521,148144128,1801.88,82216,36.3820,163,791.6814,-0.000593,19.964581,0.058723,3.736072e-06
4522,148176896,1802.20,82219,36.1520,163,786.8513,0.074373,50.411430,0.051900,3.670527e-06
4523,148209664,1802.53,82223,36.3850,163,791.7380,-0.019393,8.599537,0.048565,3.604981e-06
4524,148242432,1802.85,82226,36.2090,163,788.0358,-0.050642,7.369213,0.046662,3.539436e-06
4525,148275200,1803.17,82230,36.0040,163,783.7096,0.049932,73.244812,0.054094,3.473891e-06
4526,148307968,1803.50,82233,35.9600,163,782.7799,-0.010578,8.276387,0.061050,3.408346e-06
4527,148340736,1803.82,82236,36.2560,163,788.9881,-0.023182,12.417670,0.039574,3.342801e-06
4528,148373504,1804.14,82240,36.2420,163,788.6976,0.000071,7.391528,0.060626,3.277256e-06
4529,148406272,1804.47,82243,36.2430,163,788.7136,-0.023489,3.525595,0.054377,3.211711e-06
4530,148439040,1804.79,82247,36.3090,163,790.1161,-0.022071,19.999647,0.047377,3.146166e-06
4531,148471808,1806.35,82194,36.1710,163,787.2352,0.017764,20.783213,0.058290,3.080620e-06
4532,148504576,1806.68,82197,36.0600,163,784.8786,-0.019437,14.101974,0.051214,3.015075e-06
4533,148537344,1807.00,82200,36.0630,163,784.9244,-0.055972,1.751875,0.063539,2.949530e-06
4534,148570112,1807.33,82204,36.1650,163,787.0974,-0.031840,13.936699,0.052915,2.883985e-06
4535,148602880,1807.65,82207,36.2880,163,789.6595,0.012279,39.096783,0.055923,2.818440e-06
4536,148635648,1807.98,82211,36.3250,163,790.4420,-0.006290,10.818828,0.053104,2.752895e-06
4537,148668416,1808.30,82214,36.3990,163,792.0194,-0.031342,16.818447,0.053741,2.687350e-06
4538,148701184,1808.62,82217,36.3700,163,791.4163,-0.005166,3.154896,0.055982,2.621805e-06
4539,148733952,1808.95,82221,36.3840,163,791.7177,-0.038137,3.234156,0.051808,2.556260e-06
4540,148766720,1809.27,82224,36.5350,163,794.8737,0.000335,21.702906,0.039011,2.490714e-06
4541,148799488,1810.84,82171,36.5040,163,794.2347,0.037897,15.811593,0.052562,2.425169e-06
4542,148832256,1811.17,82174,36.6640,163,797.5954,-0.001293,18.168806,0.051963,2.359624e-06
4543,148865024,1811.49,82178,36.4300,163,792.6311,0.008759,33.290253,0.061719,2.294079e-06
4544,148897792,1811.82,82181,36.2940,163,789.7610,0.019296,25.282936,0.053930,2.228534e-06
4545,148930560,1812.14,82184,36.4450,163,792.9480,0.006653,16.849842,0.062422,2.162989e-06
4546,148963328,1812.46,82188,36.2100,163,788.0565,0.036056,49.316494,0.060589,2.097444e-06
4547,148996096,1812.79,82191,36.2580,163,789.0724,0.003363,20.907005,0.063514,2.031899e-06
4548,149028864,1813.11,82195,36.2440,163,788.7838,-0.021217,3.654872,0.056070,1.966354e-06
4549,149061632,1813.43,82198,36.1720,163,787.2838,-0.007871,7.492057,0.058459,1.900808e-06
4550,149094400,1813.76,82201,36.1890,163,787.6399,0.002614,14.488026,0.056468,1.835263e-06
4551,149127168,1815.33,82148,36.1120,163,786.0214,0.008603,12.385518,0.053305,1.769718e-06
4552,149159936,1815.65,82152,36.1920,163,787.7288,0.066751,28.996437,0.059965,1.704173e-06
4553,149192704,1815.98,82155,36.3030,163,790.0676,-0.016923,15.616106,0.056395,1.638628e-06
4554,149225472,1816.30,82158,36.3030,163,790.0676,-0.003818,0.573919,0.059552,1.573083e-06
4555,149258240,1816.63,82162,36.5540,163,795.3421,-0.044636,10.594644,0.059354,1.507538e-06
4556,149291008,1816.95,82165,36.7980,163,800.5213,0.028475,20.703842,0.056049,1.441993e-06
4557,149323776,1817.28,82168,36.7550,163,799.6106,-0.026318,0.270349,0.050769,1.376447e-06
4558,149356544,1817.60,82172,36.8450,163,801.4938,0.007909,19.051239,0.052993,1.310902e-06
4559,149389312,1817.93,82175,37.3290,163,811.6854,0.008760,43.603966,0.053560,1.245357e-06
4560,149422080,1818.25,82178,37.3100,163,811.2835,0.021121,11.466223,0.064006,1.179812e-06
4561,149454848,1819.83,82125,37.4090,163,813.4095,0.006653,32.672348,0.059698,1.114267e-06
4562,149487616,1820.15,82129,37.6050,163,817.5427,0.024821,29.943853,0.058096,1.048722e-06
4563,149520384,1820.48,82132,37.6740,163,818.9921,0.034373,17.848255,0.057634,9.831768e-07
4564,149553152,1820.80,82136,37.6590,163,818.6917,-0.012635,15.312095,0.058635,9.176316e-07
4565,149585920,1821.12,82139,37.5770,163,816.9024,0.009754,32.812454,0.056972,8.520865e-07
4566,149618688,1821.45,82142,37.7680,163,820.9420,0.012881,37.914047,0.057311,7.865414e-07
4567,149651456,1821.77,82146,37.8580,163,822.8233,-0.055257,1.852598,0.059970,7.209963e-07
4568,149684224,1822.09,82149,37.6740,163,818.9515,0.046498,48.390640,0.049036,6.554512e-07
4569,149716992,1822.42,82152,37.4750,163,814.7702,0.012240,34.418316,0.060441,5.899061e-07
4570,149749760,1822.74,82156,37.9550,163,824.9171,-0.013810,24.027470,0.056001,5.243609e-07
4571,149782528,1824.31,82103,38.0820,163,827.5853,-0.012969,31.408478,0.057974,4.588158e-07
4572,149815296,1824.64,82106,38.3770,163,833.8025,0.056490,51.380127,0.059154,3.932707e-07
4573,149848064,1824.96,82110,38.3760,163,833.8024,0.037803,17.916336,0.068704,3.277256e-07
4574,149880832,1825.29,82113,38.3140,163,832.5295,-0.036210,12.249935,0.052286,2.621805e-07
4575,149913600,1825.61,82117,38.2870,163,831.9154,0.030567,60.688385,0.064954,1.966354e-07
4576,149946368,1825.93,82120,38.1570,163,829.1222,0.006355,22.008707,0.061100,1.310902e-07
4577,149979136,1826.26,82123,38.2850,163,831.8359,0.010779,40.185516,0.061490,6.554512e-08
